seed,horizon,complete,official_score,survival_time,horizon_reached,final_population,peak_population,minimum_population,mean_population,births,deaths,predator_related_deaths,fruit_score_contribution,mean_energy,median_energy,official_reward,training_reward,environment_ticks,decision_steps,episode_wall_time
18,300.0,1,30.81120000000017,30.700000000000166,0,0,10,0,5.194805194805195,5,10,,,35.47842758104913,32.67648775613331,30.81120000000017,25.81120000000017,307,62,3.4530000000013388
20,300.0,1,30.831800000000168,30.700000000000166,0,0,10,0,4.9935064935064934,5,10,,,36.03311296293843,32.94842272091631,30.831800000000168,25.831800000000168,307,62,3.5780000000013388
17,300.0,1,36.71480000000025,36.50000000000025,0,0,10,0,4.912568306010929,6,11,,,38.43268509087813,34.67983710663765,36.71480000000025,31.714800000000253,365,73,6.796999999998661
22,300.0,1,41.57100000000032,41.30000000000032,0,0,10,0,4.654589371980676,5,10,,,37.681184444594386,35.149643967082916,41.57100000000032,36.57100000000032,413,83,10.093999999997322
26,300.0,1,24.789600000000085,24.70000000000008,0,0,10,0,6.508064516129032,5,10,,,36.056784599696066,32.017151125876964,24.789600000000085,19.789600000000085,247,50,7.984000000000378
23,300.0,1,20.38120000000002,20.30000000000002,0,0,10,0,7.480392156862745,5,10,,,34.9223245353355,33.15331691896131,20.38120000000002,15.381200000000021,203,41,7.577999999997701
24,300.0,1,32.13200000000019,31.900000000000183,0,0,10,0,5.940625,6,11,,,37.01551965885428,35.5925855409515,32.13200000000019,27.13200000000019,319,64,14.09400000000096
21,300.0,1,207.05419999999265,205.29999999999262,0,0,10,0,2.289678675754625,18,23,,,44.948149480695264,42.688647052539594,207.05419999999265,202.05419999999265,2053,411,74.01499999999942
29,300.0,1,197.41139999999325,192.49999999999335,0,0,13,0,4.810488058151609,42,47,,,47.3193437605452,45.245682066941534,197.41139999999325,192.41139999999325,1925,385,71.88999999999942
28,300.0,1,219.3787999999924,211.59999999999226,0,0,15,0,6.43221539914974,56,61,,,48.57901656835915,46.19084854448165,219.3787999999924,214.3787999999924,2116,424,82.35900000000038
19,300.0,1,296.81223616695024,299.9999999999997,1,1,34,1,7.052315894701766,118,122,,,48.936971936031114,46.557085988636935,296.81223616695024,301.81223616695024,3000,600,117.60900000000038
32,300.0,1,273.7675629555607,259.0999999999904,0,0,35,0,9.506172839506172,122,127,,,45.50522901061195,42.24583006809749,273.7675629555607,268.7675629555607,2591,519,111.13999999999942
30,300.0,1,317.6822708615364,299.9999999999997,1,7,50,1,15.293568810396534,208,206,,,47.65815942577459,46.26072425414452,317.6822708615364,322.6822708615364,3000,600,136.28099999999904
27,300.0,1,174.9909697534872,168.09999999999474,0,0,57,0,14.158739595719382,107,112,,,48.189382943831134,47.25897458804038,174.9909697534872,169.9909697534872,1681,337,91.35900000000038
36,300.0,1,42.32720000000034,42.00000000000033,0,0,10,0,4.985748218527316,5,10,,,42.44569560472416,40.204746395522534,42.32720000000034,37.32720000000034,420,84,19.704000000001543
33,300.0,1,76.38439999999994,75.49999999999999,0,0,10,0,3.882275132275132,11,16,,,45.9199869359116,43.917274129716546,76.38439999999994,71.38439999999994,755,151,33.75
38,300.0,1,150.18979999999593,147.4999999999959,0,0,12,0,4.224932249322493,21,26,,,43.77039459014862,41.53222888812947,150.18979999999593,145.18979999999593,1475,295,81.53099999999904
34,300.0,1,233.40197621897568,234.49999999999096,0,0,13,0,7.110400682011935,88,93,,,49.86308960793799,49.19411490261669,233.40197621897568,228.40197621897568,2345,469,125.78099999999904
42,300.0,1,86.14279999999938,85.39999999999942,0,0,10,0,3.504093567251462,7,12,,,40.26979401225565,38.88985201009884,86.14279999999938,81.14279999999938,854,171,42.5
25,300.0,1,198.49339999999307,196.39999999999313,0,0,10,0,2.789821882951654,22,27,,,46.24913337717757,44.87848838202939,198.49339999999307,193.49339999999307,1964,393,111.5
44,300.0,1,40.934800000000315,40.60000000000031,0,0,11,0,5.341523341523342,7,12,,,37.73634678553611,32.37890664991198,40.934800000000315,35.934800000000315,406,82,21.92199999999866
31,300.0,1,27.747400000000127,27.50000000000012,0,0,11,0,6.829710144927536,7,12,,,37.98419954935957,35.00274687407267,27.747400000000127,22.747400000000127,275,55,10.734000000000378
35,300.0,1,336.52460683167567,299.9999999999997,1,27,67,5,27.98267244251916,383,361,,,47.37598250992645,46.0346554320572,336.52460683167567,341.52460683167567,3000,600,164.75
41,300.0,1,24.990000000000087,24.900000000000084,0,0,10,0,5.628,5,10,,,35.96576442168343,31.02842645533387,24.990000000000087,19.990000000000087,249,50,4.296999999998661
50,300.0,1,71.78760000000021,71.20000000000023,0,0,10,0,3.523141654978962,6,11,,,43.55319433363445,43.275456559495,71.78760000000021,66.78760000000021,712,143,28.85900000000038
39,300.0,1,135.0706606306268,136.29999999999654,0,0,13,0,4.867302052785924,31,36,,,46.86853510274482,45.166230053790265,135.0706606306268,130.0706606306268,1363,273,66.71900000000096
48,300.0,1,98.00253455812641,97.29999999999875,0,0,10,0,3.0410677618069815,8,13,,,44.725185452733854,43.669763865375685,98.00253455812641,93.00253455812641,973,195,47.67199999999866
47,300.0,1,28.967400000000143,28.80000000000014,0,0,11,0,5.885813148788928,6,11,,,38.72697203634756,33.753759893617165,28.967400000000143,23.967400000000143,288,58,17.764999999999418
54,300.0,1,22.968200000000056,22.900000000000055,0,0,10,0,7.017391304347826,5,10,,,32.855466886018434,30.56651278303094,22.968200000000056,17.968200000000056,229,46,11.937999999998283
45,300.0,1,27.542600000000125,27.50000000000012,0,0,10,0,5.583333333333333,5,10,,,34.4419020248677,32.03704260209193,27.542600000000125,22.542600000000125,275,55,19.25
56,300.0,1,59.67520000000057,59.400000000000574,0,0,9,0,3.4134453781512604,4,9,,,43.18747703948987,42.83060504786705,59.67520000000057,54.67520000000057,594,119,36.34400000000096
53,300.0,1,47.200000000000394,47.0000000000004,0,0,10,0,3.643312101910828,5,10,,,36.805351358503465,33.454634026819754,47.200000000000394,42.200000000000394,470,94,26.985000000000582
62,300.0,1,29.638200000000154,29.400000000000148,0,0,11,0,6.3694915254237285,6,11,,,37.780672114463364,34.87411158137803,29.638200000000154,24.638200000000154,294,59,13.343000000000757
51,300.0,1,63.10220000000063,62.60000000000062,0,0,10,0,3.7719298245614037,6,11,,,44.41811915890316,42.35867469964322,63.10220000000063,58.10220000000063,626,126,32.25
57,300.0,1,51.98820000000047,51.40000000000046,0,0,10,0,4.8699029126213595,8,13,,,43.13163781282702,41.378426038051494,51.98820000000047,46.98820000000047,514,103,20.906000000002678
40,300.0,1,266.5491578947076,263.7999999999915,0,0,25,0,9.776430466085639,133,138,,,48.54767887483706,47.7466546204633,266.5491578947076,261.5491578947076,2638,528,138.79699999999866
63,300.0,1,69.10960000000034,68.70000000000037,0,0,10,0,3.2281976744186047,8,13,,,38.83418539587992,36.60709713681959,69.10960000000034,64.10960000000034,687,138,30.09400000000096
37,300.0,1,328.89800000000685,299.9999999999997,1,26,37,3,20.22259246917694,225,204,,,47.874874970059,47.464813960880846,328.89800000000685,333.89800000000685,3000,600,153.04699999999866
69,300.0,1,71.16180000000024,70.50000000000027,0,0,10,0,3.6288951841359776,7,12,,,46.41766468597873,44.168342695983526,71.16180000000024,66.16180000000024,705,141,27.23400000000038
60,300.0,1,320.58140178446484,299.9999999999997,1,6,32,2,11.607130956347884,158,157,,,49.9203746961992,48.66763929802135,320.58140178446484,325.58140178446484,3000,600,140.95300000000134
68,300.0,1,261.1251447455626,250.99999999999002,0,0,27,0,10.22978892871366,125,130,,,49.14536133280417,47.479045967361365,261.1251447455626,256.1251447455626,2510,502,113.75
66,300.0,1,30.82520000000017,30.600000000000165,0,0,10,0,6.045602605863192,5,10,,,39.42370332296167,37.846021014276324,30.82520000000017,25.82520000000017,306,62,10.937999999998283
59,300.0,1,323.19932004526015,299.9999999999997,1,27,59,3,16.319560146617793,234,212,,,48.35959612195082,47.712332999701204,323.19932004526015,328.19932004526015,3000,600,136.28200000000288
74,300.0,1,40.2796000000003,40.1000000000003,0,0,10,0,4.402985074626866,5,10,,,39.89509713134861,39.6218373645336,40.2796000000003,35.2796000000003,401,81,15.765999999999622
72,300.0,1,21.122400000000034,21.10000000000003,0,0,10,0,6.65566037735849,5,10,,,35.73038395581872,31.8502925652279,21.122400000000034,16.122400000000034,211,43,11.68800000000192
65,300.0,1,25.062800000000088,25.000000000000085,0,0,10,0,5.900398406374502,5,10,,,36.370778362750094,34.52544229459793,25.062800000000088,20.062800000000088,250,50,11.531999999999243
78,300.0,1,37.92640000000027,37.700000000000266,0,0,10,0,4.5132275132275135,7,12,,,37.57389934617199,34.876213609319336,37.92640000000027,32.92640000000027,377,76,7.937999999998283
80,300.0,1,71.06840000000024,70.70000000000026,0,0,10,0,2.940677966101695,5,10,,,38.701606594253995,36.19142029734132,71.06840000000024,66.06840000000024,707,142,19.735000000000582
46,300.0,1,313.21848258466986,299.9999999999997,1,6,30,1,10.95234921692769,132,131,,,48.026503525847545,45.16863439404554,313.21848258466986,318.21848258466986,3000,600,119.84400000000096
52,300.0,1,18.35879999999999,18.29999999999999,0,0,10,0,7.684782608695652,5,10,,,34.54245487492947,31.68180080841443,18.35879999999999,13.358799999999992,183,37,2.5930000000007567
86,300.0,1,70.78500000000025,70.10000000000029,0,0,10,0,4.028490028490029,6,11,,,42.13580747703356,39.90651846889592,70.78500000000025,65.78500000000025,701,141,15.235000000000582
75,300.0,1,243.64399999999074,239.0999999999907,0,0,20,0,4.081939799331104,41,46,,,45.93524833178451,46.35526419436639,243.64399999999074,238.64399999999074,2391,479,82.32800000000134
43,300.0,1,308.94476965780353,299.9999999999997,1,9,27,1,7.318227257580807,108,104,,,47.313303451089844,46.401262225595744,308.94476965780353,313.94476965780353,3000,600,103.92199999999866
92,300.0,1,35.74180000000023,35.600000000000236,0,0,10,0,4.092436974789916,5,10,,,36.08331120409018,33.30686674510392,35.74180000000023,30.741800000000232,356,72,10.21900000000096
49,300.0,1,28.867600000000145,28.700000000000138,0,0,10,0,5.697916666666667,5,10,,,39.488523163945295,35.95710416728136,28.867600000000145,23.867600000000145,287,58,9.875
98,300.0,1,40.43180000000031,40.0000000000003,0,0,10,0,5.13715710723192,7,12,,,40.191216374523876,36.94391130783315,40.43180000000031,35.43180000000031,400,80,11.375
104,300.0,1,38.11160000000027,37.90000000000027,0,0,10,0,4.644736842105263,5,10,,,38.871485095854,35.88464559048092,38.11160000000027,33.11160000000027,379,76,5.438000000001921
84,300.0,1,243.11279450290496,240.19999999999064,0,0,19,0,5.572617561381606,73,78,,,49.271568929417406,48.54143912964211,243.11279450290496,238.11279450290496,2402,481,65.73400000000038
110,300.0,1,39.48980000000029,39.20000000000029,0,0,10,0,4.748091603053435,5,10,,,39.55983769658659,38.229126107537915,39.48980000000029,34.48980000000029,392,79,12.25
71,300.0,1,308.141488037396,299.9999999999997,1,8,14,1,5.137620793068977,75,72,,,48.145998474110485,46.22835838566657,308.141488037396,313.141488037396,3000,600,91.88999999999942
77,300.0,1,32.9522000000002,32.800000000000196,0,0,10,0,4.954407294832826,5,10,,,41.53364618847734,37.261659999566035,32.9522000000002,27.952200000000197,328,66,13.687999999998283
58,300.0,1,305.45787394427185,299.9999999999997,1,21,21,1,7.906031322892369,125,109,,,52.29752621862531,52.20690319192113,305.45787394427185,310.45787394427185,3000,600,119.5
81,300.0,1,300.08853776569856,295.0999999999986,0,0,17,0,4.107384823848238,53,58,,,45.08676275116619,43.26740155685656,300.08853776569856,295.08853776569856,2951,591,123.46900000000096
87,300.0,1,28.350400000000135,28.20000000000013,0,0,10,0,5.862190812720848,5,10,,,36.049907527912566,33.88971535589714,28.350400000000135,23.350400000000135,282,57,12.045999999998457
55,300.0,1,332.5626000000081,299.9999999999997,1,5,48,3,18.661446184605133,245,245,,,47.46294790732011,46.151689458530896,332.5626000000081,337.5626000000081,3000,600,133.06199999999808
93,300.0,1,28.329200000000135,28.20000000000013,0,0,10,0,5.6113074204946995,5,10,,,36.55568745685661,35.43401409293425,28.329200000000135,23.329200000000135,282,57,14.25
90,300.0,1,323.6484252202052,299.9999999999997,1,21,53,1,15.28323892035988,218,202,,,48.41077143297893,46.84911782282617,323.6484252202052,328.6484252202052,3000,600,147.76599999999962
116,300.0,1,326.061045175546,299.9999999999997,1,19,44,3,18.955014995001665,304,290,,,48.3494628697493,47.5390583007683,326.061045175546,331.061045175546,3000,600,148.82800000000134
96,300.0,1,25.722200000000097,25.500000000000092,0,0,11,0,6.89453125,6,11,,,39.43098592920858,36.53350266643702,25.722200000000097,20.722200000000097,255,51,11.125
83,300.0,1,304.1984312027327,299.9999999999997,1,8,10,1,3.497500833055648,59,56,,,46.71055009076371,44.2961951622207,304.1984312027327,309.1984312027327,3000,600,132.96900000000096
64,300.0,1,307.81242139345153,299.9999999999997,1,22,39,2,9.738087304231923,178,161,,,46.81404511120661,43.20336363524468,307.81242139345153,312.81242139345153,3000,600,137.21800000000076
61,300.0,1,318.49231981248016,299.9999999999997,1,12,42,3,13.6647784071976,206,199,,,49.13258394337062,48.241074176940245,318.49231981248016,323.49231981248016,3000,600,136.06200000000172
99,300.0,1,282.61365543542,295.9999999999988,0,0,16,0,6.100303951367781,94,99,,,50.28629261890569,49.92671509168252,282.61365543542,277.61365543542,2960,592,134.84400000000096
67,300.0,1,43.45640000000034,43.10000000000034,0,0,10,0,4.810185185185185,6,11,,,37.047378121792065,33.98678625068169,43.45640000000034,38.45640000000034,431,87,19.125
122,300.0,1,333.3429114294344,299.9999999999997,1,19,57,2,19.623125624791736,277,263,,,49.05158628092789,48.31107787700153,333.3429114294344,338.3429114294344,3000,600,142.73400000000038
102,300.0,1,309.9901326711705,299.9999999999997,1,3,32,1,7.930023325558147,126,128,,,48.898517577436074,48.659137628143895,309.9901326711705,314.9901326711705,3000,600,147.0779999999977
108,300.0,1,34.22100000000022,34.00000000000021,0,0,11,0,5.363636363636363,6,11,,,39.878017759494604,39.03954634624551,34.22100000000022,29.221000000000217,340,68,11.140999999999622
89,300.0,1,292.76860865983076,299.9999999999997,1,15,51,2,18.674441852715763,282,272,,,51.09654127827332,50.64896147658724,292.76860865983076,297.76860865983076,3000,600,157.23400000000038
95,300.0,1,56.44340000000053,56.000000000000526,0,0,10,0,3.8253119429590017,6,11,,,38.93409232959078,37.54589092992873,56.44340000000053,51.44340000000053,560,112,14.545999999998457
70,300.0,1,317.6853877311324,299.9999999999997,1,14,43,2,12.661779406864378,189,180,,,48.91526431849178,46.70629243914948,317.6853877311324,322.6853877311324,3000,600,140.0
73,300.0,1,182.7957999999942,176.89999999999424,0,0,18,0,6.424293785310734,50,55,,,46.10738678432456,45.73920189234096,182.7957999999942,177.7957999999942,1769,354,81.35900000000038
105,300.0,1,318.8985301394709,299.9999999999997,1,21,48,1,17.523825391536153,220,204,,,48.865512573431836,48.69691582468362,318.8985301394709,323.8985301394709,3000,600,146.76499999999942
114,300.0,1,216.13610703496173,223.1999999999916,0,0,36,0,10.866099417823555,138,143,,,50.87679134129791,50.539803659022425,216.13610703496173,211.13610703496173,2232,447,108.53200000000288
128,300.0,1,311.43088691238853,299.9999999999997,1,6,47,2,9.016661112962346,131,130,,,46.26908221762466,43.38754386163183,311.43088691238853,316.43088691238853,3000,600,152.0470000000023
134,300.0,1,45.637800000000375,45.00000000000037,0,0,10,0,5.580931263858093,7,12,,,45.063141834529844,42.665375500942716,45.637800000000375,40.637800000000375,450,90,14.2970000000023
76,300.0,1,259.8687988947084,243.59999999999044,0,0,43,0,13.363972096840378,140,145,,,48.695448210649786,46.74485401022409,259.8687988947084,254.8687988947084,2436,488,130.26499999999942
101,300.0,1,313.470141416128,299.9999999999997,1,13,67,4,14.760079973342219,217,209,,,49.19242696160925,48.356564135962,313.470141416128,318.470141416128,3000,600,163.14099999999962
79,300.0,1,322.4520048314604,299.9999999999997,1,16,47,2,17.586137954015328,221,210,,,48.754474442447915,48.26032400088635,322.4520048314604,327.4520048314604,3000,600,163.5
111,300.0,1,259.50814111846205,248.0999999999902,0,0,55,0,16.930701047542303,215,220,,,47.82064365782449,46.24988752148485,259.50814111846205,254.50814111846205,2481,497,133.81299999999828
107,300.0,1,40.2772000000003,40.0000000000003,0,0,10,0,4.5735660847880295,5,10,,,38.445671831964596,37.56608255586845,40.2772000000003,35.2772000000003,400,80,26.264999999999418
82,300.0,1,185.89691659097755,179.2999999999941,0,0,23,0,7.099219620958752,59,64,,,46.069699546801395,43.541594120846,185.89691659097755,180.89691659097755,1793,359,89.5
120,300.0,1,338.06791574497544,299.9999999999997,1,13,52,5,21.35888037320893,315,307,,,47.654588503528515,46.16373407637693,338.06791574497544,343.06791574497544,3000,600,152.31200000000172
88,300.0,1,31.811600000000187,31.60000000000018,0,0,10,0,5.378548895899054,5,10,,,38.794867738214386,38.19240151059164,31.811600000000187,26.811600000000187,316,64,14.81199999999808
140,300.0,1,307.8329682337406,299.9999999999997,1,11,56,3,15.624125291569477,240,234,,,50.21081465494364,48.89090421285563,307.8329682337406,312.8329682337406,3000,600,150.34400000000096
113,300.0,1,248.49811231137272,245.29999999999035,0,0,18,0,4.969437652811736,74,79,,,49.60097944630393,48.29575081085233,248.49811231137272,243.49811231137272,2453,491,113.20400000000154
85,300.0,1,325.0049046695332,299.9999999999997,1,11,34,1,13.941352882372543,214,208,,,48.31709618670722,48.273846642747614,325.0049046695332,330.0049046695332,3000,600,147.5
117,300.0,1,310.2615931847691,299.9999999999997,1,1,53,1,16.633122292569144,250,254,,,49.20116795886849,48.306669720145365,310.2615931847691,315.2615931847691,3000,600,146.92199999999866
126,300.0,1,316.7786711118333,299.9999999999997,1,9,60,5,19.606131289570143,265,261,,,49.529575406665,48.45932102785689,316.7786711118333,321.7786711118333,3000,600,166.96799999999712
94,300.0,1,322.9772812500333,299.9999999999997,1,12,64,2,17.647117627457515,239,232,,,48.10982990528954,46.87255087370964,322.9772812500333,327.9772812500333,3000,600,166.9529999999977
119,300.0,1,202.7963999999938,186.89999999999367,0,0,46,0,15.549732620320855,129,134,,,48.13915005857916,46.80604931879115,202.7963999999938,197.7963999999938,1869,374,109.65599999999904
132,300.0,1,37.386400000000265,37.20000000000026,0,0,10,0,4.632707774798928,5,10,,,38.55540013607476,36.23999998211213,37.386400000000265,32.386400000000265,372,75,22.329000000001543
146,300.0,1,323.9153601217438,299.9999999999997,1,16,43,3,19.823058980339887,279,268,,,49.73093184763156,48.84932789325299,323.9153601217438,328.9153601217438,3000,600,172.21900000000096
91,300.0,1,303.77134250242915,294.5999999999985,0,0,36,0,13.62538174414659,167,172,,,48.121736948566365,46.79651161310717,303.77134250242915,298.77134250242915,2946,590,162.95300000000134
123,300.0,1,317.46317725896114,299.9999999999997,1,31,58,5,24.84005331556148,376,350,,,50.8464028619976,50.33668740097029,317.46317725896114,322.46317725896114,3000,600,167.375
129,300.0,1,59.25417438264084,59.30000000000057,0,0,11,0,3.9057239057239057,6,11,,,41.571557467866995,38.565523480761165,59.25417438264084,54.25417438264084,593,119,22.860000000000582
100,300.0,1,282.43207992934043,274.4999999999939,0,0,23,0,10.993080844865258,126,131,,,47.45879059501383,46.262272811185476,282.43207992934043,277.43207992934043,2745,549,134.9529999999977
125,300.0,1,320.27590789576743,299.9999999999997,1,2,51,1,14.18160613128957,195,198,,,47.399263248285806,46.48043810719695,320.27590789576743,325.27590789576743,3000,600,141.10900000000038
138,300.0,1,319.40836340998976,299.9999999999997,1,9,26,5,13.293235588137287,192,188,,,48.05986272962524,45.99683719650758,319.40836340998976,324.40836340998976,3000,600,141.53099999999904
106,300.0,1,64.51920000000061,63.90000000000064,0,0,10,0,4.1921875,6,11,,,40.69827615211733,39.11041308312899,64.51920000000061,59.51920000000061,639,128,29.68800000000192
152,300.0,1,301.88309890660986,299.9999999999997,1,13,34,2,9.372542485838053,145,137,,,48.96019569224209,49.45751442531812,301.88309890660986,306.88309890660986,3000,600,144.625
97,300.0,1,319.1707289895912,299.9999999999997,1,23,50,5,18.070976341219595,251,233,,,49.428771647124584,49.4749743703856,319.1707289895912,324.1707289895912,3000,600,142.59299999999712
135,300.0,1,317.5707712611192,299.9999999999997,1,14,50,2,12.767077640786404,150,141,,,46.55908146975013,44.29003387032611,317.5707712611192,322.5707712611192,3000,600,136.06300000000192
141,300.0,1,37.489800000000265,37.20000000000026,0,0,10,0,5.651474530831099,5,10,,,39.653514611399004,39.51631436816764,37.489800000000265,32.489800000000265,372,75,11.28099999999904
131,300.0,1,315.52674669789445,299.9999999999997,1,6,28,4,11.929023658780407,125,124,,,49.391320804747885,49.22102449885382,315.52674669789445,320.52674669789445,3000,600,135.43800000000192
158,300.0,1,261.4749418526111,254.7999999999898,0,0,23,0,8.563358179678305,85,90,,,49.44054443435826,48.906006165293135,261.4749418526111,256.4749418526111,2548,510,108.4529999999977
144,300.0,1,326.58583169765166,299.9999999999997,1,13,68,5,19.237587470843053,274,266,,,46.944817883056444,44.70197670689832,326.58583169765166,331.58583169765166,3000,600,130.25
112,300.0,1,315.98583333267567,299.9999999999997,1,12,36,4,17.164611796067977,259,252,,,49.31428841848747,48.900145568370284,315.98583333267567,320.98583333267567,3000,600,129.57800000000134
103,300.0,1,211.49298198604487,212.19999999999223,0,0,23,0,6.992463495054168,62,67,,,46.95430767145266,45.34549110829425,211.49298198604487,206.49298198604487,2122,425,90.96800000000076
137,300.0,1,50.50140000000045,50.10000000000044,0,0,10,0,4.535856573705179,5,10,,,38.587719810597676,35.038327263626094,50.50140000000045,45.50140000000045,501,101,26.45300000000134
164,300.0,1,84.46399999999947,83.69999999999952,0,0,10,0,3.047732696897375,9,14,,,43.32862429668217,41.43101299037103,84.46399999999947,79.46399999999947,837,168,34.48400000000038
143,300.0,1,60.99940000000059,60.50000000000059,0,0,10,0,3.623762376237624,6,11,,,46.18911733605408,43.88869452587009,60.99940000000059,55.99940000000059,605,121,16.93699999999808
150,300.0,1,109.75059999999804,108.7999999999981,0,0,10,0,3.011937557392103,10,15,,,46.39098306802088,43.57601636425634,109.75059999999804,104.75059999999804,1088,218,49.59400000000096
109,300.0,1,201.38419999999323,196.49999999999312,0,0,12,0,3.9572736520854526,43,48,,,41.21998812978218,39.801315247793184,201.38419999999323,196.38419999999323,1965,393,81.81200000000172
147,300.0,1,315.85141815597837,299.9999999999997,1,10,47,3,17.691436187937356,248,243,,,47.17868999444611,46.821613470327506,315.85141815597837,320.85141815597837,3000,600,132.39100000000326
153,300.0,1,29.068600000000146,28.90000000000014,0,0,10,0,5.941379310344828,5,10,,,35.852798453191255,32.79691771188607,29.068600000000146,24.068600000000146,289,58,13.454000000001543
118,300.0,1,315.27975879856,299.9999999999997,1,13,44,2,13.261246251249583,177,169,,,48.00595208407865,47.48865144719069,315.27975879856,320.27975879856,3000,600,132.20300000000134
115,300.0,1,114.89967893901704,113.09999999999785,0,0,11,0,4.859540636042403,22,27,,,47.42502074732933,47.31893971312547,114.89967893901704,109.89967893901704,1131,227,48.85900000000038
121,300.0,1,41.426200000000314,41.100000000000314,0,0,10,0,4.961165048543689,5,10,,,35.731096885844686,34.448455116264185,41.426200000000314,36.426200000000314,411,83,8.71900000000096
170,300.0,1,321.0871571668887,299.9999999999997,1,11,42,3,16.230923025658115,226,220,,,46.1816381096082,44.39168750832285,321.0871571668887,326.0871571668887,3000,600,128.78099999999904
149,300.0,1,320.17351867885134,299.9999999999997,1,2,37,1,16.61412862379207,217,220,,,48.11987932586583,47.48737842442672,320.17351867885134,325.17351867885134,3000,600,129.7029999999977
156,300.0,1,316.2279875920527,299.9999999999997,1,10,35,4,14.153615461512828,206,201,,,47.68963966590958,47.71845065479567,316.2279875920527,321.2279875920527,3000,600,123.70300000000134
162,300.0,1,42.85760000000034,42.40000000000033,0,0,11,0,4.990588235294117,8,13,,,39.470669270221826,36.7996213660731,42.85760000000034,37.85760000000034,424,85,12.71900000000096
159,300.0,1,239.87729785796475,236.19999999999087,0,0,24,0,7.9733389758781215,88,93,,,46.60601727778394,45.70187761660072,239.87729785796475,234.87729785796475,2362,473,105.20300000000134
124,300.0,1,311.81221264685854,299.9999999999997,1,12,25,1,11.48217260913029,163,156,,,47.307821523483135,46.397948749398296,311.81221264685854,316.81221264685854,3000,600,134.9529999999977
127,300.0,1,327.4054846255421,299.9999999999997,1,22,33,3,15.92002665778074,240,223,,,48.11789199915927,47.24262125960472,327.4054846255421,332.4054846255421,3000,600,143.64099999999962
176,300.0,1,317.8857206912934,299.9999999999997,1,30,64,2,17.609463512162613,265,240,,,47.553949657130254,47.643922525194284,317.8857206912934,322.8857206912934,3000,600,144.03100000000268
155,300.0,1,320.27554811419634,299.9999999999997,1,10,57,1,15.943018993668778,230,225,,,46.66018461727522,44.69185738175343,320.27554811419634,325.27554811419634,3000,600,145.53099999999904
182,300.0,1,26.897600000000114,26.70000000000011,0,0,11,0,6.425373134328358,6,11,,,35.65526841908939,31.52834906945672,26.897600000000114,21.897600000000114,267,54,16.860000000000582
133,300.0,1,40.1354000000003,39.800000000000296,0,0,11,0,5.30827067669173,6,11,,,37.932935548338136,35.31830864187103,40.1354000000003,35.1354000000003,398,80,27.125
168,300.0,1,277.9777999999952,269.5999999999928,0,0,30,0,5.959955506117908,72,77,,,45.26347640153972,42.28733557022582,277.9777999999952,272.9777999999952,2696,540,144.70300000000134
161,300.0,1,47.180400000000404,46.60000000000039,0,0,11,0,5.597430406852248,7,12,,,44.86962612375263,44.85357699457356,47.180400000000404,42.180400000000404,466,94,25.98400000000038
139,300.0,1,30.00920000000016,29.800000000000153,0,0,11,0,5.391304347826087,6,11,,,40.81122029373367,38.39102357540808,30.00920000000016,25.00920000000016,298,60,13.437000000001717
145,300.0,1,33.980600000000216,33.70000000000021,0,0,10,0,5.77810650887574,6,11,,,35.210715350522726,33.881569582976674,33.980600000000216,28.980600000000216,337,68,10.625
165,300.0,1,310.5753702503012,299.9999999999997,1,10,52,3,17.151616127957347,282,277,,,47.779684184633886,47.24099013195422,310.5753702503012,315.5753702503012,3000,600,145.375
171,300.0,1,31.54420000000018,31.400000000000176,0,0,10,0,5.93968253968254,5,10,,,36.31057669298012,33.76218815094217,31.54420000000018,26.54420000000018,314,63,17.75
177,300.0,1,30.74540000000017,30.500000000000163,0,0,11,0,6.117647058823529,7,12,,,34.68914798555739,33.16599258335417,30.74540000000017,25.74540000000017,305,61,16.89099999999962
130,300.0,1,321.905568556916,299.9999999999997,1,18,62,2,16.050649783405532,241,228,,,45.24249858511943,42.9956770902883,321.905568556916,326.905568556916,3000,600,164.35900000000038
188,300.0,1,313.06008193167247,299.9999999999997,1,18,54,1,15.146617794068645,157,144,,,46.65779661218262,46.5309425304364,313.06008193167247,318.06008193167247,3000,600,169.70300000000134
174,300.0,1,323.60760035043324,299.9999999999997,1,20,46,3,18.24225258247251,250,235,,,47.42382513239252,46.22612795556471,323.60760035043324,328.60760035043324,3000,600,170.18699999999808
167,300.0,1,311.2445435905712,299.9999999999997,1,4,67,4,20.107297567477506,289,290,,,47.38944105015821,46.33146452901902,311.2445435905712,316.2445435905712,3000,600,171.10900000000038
194,300.0,1,48.11860000000041,47.80000000000041,0,0,10,0,4.152400835073069,5,10,,,39.27578148264396,38.03059593935975,48.11860000000041,43.11860000000041,478,96,25.28099999999904
151,300.0,1,319.64246097019355,299.9999999999997,1,14,51,1,14.064645118293901,210,201,,,47.08863559997075,47.211331348221165,319.64246097019355,324.64246097019355,3000,600,175.25
183,300.0,1,315.6664497414832,299.9999999999997,1,13,54,2,19.070643118960348,265,257,,,48.06197930926317,47.1766840606248,315.6664497414832,320.6664497414832,3000,600,174.68699999999808
136,300.0,1,325.7227275507261,299.9999999999997,1,3,44,3,16.96301232922359,237,239,,,47.75197079672321,47.05963270992926,325.7227275507261,330.7227275507261,3000,600,171.68800000000192
173,300.0,1,245.38415116154812,240.6999999999906,0,0,41,0,13.909053156146179,153,158,,,47.92964694021998,46.14666778853397,245.38415116154812,240.38415116154812,2407,482,133.5
180,300.0,1,325.9654000000057,299.9999999999997,1,12,34,3,16.46084638453849,201,194,,,48.134922351752174,48.16069267028911,325.9654000000057,330.9654000000057,3000,600,178.65599999999904
200,300.0,1,332.55170824793436,299.9999999999997,1,15,58,2,19.599466844385205,277,267,,,47.63224793383853,46.82633897988886,332.55170824793436,337.55170824793436,3000,600,183.53099999999904
157,300.0,1,328.37207861542225,299.9999999999997,1,40,57,1,21.45418193935355,308,273,,,47.877380200064316,46.8032077664559,328.37207861542225,333.37207861542225,3000,600,190.56200000000172
206,300.0,1,76.17063840742998,76.29999999999994,0,0,10,0,3.5837696335078535,8,13,,,41.290478390951534,40.52012980139933,76.17063840742998,71.17063840742998,763,153,47.70300000000134
189,300.0,1,330.6894194589099,299.9999999999997,1,15,47,5,20.599133622125958,293,283,,,47.61107150502366,47.35547027706449,330.6894194589099,335.6894194589099,3000,600,192.4529999999977
142,300.0,1,320.2778076653631,299.9999999999997,1,18,66,2,21.605798067310896,288,275,,,48.128085430132145,47.91713204834494,320.2778076653631,325.2778076653631,3000,600,193.01600000000326
179,300.0,1,337.19009191601305,299.9999999999997,1,30,48,5,25.285238253915363,317,292,,,49.24589085856105,49.498778849095814,337.19009191601305,342.19009191601305,3000,600,192.0
186,300.0,1,324.56853372076625,299.9999999999997,1,31,52,3,21.168943685438187,326,300,,,48.2162336274251,47.70065112474721,324.56853372076625,329.56853372076625,3000,600,185.18800000000192
195,300.0,1,179.6969999999944,173.8999999999944,0,0,21,0,6.989655172413793,56,61,,,43.04388115581481,41.334284461918145,179.6969999999944,174.6969999999944,1739,348,97.46800000000076
163,300.0,1,312.70608781539744,297.1999999999991,0,0,33,0,11.749747729566096,144,149,,,48.1707165560411,47.646984706934234,312.70608781539744,307.70608781539744,2972,595,171.60899999999674
201,900.0,1,34.730000000000224,34.200000000000216,0,0,11,0,7.177842565597667,8,13,,,36.894689699306866,36.132954818739066,34.730000000000224,29.730000000000224,342,69,18.35900000000038
212,300.0,1,316.0771674805584,299.9999999999997,1,6,31,2,14.108630456514495,197,196,,,46.2245536397817,46.010812139234545,316.0771674805584,321.0771674805584,3000,600,161.57900000000154
148,300.0,1,304.97643635167935,299.9999999999997,1,8,55,1,13.657447517494168,205,202,,,48.35591841362549,47.35548333384392,304.97643635167935,309.97643635167935,3000,600,140.46899999999732
185,300.0,1,310.6463298468107,299.9999999999997,1,4,38,2,10.55781406197934,143,144,,,47.09815078142225,46.61911917478129,310.6463298468107,315.6463298468107,3000,600,131.15599999999904
207,900.0,1,235.5419848499609,234.59999999999096,0,0,30,0,13.087345547507457,152,157,,,48.718630640632,46.653085634028365,235.5419848499609,230.5419848499609,2346,470,89.93799999999828
192,900.0,1,352.29363239881775,339.0000000000086,0,0,27,0,8.36626363904453,120,125,,,46.49450599845335,45.109743246307985,352.29363239881775,347.29363239881775,3390,678,141.86000000000058
198,900.0,1,29.498800000000152,29.400000000000148,0,0,10,0,5.627118644067797,5,10,,,35.864405580407166,33.40756488780879,29.498800000000152,24.498800000000152,294,59,11.328000000001339
154,900.0,1,221.5678206252557,233.799999999991,0,0,45,0,12.306968790081232,142,147,,,49.0112786371458,48.52831010431031,221.5678206252557,216.5678206252557,2338,468,104.28099999999904
160,900.0,1,25.095200000000087,24.900000000000084,0,0,11,0,7.204,6,11,,,37.16520323361785,35.5144183529664,25.095200000000087,20.095200000000087,249,50,8.96900000000096
169,900.0,1,644.3358695048277,623.1000000000731,0,0,23,0,8.771983311938383,221,226,,,48.999249553902814,48.786382310679684,644.3358695048277,639.3358695048277,6231,1247,249.59400000000096
166,900.0,1,313.1794326021571,298.6999999999994,0,0,32,0,10.270749665327978,128,133,,,45.01655772302258,44.10087744125431,313.1794326021571,308.1794326021571,2987,598,114.96799999999712
191,900.0,1,560.5075983656664,547.3000000000559,0,0,47,0,10.921994884910486,361,366,,,49.36204110594523,48.526534437926244,560.5075983656664,555.5075983656664,5473,1095,225.64099999999962
213,900.0,1,518.837116687384,519.4000000000495,0,0,35,0,11.769778633301252,296,301,,,47.93681378084091,47.183489828399786,518.837116687384,513.837116687384,5194,1039,208.56200000000172
204,900.0,1,468.143234722725,458.10000000003566,0,0,27,0,9.534046268005238,209,214,,,46.593020642889456,46.698310744095394,468.143234722725,463.143234722725,4581,917,180.06300000000192
172,900.0,1,94.76019999999889,93.59999999999896,0,0,10,0,3.784418356456777,10,15,,,46.26192954040231,45.95217652913258,94.76019999999889,89.76019999999889,936,188,33.81200000000172
218,900.0,1,742.1826714008145,731.1000000000977,0,0,32,0,11.414797592997811,333,338,,,47.647346500541765,46.94900577227826,742.1826714008145,737.1826714008145,7311,1463,297.79699999999866
210,900.0,1,22.854600000000058,22.800000000000054,0,0,10,0,6.580786026200873,5,10,,,36.17315859695928,33.234121739740104,22.854600000000058,17.854600000000058,228,46,10.43800000000192
175,900.0,1,303.0712159104638,300.19999999999976,0,0,30,0,9.307692307692308,152,157,,,48.753528807475405,47.3355438304851,303.0712159104638,298.0712159104638,3002,601,126.92199999999866
197,900.0,1,287.91513675050425,272.6999999999935,0,0,33,0,14.35007331378299,168,173,,,47.468491042418,47.01738896305645,287.91513675050425,282.91513675050425,2727,546,118.10900000000038
181,900.0,1,138.42399999999648,136.29999999999654,0,0,10,0,4.117302052785924,19,24,,,44.66497386936984,44.12154698427271,138.42399999999648,133.42399999999648,1363,273,55.57800000000134
203,900.0,1,39.9456000000003,39.60000000000029,0,0,10,0,5.01007556675063,5,10,,,44.964821641892954,43.76068961132835,39.9456000000003,34.9456000000003,396,80,17.31300000000192
219,900.0,1,334.7559796300132,326.10000000000565,0,0,36,0,9.684242795830778,136,141,,,47.91933988700344,46.991221503348,334.7559796300132,329.7559796300132,3261,653,145.28099999999904
225,900.0,1,132.41459500929943,131.9999999999968,0,0,17,0,5.063588190764572,32,37,,,48.03305794502458,43.288270576250426,132.41459500929943,127.41459500929943,1320,264,48.93799999999828
231,900.0,1,21.48500000000004,21.300000000000033,0,0,10,0,8.042056074766355,5,10,,,36.70591364994274,34.995651072112445,21.48500000000004,16.48500000000004,213,43,6.328000000001339
187,900.0,1,189.20122025784912,187.19999999999365,0,0,19,0,5.558996262680192,54,59,,,46.11587777797154,43.639490008002326,189.20122025784912,184.20122025784912,1872,375,78.2029999999977
216,900.0,1,486.1092874684172,452.70000000003444,0,0,55,0,18.154151943462896,341,346,,,47.82500033508099,47.07927266556421,486.1092874684172,481.1092874684172,4527,906,195.11000000000058
224,900.0,1,518.2692848542397,509.2000000000473,0,0,46,0,10.924995091301787,281,286,,,48.9158442045721,48.330015298671576,518.2692848542397,513.2692848542397,5092,1019,212.9220000000023
237,900.0,1,61.2426000000006,60.50000000000059,0,0,10,0,4.361386138613861,8,13,,,47.37069455356597,47.78186474004687,61.2426000000006,56.2426000000006,605,121,20.78099999999904
222,900.0,1,223.31406196195232,230.2999999999912,0,0,23,0,7.259982638888889,98,103,,,47.75431148664782,46.566360569347516,223.31406196195232,218.31406196195232,2303,461,88.0779999999977
178,900.0,1,718.1849956187924,705.6000000000919,0,0,55,0,17.1907326059232,580,585,,,48.314615674963015,47.71345030767577,718.1849956187924,713.1849956187924,7056,1412,298.9070000000029
193,900.0,1,323.7507166296047,304.0000000000006,0,0,28,0,12.126603091088457,148,153,,,47.53247457996789,46.53863395714832,323.7507166296047,318.7507166296047,3040,608,116.88999999999942
209,900.0,1,529.8090539148053,511.70000000004785,0,0,38,0,11.275107463853068,290,295,,,48.14197631714611,46.939814809247736,529.8090539148053,524.8090539148053,5117,1024,208.375
215,900.0,1,22.26980000000005,22.200000000000045,0,0,10,0,6.910313901345291,5,10,,,34.11593336314238,32.31581933577439,22.26980000000005,17.26980000000005,222,45,11.06300000000192
221,900.0,1,44.67080000000036,44.10000000000036,0,0,10,0,5.547511312217194,7,12,,,38.46930259853162,37.021533726823236,44.67080000000036,39.67080000000036,441,89,16.85900000000038
243,900.0,1,335.8337693377473,366.7000000000149,0,0,76,0,14.270992366412214,308,313,,,50.84317342750289,49.50487726266274,335.8337693377473,330.8337693377473,3667,734,161.23500000000058
249,900.0,1,30.46400000000017,30.400000000000162,0,0,10,0,5.304918032786885,5,10,,,35.29344174159599,32.736737495791765,30.46400000000017,25.46400000000017,304,61,10.2970000000023
230,900.0,1,459.25727930930765,448.40000000003346,0,0,25,0,10.323745819397994,197,202,,,46.60369695717405,44.822353898244415,459.25727930930765,454.25727930930765,4484,897,199.34300000000076
184,900.0,1,333.3266666894077,323.200000000005,0,0,47,0,18.025363439529848,255,260,,,49.02463329455713,49.55206767933257,333.3266666894077,328.3266666894077,3232,647,142.5
228,900.0,1,346.2074462938617,340.20000000000886,0,0,41,0,17.62092271525125,279,284,,,50.52849455620429,51.6397378671669,346.2074462938617,341.2074462938617,3402,681,157.9529999999977
199,900.0,1,657.8064439482707,629.2000000000745,0,0,50,0,11.696805974892738,349,354,,,49.29391658571366,48.77587066888029,657.8064439482707,652.8064439482707,6292,1259,307.96900000000096
255,900.0,1,507.7508534533468,493.1000000000436,0,0,38,0,12.908759124087592,286,291,,,47.913808869798984,46.551669050957926,507.7508534533468,502.7508534533468,4931,987,236.42199999999866
234,900.0,1,527.6607064436986,518.0000000000492,0,0,45,0,11.727272727272727,266,271,,,48.11661420846898,47.43559753458519,527.6607064436986,522.6607064436986,5180,1036,244.96900000000096
227,900.0,1,712.0660839544483,701.800000000091,0,0,41,0,12.891437526713206,381,386,,,49.7990327199753,50.77562193364571,712.0660839544483,707.0660839544483,7018,1404,336.2340000000004
190,900.0,1,594.5502417540037,571.1000000000613,0,0,68,0,14.55094537815126,439,444,,,48.40018420483519,46.60832426229874,594.5502417540037,589.5502417540037,5711,1143,275.1100000000006
196,900.0,1,31.516800000000185,31.200000000000173,0,0,10,0,6.348242811501597,6,11,,,41.0837683218076,40.02138419850746,31.516800000000185,26.516800000000185,312,63,10.718999999997322
236,900.0,1,705.8523591208914,694.2000000000893,0,0,75,0,17.882183494166785,569,574,,,48.71575022220921,48.28661784624828,705.8523591208914,700.8523591208914,6942,1389,326.3119999999981
261,900.0,1,433.6570738463472,428.700000000029,0,0,52,0,16.71338619402985,397,402,,,49.578393788013784,47.50867115660291,433.6570738463472,428.6570738463472,4287,858,1082.375
205,900.0,1,507.4155206945706,481.500000000041,0,0,42,0,11.712624584717608,220,225,,,49.905957182668985,49.945719512127084,507.4155206945706,502.4155206945706,4815,963,1101.875
240,900.0,1,389.6013533193458,386.5000000000194,0,0,26,0,10.18753233316089,207,212,,,50.283653282077196,49.18780063058108,389.6013533193458,384.6013533193458,3865,773,1055.0159999999996
267,900.0,1,181.41516806527778,174.49999999999437,0,0,24,0,10.789805269186713,92,97,,,46.73037489120972,45.01773071244604,181.41516806527778,176.41516806527778,1745,349,68.61000000000058
202,900.0,1,484.94819359767337,455.200000000035,0,0,47,0,17.298264880298703,345,350,,,47.75618185692728,45.3945232885056,484.94819359767337,479.94819359767337,4552,911,1090.5780000000013
242,900.0,1,465.6210843129944,453.5000000000346,0,0,27,0,10.731481481481481,188,193,,,47.899559711324166,46.864575546411714,465.6210843129944,460.6210843129944,4535,907,1090.844000000001
273,900.0,1,250.21548459690098,246.89999999999026,0,0,32,0,14.290283400809717,143,148,,,49.4969677906063,48.977209072516466,250.21548459690098,245.21548459690098,2469,494,122.01499999999942
233,900.0,1,803.2126242067932,786.9000000001104,0,0,36,0,12.696060991105464,463,468,,,48.719919010165704,48.030134944575565,803.2126242067932,798.2126242067932,7869,1574,1248.5930000000008
239,900.0,1,44.33060000000036,44.000000000000355,0,0,10,0,4.217687074829932,6,11,,,44.15829668540983,42.24992798530562,44.33060000000036,39.33060000000036,440,88,20.39099999999962
248,900.0,1,472.6335712562785,459.1000000000359,0,0,41,0,11.783754355400697,218,223,,,47.48613379934583,46.17447163192968,472.6335712562785,467.6335712562785,4591,919,202.0779999999977
246,900.0,1,705.1297720998714,660.8000000000817,0,0,54,0,15.841882281737025,480,485,,,48.15063456847909,46.759234114808635,705.1297720998714,700.1297720998714,6608,1322,299.84400000000096
211,900.0,1,828.1433799258353,806.2000000001148,0,0,37,0,14.573979908222746,598,603,,,50.31007129336594,49.52187992804748,828.1433799258353,823.1433799258353,8062,1613,363.28099999999904
279,900.0,1,435.8225531810255,433.6000000000301,0,0,45,0,14.309661056029514,291,296,,,51.148901096227256,49.77023379562136,435.8225531810255,430.8225531810255,4336,868,186.81200000000172
245,900.0,1,403.3230701440526,408.40000000002436,0,0,37,0,13.095960832313342,262,267,,,51.477779417705136,49.88925318102115,403.3230701440526,398.3230701440526,4084,817,180.60900000000038
208,900.0,1,834.6106230416647,809.9000000001156,0,0,38,0,11.344691358024692,470,475,,,50.516428597979434,49.503138469456005,834.6106230416647,829.6106230416647,8099,1620,379.67199999999866
251,900.0,1,249.70550239856948,229.89999999999122,0,0,47,0,20.39086956521739,233,238,,,48.99028194179001,47.283643918457656,249.70550239856948,244.70550239856948,2299,460,105.40699999999924
285,900.0,1,356.05932095770174,342.7000000000094,0,0,49,0,13.881563593932322,220,225,,,48.7630174790348,47.98925648762043,356.05932095770174,351.05932095770174,3427,686,167.85900000000038
254,900.0,1,486.1433677876913,485.70000000004194,0,0,53,0,14.809386578839028,348,353,,,51.61949763623071,49.7667934227226,486.1433677876913,481.1433677876913,4857,972,237.7970000000023
252,900.0,1,773.4047500583682,759.8000000001042,0,0,57,0,11.501513357020661,434,439,,,50.428083428669304,48.25861009920112,773.4047500583682,768.4047500583682,7598,1520,353.2970000000023
291,900.0,1,446.64485229762374,445.30000000003275,0,0,47,0,18.03053435114504,378,383,,,51.556667966943145,48.86902388279609,446.64485229762374,441.64485229762374,4453,891,191.07800000000134
257,900.0,1,506.75758158586905,506.7000000000467,0,0,43,0,14.122533543804263,328,333,,,53.192729348778435,52.093712259064134,506.75758158586905,501.75758158586905,5067,1014,221.96900000000096
260,900.0,1,494.9665150492787,484.2000000000416,0,0,44,0,9.014453850918851,206,211,,,47.211828002366666,42.4887420775815,494.9665150492787,489.9665150492787,4842,969,208.93700000000172
217,900.0,1,913.0379241548682,900.0000000001361,1,4,45,1,13.816020442173091,564,565,,,52.066319971363605,50.81059738558928,913.0379241548682,918.0379241548682,9000,1800,414.2029999999977
214,900.0,1,747.2452123227499,735.3000000000986,0,0,55,0,14.452270872994289,523,528,,,50.82855019931006,49.68355794641615,747.2452123227499,742.2452123227499,7353,1471,326.5470000000023
263,900.0,1,151.02674989845917,148.39999999999586,0,0,13,0,4.976430976430977,29,34,,,47.09245365144593,44.64393198841846,151.02674989845917,146.02674989845917,1484,297,65.09400000000096
269,900.0,1,32.8574000000002,32.60000000000019,0,0,10,0,5.691131498470948,6,11,,,36.38286817176257,34.541171329922776,32.8574000000002,27.857400000000197,326,66,14.204000000001543
258,900.0,1,407.4056835359579,369.1000000000154,0,0,60,0,17.729685807150595,340,345,,,49.33725577987605,46.938148930250826,407.4056835359579,402.4056835359579,3691,739,175.84400000000096
223,900.0,1,256.6063657655458,254.59999999998982,0,0,34,0,7.998036906164114,97,102,,,49.52449271781821,49.54194761384404,256.6063657655458,251.60636576554577,2546,510,122.51599999999962
297,900.0,1,486.4374426578046,460.1000000000361,0,0,38,0,12.936766623207301,246,251,,,47.79392576166906,46.43422869153866,486.4374426578046,481.4374426578046,4601,921,212.90599999999904
266,900.0,1,388.6538834477501,408.0000000000243,0,0,48,0,14.691987258024994,278,283,,,50.20967111883346,48.59430364233429,388.6538834477501,383.6538834477501,4080,816,191.06199999999808
220,900.0,1,419.8004728358686,400.40000000002254,0,0,40,0,14.111360799001249,246,251,,,51.201133217790996,51.14370849726417,419.8004728358686,414.8004728358686,4004,801,183.75
303,900.0,1,106.36059999999824,104.49999999999834,0,0,11,0,4.530592734225621,19,24,,,45.46132544409003,42.38655643002008,106.36059999999824,101.36059999999824,1045,209,45.875
226,900.0,1,31.843400000000187,31.60000000000018,0,0,10,0,6.596214511041009,5,10,,,37.551886858961915,38.02376835575139,31.843400000000187,26.843400000000187,316,64,16.71900000000096
275,900.0,1,665.5279699428776,653.7000000000801,0,0,26,0,7.879320893239523,229,234,,,49.37360567719032,48.82136883699617,665.5279699428776,660.5279699428776,6537,1308,315.4220000000023
229,900.0,1,672.3849454374612,679.3000000000859,0,0,42,0,11.829408301442449,492,497,,,52.21463973117698,51.29420042562385,672.3849454374612,667.3849454374612,6793,1359,324.21900000000096
272,900.0,1,630.7769297929942,612.5000000000707,0,0,36,0,16.428011753183153,448,453,,,50.236914665678064,49.418938936194856,630.7769297929942,625.7769297929942,6125,1225,295.9529999999977
278,900.0,1,30.46440000000017,30.30000000000016,0,0,10,0,6.2269736842105265,5,10,,,36.94673567009393,34.22479537527505,30.46440000000017,25.46440000000017,303,61,11.75
264,900.0,1,865.114481771043,900.0000000001361,1,2,32,1,9.782357515831574,424,427,,,53.04377896624906,52.928550136486464,865.114481771043,870.114481771043,9000,1800,429.82800000000134
309,900.0,1,651.2074568324967,638.5000000000766,0,0,59,0,19.48011274663326,567,572,,,49.74063749149435,49.05728089176168,651.2074568324967,646.2074568324967,6385,1277,317.15599999999904
232,900.0,1,662.5475848191911,642.5000000000775,0,0,68,0,17.318082788671024,505,510,,,50.6107007795554,49.18396856210008,662.5475848191911,657.5475848191911,6425,1285,321.29699999999866
281,900.0,1,359.8920508479453,336.70000000000806,0,0,44,0,16.573634204275535,244,249,,,49.102866647252085,47.945963151181246,359.8920508479453,354.8920508479453,3367,674,170.04699999999866
287,900.0,1,294.92336654170094,289.8999999999974,0,0,15,0,4.610689655172414,57,62,,,49.86507519514575,48.55099158073722,294.92336654170094,289.92336654170094,2899,580,132.32800000000134
293,900.0,1,50.09480000000044,49.80000000000044,0,0,10,0,4.6392785571142285,5,10,,,35.84481306129699,32.72700942701541,50.09480000000044,45.09480000000044,498,100,18.93800000000192
235,900.0,1,725.2396502996205,708.7000000000926,0,0,43,0,14.746472911963883,481,486,,,49.111529350777204,48.29071337156339,725.2396502996205,720.2396502996205,7087,1418,346.75
238,900.0,1,564.0716698169615,550.3000000000566,0,0,46,0,16.431322674418606,382,387,,,49.24750790195103,48.775999596518844,564.0716698169615,559.0716698169615,5503,1101,264.65699999999924
270,900.0,1,641.0568800000771,631.400000000075,0,0,42,0,10.806650831353918,357,362,,,47.68111437266855,45.19451210312816,641.0568800000771,636.0568800000771,6314,1263,309.28199999999924
315,900.0,1,638.5012417317939,634.2000000000756,0,0,30,0,11.832728992590257,389,394,,,50.266317211038206,49.15171012965622,638.5012417317939,633.5012417317939,6342,1269,304.92199999999866
284,900.0,1,853.8601728820847,833.800000000121,0,0,44,0,15.22892433145461,508,513,,,48.80017320482544,48.81177794212049,853.8601728820847,848.8601728820847,8338,1668,418.0620000000017
299,900.0,1,402.61243472092076,385.8000000000192,0,0,54,0,19.790101062451413,345,350,,,48.98525760967536,48.11778297047624,402.61243472092076,397.61243472092076,3858,772,200.84400000000096
241,900.0,1,439.304143214814,431.60000000002964,0,0,42,0,13.399814686124623,265,270,,,48.58411936112593,48.161155564215875,439.304143214814,434.304143214814,4316,864,212.15699999999924
290,900.0,1,271.9348218833469,268.39999999999253,0,0,18,0,7.164245810055866,85,90,,,46.25981976581743,45.17196802034415,271.9348218833469,266.9348218833469,2684,537,119.0
276,900.0,1,429.9240566346539,444.40000000003255,0,0,45,0,14.787626546681665,336,341,,,49.901851049416926,49.43180574662405,429.9240566346539,424.9240566346539,4444,889,208.84400000000096
244,900.0,1,540.8221731803869,531.3000000000523,0,0,56,0,20.481934512608206,473,478,,,49.36432640453757,49.30825783217395,540.8221731803869,535.8221731803869,5313,1063,260.70300000000134
321,900.0,1,493.84834105233733,484.1000000000416,0,0,24,0,9.86761668731929,233,238,,,46.968772468953226,45.90724555860856,493.84834105233733,488.84834105233733,4841,969,244.20300000000134
250,900.0,1,112.64239999999793,110.99999999999797,0,0,10,0,4.373537353735373,16,21,,,43.743807394551325,44.545707718781905,112.64239999999793,107.64239999999793,1110,222,48.40600000000268
305,900.0,1,499.84959137085986,477.30000000004003,0,0,40,0,13.614369501466276,325,330,,,47.91813010329699,46.832223954913275,499.84959137085986,494.84959137085986,4773,955,224.84399999999732
282,900.0,1,212.17464515295592,202.0999999999928,0,0,36,0,10.764094955489615,92,97,,,44.96156666685165,43.86814528032664,212.17464515295592,207.17464515295592,2021,405,107.40599999999904
247,900.0,1,445.21163485979764,429.2000000000291,0,0,62,0,18.764267412066154,453,458,,,48.24818506144852,46.82242507723484,445.21163485979764,440.21163485979764,4292,859,210.53200000000288
311,900.0,1,217.7282255634498,216.399999999992,0,0,10,0,5.308545034642032,42,47,,,49.49710675474732,50.900849841617266,217.7282255634498,212.7282255634498,2164,433,105.5
256,900.0,1,336.1377854784212,315.60000000000326,0,0,37,0,16.6721571111815,224,229,,,50.07135234490269,50.67763867856327,336.1377854784212,331.1377854784212,3156,632,150.82800000000134
288,900.0,1,375.3380289730573,369.20000000001545,0,0,31,0,13.14107771459518,232,237,,,47.9190716193224,48.10949912626766,375.3380289730573,370.3380289730573,3692,739,169.32800000000134
296,900.0,1,706.3672870424045,674.8000000000849,0,0,41,0,12.458438287153653,403,408,,,47.18025458342049,46.55514309779777,706.3672870424045,701.3672870424045,6748,1350,324.07800000000134
317,900.0,1,309.1889381556617,305.80000000000103,0,0,18,0,8.343576332134685,106,111,,,48.03508252776503,48.77192853124233,309.1889381556617,304.1889381556617,3058,612,138.71899999999732
327,900.0,1,633.0407240197267,645.3000000000782,0,0,49,0,14.9521227145956,529,534,,,49.98135251235064,49.90778203968406,633.0407240197267,628.0407240197267,6453,1291,305.40599999999904
302,900.0,1,218.9693999999921,213.59999999999215,0,0,18,0,5.594759007955077,45,50,,,44.35824964606705,42.4645834579299,218.9693999999921,213.9693999999921,2136,428,98.04699999999866
253,900.0,1,513.0586072024195,517.3000000000491,0,0,49,0,13.44414379590259,315,320,,,48.9828644680242,48.743220291794955,513.0586072024195,508.05860720241947,5173,1035,237.18800000000192
262,900.0,1,458.69819052437384,436.10000000003066,0,0,46,0,16.53668042182485,346,351,,,48.98227657719057,48.06952227562459,458.69819052437384,453.69819052437384,4361,873,199.89099999999962
294,900.0,1,431.37552687347164,415.500000000026,0,0,52,0,13.949230028873917,276,281,,,48.72522495957407,47.67447489514183,431.37552687347164,426.37552687347164,4155,831,187.15699999999924
323,900.0,1,452.5470309735276,455.7000000000351,0,0,38,0,15.440982887231241,367,372,,,49.43797440298174,48.036845817807745,452.5470309735276,447.5470309735276,4557,912,198.18700000000172
259,900.0,1,354.4893117168695,325.9000000000056,0,0,31,0,10.245398773006135,165,170,,,40.038623892746664,33.61213177277836,354.4893117168695,349.4893117168695,3259,652,137.67199999999866
333,900.0,1,578.706973128565,560.5000000000589,0,0,37,0,12.578308954691401,294,299,,,48.62432552603312,48.461427959581734,578.706973128565,573.706973128565,5605,1121,242.90599999999904
268,900.0,1,406.17605962701344,383.9000000000188,0,0,26,0,11.623177083333333,189,194,,,48.524897876288065,47.948620652624385,406.17605962701344,401.17605962701344,3839,768,168.84400000000096
300,900.0,1,483.40362931157847,471.20000000003864,0,0,40,0,15.705071079991512,352,357,,,50.71084601437997,50.719077364193325,483.40362931157847,478.40362931157847,4712,943,216.125
308,900.0,1,706.520090066813,724.8000000000962,0,0,45,0,13.407504483377018,494,499,,,49.86133387009316,49.57548934750644,706.520090066813,701.520090066813,7248,1450,328.5630000000019
274,900.0,1,459.9430241680342,437.30000000003093,0,0,42,0,11.92615454961134,254,259,,,50.08968379133297,49.59767119131803,459.9430241680342,454.9430241680342,4373,875,199.56199999999808
265,900.0,1,595.4756628019163,578.3000000000629,0,0,49,0,15.451763485477178,492,497,,,50.99544544401476,49.18914038371295,595.4756628019163,590.4756628019163,5783,1157,264.03099999999904
339,900.0,1,574.4489174035864,602.1000000000683,0,0,40,0,12.489040185984722,372,377,,,50.576819446580416,51.14254651052625,574.4489174035864,569.4489174035864,6021,1205,267.8909999999996
329,900.0,1,745.8735647705698,728.000000000097,0,0,47,0,16.438263974728745,541,546,,,49.05131458216241,48.1918614126404,745.8735647705698,740.8735647705698,7280,1456,323.5149999999994
345,900.0,1,77.38299999999987,76.59999999999992,0,0,10,0,3.9921773142112125,9,14,,,42.182174723915836,41.841561727244226,77.38299999999987,72.38299999999987,766,154,23.389999999999418
306,900.0,1,543.3875825657943,551.6000000000569,0,0,30,0,9.686967554830524,272,277,,,52.19978622661469,51.53630579867487,543.3875825657943,538.3875825657943,5516,1104,225.59400000000096
312,900.0,1,34.206200000000216,34.100000000000215,0,0,10,0,5.052631578947368,5,10,,,36.18829266681352,35.51502928939261,34.206200000000216,29.206200000000216,341,69,18.29699999999866
314,900.0,1,489.7557175654441,486.9000000000422,0,0,42,0,9.624024640657085,207,212,,,49.25654942950239,49.19663928305783,489.7557175654441,484.7557175654441,4869,974,203.90699999999924
280,900.0,1,509.48172293387074,523.3000000000504,0,0,31,0,13.00286587695835,349,354,,,51.981707575862885,50.61369957551892,509.48172293387074,504.48172293387074,5233,1047,229.8279999999977
351,900.0,1,463.56820319339226,438.1000000000311,0,0,38,0,17.43747147421269,345,350,,,50.251192909633524,49.61959883531189,463.56820319339226,458.56820319339226,4381,877,215.81200000000172
357,900.0,1,34.40540000000022,34.30000000000022,0,0,10,0,4.97093023255814,5,10,,,37.58578165960584,35.83900984670892,34.40540000000022,29.40540000000022,343,69,16.625
271,900.0,1,679.8364088793313,649.4000000000791,0,0,41,0,11.548113933795227,372,377,,,49.43054618421007,48.814892882768966,679.8364088793313,674.8364088793313,6494,1299,302.90599999999904
335,900.0,1,614.5371100049197,602.2000000000684,0,0,33,0,13.882284575792795,387,392,,,49.45479591371666,48.02578022912682,614.5371100049197,609.5371100049197,6022,1205,284.48399999999674
320,900.0,1,462.7108218202335,451.50000000003416,0,0,46,0,14.74977856510186,279,284,,,50.43745282231415,51.16059159914031,462.7108218202335,457.7108218202335,4515,903,221.53200000000288
363,900.0,1,379.2680182347577,386.80000000001945,0,0,33,0,13.303954510209357,289,294,,,51.15868521013449,49.63319297186403,379.2680182347577,374.2680182347577,3868,774,210.67199999999866
326,900.0,1,316.91390884379564,307.60000000000144,0,0,41,0,18.912902177445563,254,259,,,50.47025188242544,50.37711998646996,316.91390884379564,311.91390884379564,3076,616,175.17199999999866
286,900.0,1,598.5597230151523,576.0000000000624,0,0,51,0,20.07620204825551,584,589,,,51.33982983706659,50.0083200274456,598.5597230151523,593.5597230151523,5760,1152,308.125
318,900.0,1,932.8262681231091,897.5000000001355,0,0,52,0,12.185049019607844,500,505,,,49.8503739946332,49.115244638919826,932.8262681231091,927.8262681231091,8975,1795,464.34400000000096
324,900.0,1,28.396400000000135,28.20000000000013,0,0,10,0,6.978798586572438,5,10,,,36.80123887373377,35.56086721731854,28.396400000000135,23.396400000000135,282,57,13.281000000002678
341,900.0,1,581.0065744159018,571.7000000000614,0,0,53,0,19.508044770898916,499,504,,,49.20925399239056,48.41929745526037,581.0065744159018,576.0065744159018,5717,1144,293.4060000000027
277,900.0,1,673.4272314320162,634.0000000000756,0,0,39,0,20.414603374862008,541,546,,,48.97905678863175,48.282230818394936,673.4272314320162,668.4272314320162,6340,1268,321.07800000000134
330,900.0,1,227.78167014988998,222.69999999999163,0,0,21,0,7.047127468581688,72,77,,,46.56984134406932,45.568160078819076,227.78167014988998,222.78167014988998,2227,446,91.82800000000134
347,900.0,1,226.8305991269389,218.99999999999184,0,0,20,0,7.668644454586946,71,76,,,45.64434193727383,43.54969268750695,226.8305991269389,221.8305991269389,2190,438,103.4210000000021
332,900.0,1,547.8030646610908,534.700000000053,0,0,40,0,12.412490650710547,339,344,,,50.94680660463776,50.68393642011874,547.8030646610908,542.8030646610908,5347,1070,250.43699999999808
292,900.0,1,520.4579934039219,517.9000000000492,0,0,45,0,10.867374517374518,273,278,,,51.03552149467635,50.611067612594766,520.4579934039219,515.4579934039219,5179,1036,245.56199999999808
369,900.0,1,527.868837018616,562.7000000000594,0,0,32,0,14.264036958066809,433,438,,,51.492682667469325,50.031021355905885,527.868837018616,522.868837018616,5627,1126,271.14100000000326
375,1800.0,1,66.82980000000047,66.4000000000005,0,0,10,0,3.275187969924812,7,12,,,41.301847318344834,37.511395816497505,66.82980000000047,61.829800000000475,664,133,27.32800000000134
283,1800.0,1,535.2073792076088,528.0000000000515,0,0,46,0,17.03124408256012,431,436,,,48.839583292089024,47.588531702450716,535.2073792076088,530.2073792076088,5280,1056,1758.938000000002
336,1800.0,1,457.5919640772485,451.50000000003416,0,0,31,0,12.550930026572187,257,262,,,49.46447655189171,48.97051762593246,457.5919640772485,452.5919640772485,4515,903,1731.311999999998
338,1800.0,1,299.99540604385817,288.79999999999717,0,0,28,0,8.158186223606783,130,135,,,48.792571396263554,46.03550544711821,299.99540604385817,294.99540604385817,2888,578,1645.4690000000046
381,1800.0,1,301.8479503378889,277.4999999999946,0,0,39,0,18.098342939481267,226,231,,,47.074739537292935,44.995136221671416,301.8479503378889,296.8479503378889,2775,555,1641.5
353,1800.0,1,517.5522485312883,505.8000000000465,0,0,32,0,10.118402846412334,270,275,,,50.83828610011924,49.24855276627549,517.5522485312883,512.5522485312883,5058,1012,1769.125
289,1800.0,1,298.2325824012883,279.89999999999515,0,0,41,0,17.78035714285714,240,245,,,49.45355191196694,47.212255407729735,298.2325824012883,293.2325824012883,2799,560,162.26499999999942
342,1800.0,1,354.40167312619786,358.20000000001295,0,0,42,0,14.231091264303656,234,239,,,51.74866488700394,50.83611391878705,354.40167312619786,349.40167312619786,3582,717,217.20300000000134
348,1800.0,1,275.4239020640941,263.19999999999135,0,0,24,0,8.551462210406381,106,111,,,47.89842337214302,44.034531778086205,275.4239020640941,270.4239020640941,2632,527,121.01599999999598
344,1800.0,1,660.1037315697378,641.7000000000774,0,0,58,0,16.985821128077284,420,425,,,50.75608991642988,49.48053899652224,660.1037315697378,655.1037315697378,6417,1284,344.96800000000076
359,1800.0,1,516.089238630963,512.800000000048,0,0,56,0,17.98732696432053,439,444,,,52.853948024961305,52.75504372052998,516.089238630963,511.089238630963,5128,1026,269.3289999999979
387,1800.0,1,595.3265907203654,582.800000000064,0,0,56,0,22.867387201921428,590,595,,,51.262184256803835,49.36256214328564,595.3265907203654,590.3265907203654,5828,1166,314.5630000000019
295,1800.0,1,609.055770003231,609.20000000007,0,0,50,0,14.279829312325619,402,407,,,50.99348867029202,49.57150006237454,609.055770003231,604.055770003231,6092,1219,297.609000000004
298,1800.0,1,1213.476387006343,1176.900000000025,0,0,39,0,12.09804587935429,652,657,,,50.209821340789695,49.08711066335259,1213.476387006343,1208.476387006343,11769,2354,2098.4219999999987
350,1800.0,1,399.1426488800015,378.50000000001756,0,0,32,0,10.991283676703645,176,181,,,49.635388091118166,47.583002468702226,399.1426488800015,394.1426488800015,3785,757,176.95300000000134
356,1800.0,1,30.65120000000017,30.500000000000163,0,0,10,0,5.183006535947713,5,10,,,41.555781999351375,35.95976568186027,30.65120000000017,25.65120000000017,305,61,12.718999999997322
304,1800.0,1,168.84283096258034,167.89999999999475,0,0,10,0,3.0607142857142855,24,29,,,45.07114531824358,44.32035625075754,168.84283096258034,163.84283096258034,1679,336,88.43799999999464
393,1800.0,1,550.8899611262866,525.800000000051,0,0,44,0,15.56398554858338,388,393,,,48.59257842390256,47.306818826766275,550.8899611262866,545.8899611262866,5258,1052,256.09300000000076
301,1800.0,1,366.75383113810085,349.2000000000109,0,0,63,0,20.452905811623246,313,318,,,52.76663495646385,50.6700689144387,366.75383113810085,361.75383113810085,3492,699,183.5
310,1800.0,1,179.63319999999428,174.99999999999434,0,0,12,0,5.380925185608224,33,38,,,48.278365509425505,46.84447208966543,179.63319999999428,174.63319999999428,1750,350,88.56300000000192
365,1800.0,1,613.3584684068317,625.6000000000737,0,0,35,0,14.319801821959405,430,435,,,53.037678759107,53.13653288928068,613.3584684068317,608.3584684068317,6256,1252,304.32800000000134
354,1800.0,1,831.0413180149001,797.0000000001127,0,0,37,0,13.436582611968385,428,433,,,49.5500611057802,49.09607181335204,831.0413180149001,826.0413180149001,7970,1594,382.0619999999981
360,1800.0,1,30.77900000000017,30.700000000000166,0,0,10,0,5.191558441558442,5,10,,,37.56801061406263,35.5820443719625,30.77900000000017,25.77900000000017,307,62,20.98399999999674
362,1800.0,1,594.6648273878315,574.000000000062,0,0,56,0,17.431980491203625,489,494,,,50.73539240833833,50.44002859436065,594.6648273878315,589.6648273878315,5740,1148,282.17199999999866
399,1800.0,1,452.8911902946534,447.3000000000332,0,0,34,0,8.810683951721055,208,213,,,52.16322326680824,51.29833197441124,452.8911902946534,447.8911902946534,4473,895,212.32800000000134
307,1800.0,1,491.9415902213043,476.4000000000398,0,0,47,0,9.525498426023084,199,204,,,47.481658138106546,46.8539407580437,491.9415902213043,486.9415902213043,4764,953,223.92200000000594
405,1800.0,1,31.691800000000182,31.500000000000178,0,0,10,0,5.2215189873417724,5,10,,,38.52543665200961,35.488091985330314,31.691800000000182,26.691800000000182,315,63,15.343999999997322
316,1800.0,1,678.5033290552961,668.2000000000834,0,0,33,0,11.948975011222505,446,451,,,50.529122335142866,49.90531753018525,678.5033290552961,673.5033290552961,6682,1337,314.79699999999866
411,1800.0,1,398.97387014776115,388.10000000001975,0,0,25,0,5.844667697063369,106,111,,,46.28749618573999,43.890605162985416,398.97387014776115,393.97387014776115,3881,777,161.90699999999924
366,1800.0,1,681.5168015951522,655.9000000000806,0,0,37,0,12.609298780487805,377,382,,,48.91232483701321,48.04737779139131,681.5168015951522,676.5168015951522,6559,1312,287.79699999999866
371,1800.0,1,883.7682740285243,851.300000000125,0,0,38,0,15.11416490486258,549,554,,,50.03190440128023,49.66835531755898,883.7682740285243,878.7682740285243,8513,1703,387.75
368,1800.0,1,533.9830063111312,525.3000000000509,0,0,36,0,15.768937952036543,487,492,,,48.025916874975366,47.10352398571132,533.9830063111312,528.9830063111312,5253,1051,234.48500000000058
313,1800.0,1,544.363876316464,523.5000000000505,0,0,25,0,12.590145148968679,324,329,,,49.09622981888241,48.73477252380668,544.363876316464,539.363876316464,5235,1047,235.88999999999942
374,1800.0,1,51.615000000000464,51.40000000000046,0,0,10,0,3.9067961165048546,5,10,,,37.255973096171864,36.713658421750395,51.615000000000464,46.615000000000464,514,103,26.375
319,1800.0,1,258.07930665954893,243.69999999999044,0,0,39,0,15.460623461853979,163,168,,,48.756191279315345,47.55206422729014,258.07930665954893,253.07930665954893,2437,488,117.875
372,1800.0,1,438.63774643974057,418.6000000000267,0,0,27,0,13.089085263912109,241,246,,,47.37666563041758,46.535751947591834,438.63774643974057,433.63774643974057,4186,838,204.31299999999464
322,1800.0,1,619.236254748627,611.2000000000704,0,0,31,0,11.43611974480615,291,296,,,49.533440401806196,49.66909162615633,619.236254748627,614.236254748627,6112,1223,285.7649999999994
328,1800.0,1,26.772600000000114,26.600000000000108,0,0,10,0,6.681647940074907,5,10,,,42.01121495256044,37.25636226925777,26.772600000000114,21.772600000000114,266,54,11.264999999999418
377,1800.0,1,494.235717710225,465.8000000000374,0,0,33,0,11.83322601416613,275,280,,,46.718667992012975,44.83967525609711,494.235717710225,489.235717710225,4658,932,234.3440000000046
380,1800.0,1,452.0074666618984,450.3000000000339,0,0,38,0,10.319049733570159,209,214,,,48.73445499020889,48.338621667739616,452.0074666618984,447.0074666618984,4503,901,218.76499999999942
386,1800.0,1,58.93580000000056,58.50000000000056,0,0,10,0,4.755972696245734,5,10,,,38.57883439162135,34.51072887999575,58.93580000000056,53.93580000000056,585,117,32.81300000000192
325,1800.0,1,365.9883846009706,347.8000000000106,0,0,38,0,18.294050014371948,261,266,,,49.68504811280673,48.90818775439782,365.9883846009706,360.9883846009706,3478,696,177.35900000000402
383,1800.0,1,211.5909491752036,207.3999999999925,0,0,19,0,7.687228915662651,61,66,,,47.033967423195314,46.47630298120038,211.5909491752036,206.5909491752036,2074,415,107.95300000000134
334,1800.0,1,385.97348222127397,369.8000000000156,0,0,37,0,14.896458502297918,265,270,,,48.80953343186089,47.65852820442329,385.97348222127397,380.97348222127397,3698,740,187.70300000000134
417,1800.0,1,931.1068247483263,903.3000000001368,0,0,56,0,19.30318795660837,700,705,,,49.160267409849794,49.378426319310336,931.1068247483263,926.1068247483263,9033,1807,454.06299999999464
389,1800.0,1,307.04886038155905,293.99999999999835,0,0,28,0,13.89901394083645,174,179,,,45.63943692016866,44.94769342235314,307.04886038155905,302.04886038155905,2940,588,145.06300000000192
378,1800.0,1,626.9026673634672,650.7000000000794,0,0,42,0,15.448524892440073,582,587,,,51.478014101551246,51.714346549744306,626.9026673634672,621.9026673634672,6507,1302,333.01600000000326
331,1800.0,1,460.23178670571883,447.7000000000333,0,0,27,0,13.447744528807503,248,253,,,47.493071337814925,47.64945069795942,460.23178670571883,455.23178670571883,4477,896,217.09300000000076
395,1800.0,1,133.17499999999683,130.79999999999686,0,0,12,0,4.710466004583652,22,27,,,45.16143600974672,43.561954663212916,133.17499999999683,128.17499999999683,1308,262,60.21800000000076
392,1800.0,1,551.1850018357712,553.1000000000572,0,0,37,0,13.761930585683297,290,295,,,47.9941837250086,48.503955514197024,551.1850018357712,546.1850018357712,5531,1107,273.20300000000134
340,1800.0,1,444.49324148631985,425.00000000002814,0,0,46,0,18.965419901199716,373,378,,,47.79105916429709,47.919190195397526,444.49324148631985,439.49324148631985,4250,850,221.85900000000402
423,1800.0,1,584.0423702652815,573.4000000000618,0,0,47,0,18.43522231909329,496,501,,,47.81185574291183,47.292424218312235,584.0423702652815,579.0423702652815,5734,1147,306.29699999999866
337,1800.0,1,363.86807828130276,353.30000000001183,0,0,21,0,9.001980758347482,142,147,,,46.561070127317535,46.47079376980862,363.86807828130276,358.86807828130276,3533,707,204.34399999999732
384,1800.0,1,562.3970369422688,544.6000000000553,0,0,46,0,14.876629337249863,443,448,,,49.149621155048905,49.341385497848954,562.3970369422688,557.3970369422688,5446,1090,296.625
429,1800.0,1,272.5601510233769,263.7999999999915,0,0,36,0,14.383857521788556,181,186,,,48.094650844053916,47.33066572070364,272.5601510233769,267.5601510233769,2638,528,129.95300000000134
401,1800.0,1,591.5645505752358,571.0000000000613,0,0,41,0,18.879530730169847,442,447,,,49.30163338696421,49.665333508393594,591.5645505752358,586.5645505752358,5710,1142,306.1100000000006
407,1800.0,1,27.16360000000012,27.100000000000115,0,0,10,0,5.772058823529412,5,10,,,34.21240714900209,32.649748522426236,27.16360000000012,22.16360000000012,271,55,11.765999999995984
346,1800.0,1,536.0508905353764,526.6000000000512,0,0,22,0,8.70381621416366,200,205,,,47.74339609218911,47.73207612506661,536.0508905353764,531.0508905353764,5266,1054,268.6559999999954
343,1800.0,1,303.5284369558979,301.6000000000001,0,0,34,0,10.150812064965198,178,183,,,49.083147132270305,47.806586176015344,303.5284369558979,298.5284369558979,3016,604,139.57800000000134
398,1800.0,1,792.8527057886658,732.0000000000979,0,0,46,0,19.814096434913264,643,648,,,47.07492055270198,46.47240705717699,792.8527057886658,787.8527057886658,7320,1464,381.4689999999973
413,1800.0,1,307.48982964283846,300.6999999999999,0,0,21,0,6.597739361702128,93,98,,,48.268609024108734,49.36128225982101,307.48982964283846,302.48982964283846,3007,602,140.54700000000594
390,1800.0,1,473.4262293025395,479.7000000000406,0,0,37,0,9.766152563568154,254,259,,,47.43228068717736,46.99491897769841,473.4262293025395,468.4262293025395,4797,960,219.54699999999866
349,1800.0,1,475.69554002410865,460.0000000000361,0,0,37,0,13.505107585307542,292,297,,,47.54802961737276,45.99088767900665,475.69554002410865,470.69554002410865,4600,920,214.20300000000134
352,1800.0,1,518.840894826593,517.200000000049,0,0,40,0,18.040402087763386,460,465,,,51.02581406691388,51.93652228427149,518.840894826593,513.840894826593,5172,1035,241.59399999999732
435,1800.0,1,619.1175830722532,605.3000000000691,0,0,40,0,15.226131483316815,402,407,,,48.03295290144515,48.21045753996908,619.1175830722532,614.1175830722532,6053,1211,283.48399999999674
441,1800.0,1,21.710400000000043,21.600000000000037,0,0,11,0,7.709677419354839,6,11,,,35.46890197436439,34.71949309072119,21.710400000000043,16.710400000000043,216,44,9.046999999998661
404,1800.0,1,480.06293925711424,459.500000000036,0,0,29,0,10.632506527415144,209,214,,,47.60643532314987,47.46282529640115,480.06293925711424,475.06293925711424,4595,919,216.34399999999732
396,1800.0,1,343.9859818439714,336.70000000000806,0,0,32,0,12.696555819477435,205,210,,,47.22447437190987,46.27906524652221,343.9859818439714,338.9859818439714,3367,674,169.26499999999942
410,1800.0,1,79.71279999999975,78.99999999999979,0,0,10,0,3.5372945638432363,8,13,,,43.42582832504431,42.62714062542571,79.71279999999975,74.71279999999975,790,158,44.95300000000134
355,1800.0,1,371.8707611779338,372.4000000000162,0,0,40,0,14.758120805369128,251,256,,,49.62039764446927,48.94696699830892,371.8707611779338,366.8707611779338,3724,745,187.96899999999732
358,1800.0,1,378.983626658036,354.20000000001204,0,0,46,0,19.81710414902625,306,311,,,47.24423694353266,46.452505054770576,378.983626658036,373.983626658036,3542,709,178.03100000000268
419,1800.0,1,634.1719073234636,621.9000000000729,0,0,43,0,15.659163987138264,461,466,,,49.544212467945755,49.795723838479496,634.1719073234636,629.1719073234636,6219,1244,299.18700000000536
364,1800.0,1,58.384000000000555,58.100000000000556,0,0,11,0,3.618556701030928,7,12,,,38.674580597430996,35.946034965281996,58.384000000000555,53.384000000000555,581,117,22.485000000000582
447,1800.0,1,433.94628914917274,420.8000000000272,0,0,42,0,14.651223568543598,252,257,,,46.04889406934915,44.67093918931141,433.94628914917274,428.94628914917274,4208,842,205.90699999999924
402,1800.0,1,415.26386089856436,405.70000000002375,0,0,35,0,9.924593395761459,183,188,,,47.80707132841193,45.85820964179678,415.26386089856436,410.26386089856436,4057,812,186.5789999999979
370,1800.0,1,297.4935983537119,284.79999999999626,0,0,31,0,11.996138996138995,139,144,,,45.517494305309185,44.32658726045106,297.4935983537119,292.4935983537119,2848,570,121.23500000000058
361,1800.0,1,400.61254740791566,378.3000000000175,0,0,41,0,15.59963002114165,239,244,,,49.44467893854302,48.889303181452334,400.61254740791566,395.61254740791566,3783,757,161.68799999999464
376,1800.0,1,57.834600000000556,57.50000000000055,0,0,10,0,3.6006944444444446,6,11,,,40.16052785722388,38.73026727588008,57.834600000000556,52.834600000000556,575,115,22.14100000000326
453,1800.0,1,301.0153486688097,299.5999999999996,0,0,26,0,13.791791791791791,190,195,,,51.094150067942934,49.633891017006945,301.0153486688097,296.0153486688097,2996,600,126.59399999999732
425,1800.0,1,467.9199210728651,460.5000000000362,0,0,33,0,10.448328267477203,225,230,,,48.83774081507112,48.02715174914424,467.9199210728651,462.9199210728651,4605,921,205.23500000000058
408,1800.0,1,361.4688083425954,347.4000000000105,0,0,36,0,14.430791366906474,223,228,,,49.421304341127296,48.03106357084029,361.4688083425954,356.4688083425954,3474,695,159.57800000000134
416,1800.0,1,844.7320140901861,853.7000000001256,0,0,28,0,10.139494026704146,403,408,,,51.507555330265674,50.944282235330164,844.7320140901861,839.7320140901861,8537,1708,388.57800000000134
382,1800.0,1,396.02766679413554,398.4000000000221,0,0,17,0,6.32823086574655,116,121,,,49.64673509016606,49.80041170662673,396.02766679413554,391.02766679413554,3984,797,188.23400000000402
388,1800.0,1,45.296200000000375,45.10000000000037,0,0,10,0,4.621681415929204,5,10,,,39.110360452742306,36.54682338112571,45.296200000000375,40.296200000000375,451,91,17.89100000000326
431,1800.0,1,410.49030643683034,390.0000000000202,0,0,31,0,9.966675211484235,213,218,,,46.524620189017085,44.607710222408315,410.49030643683034,405.49030643683034,3900,780,177.68699999999808
459,1800.0,1,586.3145997894355,560.7000000000589,0,0,40,0,14.405313837375179,445,450,,,50.00420133492902,48.344843240972914,586.3145997894355,581.3145997894355,5607,1122,260.4060000000027
414,1800.0,1,483.7318449057733,480.7000000000408,0,0,23,0,9.524750415973378,189,194,,,49.4405187348309,50.05376321043896,483.7318449057733,478.7318449057733,4807,962,211.43699999999808
394,1800.0,1,220.6262526690077,209.0999999999924,0,0,31,0,13.524378585086042,106,111,,,49.249141102454644,49.1682523327088,220.6262526690077,215.6262526690077,2091,419,95.04699999999866
422,1800.0,1,473.0841658881794,454.00000000003473,0,0,42,0,13.819863466196873,255,260,,,48.66642497256605,47.99988129224142,473.0841658881794,468.0841658881794,4540,908,211.54699999999866
367,1800.0,1,768.6393261143475,753.9000000001029,0,0,39,0,14.814058355437666,542,547,,,48.41051517396342,47.635430832825676,768.6393261143475,763.6393261143475,7539,1508,358.640999999996
373,1800.0,1,59.08609221917903,59.60000000000058,0,0,10,0,4.961474036850921,15,20,,,41.73152857179474,38.920074101646485,59.08609221917903,54.08609221917903,596,120,24.42199999999866
428,1800.0,1,132.59919999999678,131.29999999999683,0,0,10,0,2.9809741248097414,14,19,,,43.851788334053055,41.04984814015741,132.59919999999678,127.59919999999678,1313,263,57.90600000000268
465,1800.0,1,337.97298430395114,340.5000000000089,0,0,43,0,14.42571931884909,257,262,,,50.67538175190406,49.97393178093271,337.97298430395114,332.97298430395114,3405,681,156.6559999999954
437,1800.0,1,505.21882305867916,484.1000000000416,0,0,47,0,20.981412639405203,386,391,,,49.38908164310172,48.890946300131105,505.21882305867916,500.21882305867916,4841,969,228.18800000000192
379,1800.0,1,335.3037920105386,328.1000000000061,0,0,26,0,10.060329067641682,120,125,,,48.04119000722592,47.32573151946876,335.3037920105386,330.3037920105386,3281,657,147.61000000000058
400,1800.0,1,503.5406439017811,491.90000000004335,0,0,25,0,6.404878048780488,136,141,,,49.23114673954494,48.33605087825636,503.5406439017811,498.5406439017811,4919,984,226.32800000000134
420,1800.0,1,547.4020162065193,546.4000000000557,0,0,39,0,14.60896614821592,410,415,,,49.25313050648144,47.928733764286974,547.4020162065193,542.4020162065193,5464,1093,253.95300000000134
443,1800.0,1,258.7496570754335,252.59999999998993,0,0,37,0,11.942619707162644,140,145,,,48.37854780144544,47.41302459238163,258.7496570754335,253.7496570754335,2526,506,104.96800000000076
434,1800.0,1,529.7861439368801,519.0000000000495,0,0,46,0,16.177615103062994,349,354,,,50.37125256203943,49.5888624084339,529.7861439368801,524.7861439368801,5190,1038,237.625
449,1800.0,1,262.1152192164881,250.89999999999003,0,0,30,0,12.141035856573705,116,121,,,47.49347682704426,46.231462008832565,262.1152192164881,257.1152192164881,2509,502,117.79699999999866
471,1800.0,1,603.6362070444383,603.9000000000688,0,0,25,0,9.625331125827815,274,279,,,48.71668230493446,47.989216013600675,603.6362070444383,598.6362070444383,6039,1208,278.375
385,1800.0,1,524.3281342404388,495.6000000000442,0,0,50,0,15.806939681258825,344,349,,,48.06679966385633,47.247006001825106,524.3281342404388,519.3281342404388,4956,992,227.32800000000134
426,1800.0,1,561.5015693198628,555.4000000000577,0,0,31,0,10.592979297929793,226,231,,,47.79666116252464,47.74236604484523,561.5015693198628,556.5015693198628,5554,1111,259.7810000000027
406,1800.0,1,679.2905555945265,658.1000000000811,0,0,40,0,16.4257064721969,465,470,,,47.396905482591485,47.707513634150416,679.2905555945265,674.2905555945265,6581,1317,304.1399999999994
477,1800.0,1,369.22744060380893,358.20000000001295,0,0,30,0,13.659224113871058,224,229,,,48.96112505842579,48.105978148914396,369.22744060380893,364.22744060380893,3582,717,159.32800000000134
455,1800.0,1,559.9673223055502,558.7000000000585,0,0,40,0,16.939513242662848,467,472,,,48.712620675076394,48.063316288725915,559.9673223055502,554.9673223055502,5587,1118,258.34300000000076
440,1800.0,1,712.3899404034771,683.8000000000869,0,0,35,0,15.342009065652872,459,464,,,47.76782756641549,47.74189906927691,712.3899404034771,707.3899404034771,6838,1368,312.67199999999866
391,1800.0,1,483.3483220727002,490.20000000004296,0,0,32,0,11.90128492759535,296,301,,,47.72531541752539,47.5412983033068,483.3483220727002,478.3483220727002,4902,981,219.21899999999732
412,1800.0,1,266.26638805426245,283.1999999999959,0,0,45,0,16.348746911401342,243,248,,,49.32032784272402,48.821257052458684,266.26638805426245,261.26638805426245,2832,567,129.15600000000268
461,1800.0,1,282.66752152300126,288.099999999997,0,0,30,0,11.429562803608604,171,176,,,50.643181779429995,50.706408991539405,282.66752152300126,277.66752152300126,2881,577,1028.4680000000008
432,1800.0,1,636.5140254589564,615.4000000000714,0,0,17,0,8.279122664500406,172,177,,,47.02162945367735,47.88442967257063,636.5140254589564,631.5140254589564,6154,1231,1178.6560000000027
483,1800.0,1,513.8434482532614,500.8000000000454,0,0,44,0,14.547215012976642,321,326,,,47.024970349581494,45.68111311454172,513.8434482532614,508.8434482532614,5008,1002,1135.5
446,1800.0,1,463.1345347344231,459.2000000000359,0,0,28,0,10.671674286958416,218,223,,,51.194484162681576,51.08438854837522,463.1345347344231,458.1345347344231,4592,919,1112.2030000000013
397,1800.0,1,520.0208365738853,510.00000000004746,0,0,37,0,12.04410899823564,219,224,,,49.88620565117717,49.976904806644015,520.0208365738853,515.0208365738853,5100,1020,1132.2350000000006
418,1800.0,1,552.8127096840722,532.9000000000526,0,0,53,0,20.906003752345217,412,417,,,49.21579803194107,49.09937122079419,552.8127096840722,547.8127096840722,5329,1066,1140.0939999999973
467,3000.0,1,459.458009628168,441.900000000032,0,0,46,0,12.760633484162897,230,235,,,47.60915962865461,46.19928705678923,459.458009628168,454.458009628168,4419,884,196.11000000000058
438,3000.0,1,439.03108996048155,421.2000000000273,0,0,32,0,16.188464277237124,210,215,,,47.34612275382771,45.77205335992585,439.03108996048155,434.03108996048155,4212,843,185.7809999999954
489,3000.0,1,376.287943098579,394.70000000002125,0,0,29,0,10.9693515704154,216,221,,,49.16368494766016,48.99350764077433,376.287943098579,371.287943098579,3947,790,173.17199999999866
473,3000.0,1,44.44340000000036,44.000000000000355,0,0,10,0,5.909297052154195,6,11,,,38.14947057173596,34.873106244531286,44.44340000000036,39.44340000000036,440,88,17.43800000000192
479,3000.0,1,91.58400376813813,94.39999999999891,0,0,17,0,7.715343915343915,30,35,,,48.69907210625263,46.66702796258765,91.58400376813813,86.58400376813813,944,189,36.671000000002095
452,3000.0,1,418.6225035489153,404.2000000000234,0,0,31,0,11.046500123670542,177,182,,,47.45567296770471,45.52655290618129,418.6225035489153,413.6225035489153,4042,809,170.53100000000268
424,3000.0,1,365.40581534494106,362.5000000000139,0,0,28,0,7.2570325427468285,144,149,,,48.92385067518095,47.28692184215359,365.40581534494106,360.40581534494106,3625,725,152.25
403,3000.0,1,427.7540832787353,397.30000000002184,0,0,38,0,16.472068444891796,261,266,,,46.46639720409436,44.828514087512204,427.7540832787353,422.7540832787353,3973,795,170.39100000000326
430,3000.0,1,20.433600000000023,20.40000000000002,0,0,10,0,7.009756097560976,5,10,,,35.47861878165901,31.828873396168596,20.433600000000023,15.433600000000023,204,41,11.703000000001339
409,3000.0,1,32.486600000000195,32.30000000000019,0,0,10,0,6.265432098765432,5,10,,,38.44002611422764,34.86448862657787,32.486600000000195,27.486600000000195,323,65,17.93800000000192
436,3000.0,1,43.44880000000035,43.10000000000034,0,0,11,0,5.048611111111111,7,12,,,38.84588079235182,36.59534559434356,43.44880000000035,38.44880000000035,431,87,21.82800000000134
495,3000.0,1,322.43022187226325,300.09999999999974,0,0,31,0,14.792804796802132,210,215,,,46.98835045829056,44.27101107422117,322.43022187226325,317.43022187226325,3001,601,137.07800000000134
444,3000.0,1,318.0669094503106,326.2000000000057,0,0,27,0,11.61170701808152,198,203,,,49.712118772516675,49.03734487090133,318.0669094503106,313.0669094503106,3262,653,149.75
458,3000.0,1,388.512527978133,372.80000000001627,0,0,31,0,9.716009654062752,155,160,,,49.42136109227713,47.28470380356157,388.512527978133,383.512527978133,3728,746,178.93799999999464
501,3000.0,1,291.7430413527209,291.79999999999785,0,0,15,0,6.203151764302843,92,97,,,46.32123562612027,44.73312351977649,291.7430413527209,286.7430413527209,2918,584,140.01499999999942
485,3000.0,1,507.17261079522666,501.3000000000455,0,0,39,0,17.70702034303949,424,429,,,50.67903020350972,48.98075811382197,507.17261079522666,502.17261079522666,5013,1003,249.15699999999924
507,3000.0,1,36.805000000000256,36.60000000000025,0,0,10,0,5.683923705722071,5,10,,,35.44962462595363,31.77599085726995,36.805000000000256,31.805000000000256,366,74,23.343000000000757
513,3000.0,1,21.620600000000042,21.600000000000037,0,0,10,0,7.225806451612903,5,10,,,37.54018576161744,34.52296891947379,21.620600000000042,16.620600000000042,216,44,13.780999999995402
519,3000.0,1,40.72100000000031,40.60000000000031,0,0,10,0,4.771498771498772,5,10,,,38.8375917735859,36.43548813158522,40.72100000000031,35.72100000000031,406,82,14.985000000000582
442,3000.0,1,435.19116076869483,411.300000000025,0,0,36,0,14.240641711229946,285,290,,,49.34582296582412,46.84454974070313,435.19116076869483,430.19116076869483,4113,823,213.39099999999598
464,3000.0,1,287.56946421921043,280.39999999999526,0,0,46,0,17.12192513368984,232,237,,,49.769875738607354,49.68747343659072,287.56946421921043,282.56946421921043,2804,561,134.625
415,3000.0,1,578.9177433987546,565.1000000000599,0,0,31,0,13.624380750176929,364,369,,,52.10677431722883,52.16474900146762,578.9177433987546,573.9177433987546,5651,1131,273.73399999999674
421,3000.0,1,32.33800000000019,32.30000000000019,0,0,10,0,4.777777777777778,5,10,,,37.77361915297511,34.196798214584945,32.33800000000019,27.338000000000193,323,65,10.139999999999418
427,3000.0,1,25.435200000000094,25.40000000000009,0,0,10,0,6.192156862745098,5,10,,,34.770089811961974,31.513673127267033,25.435200000000094,20.435200000000094,254,51,9.484000000004016
491,3000.0,1,328.71973590951654,323.7000000000051,0,0,16,0,6.652872143298333,102,107,,,48.48484090795231,47.33272305852732,328.71973590951654,323.71973590951654,3237,648,140.76499999999942
525,3000.0,1,314.63220447133637,304.20000000000067,0,0,27,0,13.869865264541572,189,194,,,47.88567285651336,46.30749038447129,314.63220447133637,309.63220447133637,3042,609,119.09399999999732
497,3000.0,1,112.61579999999789,111.29999999999795,0,0,10,0,3.791741472172352,14,19,,,44.93421949194967,43.91053345507826,112.61579999999789,107.61579999999789,1113,223,41.59300000000076
448,3000.0,1,427.8645971201522,413.70000000002557,0,0,38,0,12.897776703721604,237,242,,,47.51878702300921,46.28010565390135,427.8645971201522,422.8645971201522,4137,828,167.3440000000046
450,3000.0,1,842.1228020768395,805.1000000001145,0,0,48,0,13.179210134128168,425,430,,,47.58910263792834,46.26186519746522,842.1228020768395,837.1228020768395,8051,1611,376.8600000000006
531,3000.0,1,349.90560190450105,341.90000000000924,0,0,32,0,8.644736842105264,125,130,,,45.85590547988185,44.02131401167406,349.90560190450105,344.90560190450105,3419,684,160.26600000000326
456,3000.0,1,239.4040754378854,233.29999999999103,0,0,14,0,6.188946015424165,54,59,,,43.52033754016379,42.29523469502139,239.4040754378854,234.4040754378854,2333,467,108.9210000000021
462,3000.0,1,31.105400000000174,30.90000000000017,0,0,10,0,6.377419354838709,5,10,,,37.186983156256304,34.72145329924461,31.105400000000174,26.105400000000174,309,62,13.514999999999418
470,3000.0,1,635.2727966937883,600.1000000000679,0,0,33,0,15.943518827057648,364,369,,,48.46463299688062,48.18091564112755,635.2727966937883,630.2727966937883,6001,1201,279.0
454,3000.0,1,394.4121040243035,366.10000000001475,0,0,42,0,17.881212452211905,271,276,,,46.64984570592885,45.78253936505281,394.4121040243035,389.4121040243035,3661,733,174.21899999999732
503,3000.0,1,445.84682989953035,447.00000000003314,0,0,42,0,10.373965555804071,194,199,,,50.55982266417524,50.25316466142974,445.84682989953035,440.84682989953035,4470,894,214.85899999999674
509,3000.0,1,39.8084000000003,39.50000000000029,0,0,10,0,4.94949494949495,8,13,,,39.99792343368238,34.180455707239474,39.8084000000003,34.8084000000003,395,79,9.203000000001339
433,3000.0,1,703.7923033100535,670.0000000000838,0,0,48,0,18.394567974929114,473,478,,,48.16000009422522,47.40526195905827,703.7923033100535,698.7923033100535,6700,1340,301.6560000000027
439,3000.0,1,46.298000000000386,45.90000000000038,0,0,10,0,4.778260869565218,7,12,,,41.18945538186193,38.4405841286418,46.298000000000386,41.298000000000386,459,92,18.515999999995984
445,3000.0,1,29.278400000000147,29.100000000000144,0,0,10,0,6.051369863013699,6,11,,,39.8795777854814,38.721656968007025,29.278400000000147,24.278400000000147,291,59,10.203000000001339
537,3000.0,1,373.27303593823143,365.1000000000145,0,0,34,0,9.46303395399781,144,149,,,48.43135406950309,46.499143516157424,373.27303593823143,368.27303593823143,3651,731,156.57800000000134
468,3000.0,1,400.2230374091283,386.1000000000193,0,0,27,0,6.855256343863283,122,127,,,46.62416491362776,44.51394463991371,400.2230374091283,395.2230374091283,3861,773,152.90600000000268
451,3000.0,1,158.58699999999556,154.19999999999553,0,0,19,0,6.149708360337006,38,43,,,45.37884491209664,40.92279839424105,158.58699999999556,153.58699999999556,1542,309,54.63999999999942
474,3000.0,1,32.5646000000002,32.40000000000019,0,0,11,0,6.141538461538461,6,11,,,37.83590279260205,36.48674840483419,32.5646000000002,27.564600000000198,324,65,12.625
460,3000.0,1,478.2154681411294,461.9000000000365,0,0,39,0,13.0495670995671,243,248,,,47.5005124432092,46.09914621514224,478.2154681411294,473.2154681411294,4619,924,192.48500000000058
476,3000.0,1,585.0839052598395,574.5000000000621,0,0,22,0,8.435085276714236,215,220,,,49.92356323436676,49.11946044410734,585.0839052598395,580.0839052598395,5745,1149,244.32800000000134
466,3000.0,1,58.48940000000055,58.000000000000554,0,0,10,0,4.5524956970740105,8,13,,,38.597105872318835,36.81066816002131,58.48940000000055,53.48940000000055,580,116,32.0
543,3000.0,1,418.0985013041358,421.2000000000273,0,0,38,0,13.31735105625445,254,259,,,50.483249520407036,49.11134206788827,418.0985013041358,413.0985013041358,4212,843,195.625
457,3000.0,1,471.87572010621193,469.6000000000383,0,0,53,0,18.47988077496274,381,386,,,49.80961096316566,48.16571112815825,471.87572010621193,466.87572010621193,4696,940,220.98399999999674
515,3000.0,1,746.3075158042182,732.600000000098,0,0,46,0,11.967790364405623,385,390,,,46.25372073110532,45.32474675616339,746.3075158042182,741.3075158042182,7326,1466,328.375
480,3000.0,1,600.0832156819429,577.5000000000628,0,0,37,0,16.679362880886426,373,378,,,49.87991607678665,50.25536186385607,600.0832156819429,595.0832156819429,5775,1155,266.82800000000134
482,3000.0,1,611.0303806745445,592.3000000000661,0,0,25,0,12.551485482781905,264,269,,,46.62655734133277,45.359326359643944,611.0303806745445,606.0303806745445,5923,1185,255.32800000000134
549,3000.0,1,508.8356613617802,490.10000000004294,0,0,32,0,9.947368421052632,185,190,,,48.97859123765444,48.47853171777736,508.8356613617802,503.8356613617802,4901,981,192.95300000000134
463,3000.0,1,398.37359253546816,380.8000000000181,0,0,33,0,13.593069046993962,216,221,,,48.03510984644486,47.19392354138072,398.37359253546816,393.37359253546816,3808,762,146.60899999999674
472,3000.0,1,668.5481476454241,642.8000000000776,0,0,44,0,14.267382174521698,345,350,,,46.382290062137876,43.80627685587737,668.5481476454241,663.5481476454241,6428,1286,266.29699999999866
555,3000.0,1,69.42440000000032,68.70000000000037,0,0,10,0,4.7936046511627906,7,12,,,40.196365551856644,36.68034528809546,69.42440000000032,64.42440000000032,687,138,28.468999999997322
486,3000.0,1,457.5654363217491,456.9000000000354,0,0,29,0,10.983369803063457,208,213,,,49.35407135174372,47.973729057094644,457.5654363217491,452.5654363217491,4569,914,196.95300000000134
521,3000.0,1,606.2163232400318,600.3000000000679,0,0,57,0,16.65589606928714,402,407,,,51.12984735516157,50.10652730513914,606.2163232400318,601.2163232400318,6003,1201,262.0940000000046
492,3000.0,1,47.938400000000414,47.80000000000041,0,0,10,0,4.175365344467641,5,10,,,39.98959097809159,40.34952997807417,47.938400000000414,42.938400000000414,478,96,24.593000000000757
488,3000.0,1,480.00694863513866,471.70000000003876,0,0,43,0,14.914794404408648,240,245,,,50.348147898009444,49.625288505093714,480.00694863513866,475.00694863513866,4717,944,225.48500000000058
478,3000.0,1,403.98249851901943,403.2000000000232,0,0,38,0,17.593106868336225,275,280,,,49.66901056286191,48.43294002941301,403.98249851901943,398.98249851901943,4032,807,204.7809999999954
561,3000.0,1,403.2478473458806,387.30000000001957,0,0,42,0,18.949406298399587,263,268,,,49.12166677556215,48.790601757675155,403.2478473458806,398.2478473458806,3873,775,198.06199999999808
484,3000.0,1,39.140200000000284,39.000000000000284,0,0,10,0,5.309462915601023,5,10,,,35.20802586941064,31.81391834551814,39.140200000000284,34.140200000000284,390,78,16.9059999999954
494,3000.0,1,244.76947677970574,240.29999999999063,0,0,27,0,14.413893510815308,133,138,,,49.74446176533842,49.47696367061568,244.76947677970574,239.76947677970574,2403,481,113.92199999999866
469,3000.0,1,696.785627524073,698.0000000000902,0,0,41,0,14.021057155135367,435,440,,,50.77914352407688,49.9370140564874,696.785627524073,691.785627524073,6980,1396,344.4689999999973
527,3000.0,1,548.3644923174367,535.9000000000533,0,0,17,0,9.198694029850746,152,157,,,47.54704905977713,47.566364131111186,548.3644923174367,543.3644923174367,5359,1072,248.40600000000268
498,3000.0,1,576.1705956271218,565.50000000006,0,0,43,0,17.754243281471005,420,425,,,48.512055793957934,48.53957966030026,576.1705956271218,571.1705956271218,5655,1131,251.98400000000402
567,3000.0,1,418.83189859103675,406.50000000002393,0,0,42,0,15.000245941957697,222,227,,,48.95821680984823,48.248106451047285,418.83189859103675,413.83189859103675,4065,813,172.07800000000134
500,3000.0,1,330.89498444990403,325.70000000000556,0,0,18,0,7.703192142418661,89,94,,,48.31736541334604,48.2351838308733,330.89498444990403,325.89498444990403,3257,652,131.43699999999808
533,3000.0,1,259.92761647167066,256.59999999998985,0,0,13,0,6.413712504869498,50,55,,,46.9356760384745,47.611419577511874,259.92761647167066,254.92761647167066,2566,514,108.07800000000134
490,3000.0,1,610.2352722816236,603.5000000000687,0,0,36,0,13.612160371106693,352,357,,,50.900650655582766,49.96641125272966,610.2352722816236,605.2352722816236,6035,1207,261.2350000000006
475,3000.0,1,456.3926772319733,453.5000000000346,0,0,23,0,9.864638447971782,173,178,,,49.30418946348306,46.57077738532405,456.3926772319733,451.3926772319733,4535,907,193.81300000000192
573,3000.0,1,335.9568284800717,328.0000000000061,0,0,38,0,15.996952148735142,172,177,,,51.5263575581096,51.12389255563725,335.9568284800717,330.9568284800717,3280,656,153.17199999999866
506,3000.0,1,379.65378516755896,367.7000000000151,0,0,40,0,17.081022294725393,214,219,,,48.756127975193564,46.98979189636651,379.65378516755896,374.65378516755896,3677,736,176.35900000000402
504,3000.0,1,527.0925326638709,514.7000000000485,0,0,46,0,18.436674436674437,355,360,,,49.19132364302417,48.767290159252,527.0925326638709,522.0925326638709,5147,1030,247.2190000000046
539,3000.0,1,385.50730686925493,359.4000000000132,0,0,43,0,20.190820584144646,247,252,,,50.17065546199117,49.590236161778876,385.50730686925493,380.50730686925493,3594,719,172.26600000000326
496,3000.0,1,459.7816086881022,448.6000000000335,0,0,28,0,10.481836416313795,187,192,,,47.44449516874589,45.4313922160854,459.7816086881022,454.7816086881022,4486,898,210.67199999999866
502,3000.0,1,44.675400000000366,44.30000000000036,0,0,11,0,5.490990990990991,8,13,,,40.68119993874261,38.993902743001186,44.675400000000366,39.675400000000366,443,89,16.577999999994063
512,3000.0,1,317.6608112305891,315.2000000000032,0,0,28,0,10.368855058674278,118,123,,,49.6322019664852,49.849460462217934,317.6608112305891,312.6608112305891,3152,631,129.03199999999924
579,3000.0,1,483.4660652636509,472.10000000003885,0,0,32,0,11.99703515459551,247,252,,,48.91113612059147,47.99245962287432,483.4660652636509,478.4660652636509,4721,945,210.0
481,3000.0,1,521.9757621810286,502.6000000000458,0,0,40,0,14.289437039984087,292,297,,,48.87511912953123,47.24920561539284,521.9757621810286,516.9757621810286,5026,1006,226.21899999999732
508,3000.0,1,252.39799999999042,244.5999999999904,0,0,14,0,7.04985696771557,58,63,,,45.72021426678819,44.33571302860045,252.39799999999042,247.39799999999042,2446,490,89.03100000000268
545,3000.0,1,447.33596897461877,437.600000000031,0,0,24,0,10.531185743660041,199,204,,,50.646375833575306,50.17077621021423,447.33596897461877,442.33596897461877,4376,876,176.61000000000058
551,3000.0,1,27.077600000000118,26.900000000000112,0,0,10,0,6.892592592592592,5,10,,,41.264382516836584,38.1725526361622,27.077600000000118,22.077600000000118,269,54,8.218999999997322
487,3000.0,1,427.49397051017127,428.60000000002896,0,0,29,0,10.761371588523444,198,203,,,49.74325365004041,49.30059059458536,427.49397051017127,422.49397051017127,4286,858,157.25
518,3000.0,1,513.8562029426253,518.3000000000493,0,0,34,0,13.59741512345679,294,299,,,49.662312788858046,48.58039826312173,513.8562029426253,508.85620294262526,5183,1037,195.5
514,3000.0,1,410.1949508070429,404.30000000002343,0,0,13,0,6.302917903066271,82,87,,,49.888673281212476,50.02347734055938,410.1949508070429,405.1949508070429,4043,809,157.68699999999808
585,3000.0,1,660.3526327978307,635.900000000076,0,0,32,0,13.333805031446541,295,300,,,48.075678709574106,47.21261435442139,660.3526327978307,655.3526327978307,6359,1272,252.4690000000046
557,3000.0,1,460.78839799686966,445.20000000003273,0,0,27,0,13.014821468672805,182,187,,,47.41665963259589,47.03138605065338,460.78839799686966,455.78839799686966,4452,891,181.67199999999866
510,3000.0,1,993.1278440738599,980.7000000001544,0,0,34,0,12.760297716150081,505,510,,,49.04974564072299,47.98623581798595,993.1278440738599,988.1278440738599,9807,1962,402.0
524,3000.0,1,310.41079658768433,311.20000000000226,0,0,32,0,10.285897847735303,135,140,,,50.22905686966709,49.130465290811756,310.41079658768433,305.41079658768433,3112,623,157.26599999999598
520,3000.0,1,296.1639613947965,305.80000000000103,0,0,22,0,9.98136645962733,134,139,,,52.10298247289428,51.30434450915859,296.1639613947965,291.1639613947965,3058,612,157.21899999999732
493,3000.0,1,428.0580320754433,430.0000000000293,0,0,44,0,18.958614275749827,304,309,,,51.258188882415396,50.74921311565911,428.0580320754433,423.0580320754433,4300,860,213.46800000000076
591,3000.0,1,377.0394021592957,386.2000000000193,0,0,44,0,18.777633963241005,303,308,,,51.06564625420075,50.610456720919544,377.0394021592957,372.0394021592957,3862,773,191.14100000000326
526,3000.0,1,244.80752086850737,244.3999999999904,0,0,19,0,10.011860940695296,115,120,,,49.93539524168612,47.53213283512208,244.80752086850737,239.80752086850737,2444,489,97.26599999999598
499,3000.0,1,238.76119786812993,235.09999999999093,0,0,13,0,5.625425170068027,59,64,,,46.98971869017182,45.17280727609319,238.76119786812993,233.76119786812993,2351,471,93.625
563,3000.0,1,453.73541121429525,454.10000000003475,0,0,42,0,17.862395420519594,326,331,,,49.41386498487494,48.1553474678566,453.73541121429525,448.73541121429525,4541,909,213.25
516,3000.0,1,537.0386495138464,529.7000000000519,0,0,36,0,12.43620234050585,249,254,,,51.14784497110359,49.962285403666336,537.0386495138464,532.0386495138464,5297,1060,244.43700000000536
505,3000.0,1,227.90220679572712,221.5999999999917,0,0,21,0,10.458728010825439,102,107,,,49.758435351016324,46.678670783432246,227.90220679572712,222.90220679572712,2216,444,96.81199999999808
530,3000.0,1,618.1300143635094,623.3000000000732,0,0,36,0,12.105710619185114,294,299,,,50.86601512345768,49.83029286692452,618.1300143635094,613.1300143635094,6233,1247,257.1100000000006
536,3000.0,1,40.662400000000304,40.400000000000304,0,0,10,0,4.928395061728395,6,11,,,40.606446620847635,38.66252071527775,40.662400000000304,35.662400000000304,404,81,10.905999999995402
532,3000.0,1,445.69493782667234,428.700000000029,0,0,29,0,13.076492537313433,223,228,,,52.4084250047722,49.155253028878676,445.69493782667234,440.69493782667234,4287,858,165.45300000000134
569,3000.0,1,449.132968586762,441.80000000003196,0,0,27,0,11.741344195519348,207,212,,,51.90440219013291,50.48258535740109,449.132968586762,444.132968586762,4418,884,161.81200000000536
597,3000.0,1,578.9749367175514,565.8000000000601,0,0,34,0,15.081286446368617,373,378,,,53.27212129825606,51.35470503983683,578.9749367175514,573.9749367175514,5658,1132,205.61000000000058
511,3000.0,1,286.11240055585534,281.69999999999555,0,0,17,0,8.552164655784244,86,91,,,50.626359240176164,46.568684654372575,286.11240055585534,281.11240055585534,2817,564,86.73399999999674
522,3000.0,1,445.1285976635265,427.20000000002864,0,0,39,0,10.216709571729464,185,190,,,50.82341789374885,48.74851523088853,445.1285976635265,440.1285976635265,4272,855,151.45300000000134
538,3000.0,1,136.71468539750686,135.99999999999656,0,0,10,0,5.158706833210874,27,32,,,47.46727489122688,44.20055909187541,136.71468539750686,131.71468539750686,1360,272,48.609000000004016
542,3000.0,1,514.347272255129,483.50000000004144,0,0,40,0,15.486559139784946,288,293,,,49.06877945892185,47.132865069532684,514.347272255129,509.34727225512904,4835,967,182.11000000000058
575,3000.0,1,466.0122140213641,460.9000000000363,0,0,26,0,9.681127982646421,223,228,,,53.002722172125864,51.59731160412343,466.0122140213641,461.0122140213641,4609,922,174.78100000000268
603,3000.0,1,460.10619042877863,455.7000000000351,0,0,24,0,8.622860903905222,181,186,,,52.61360805134638,51.157708578908945,460.10619042877863,455.10619042877863,4557,912,175.13999999999942
517,3000.0,1,475.50038490882343,478.30000000004026,0,0,29,0,12.064172240802675,297,302,,,51.29629785432581,50.5015270930983,475.50038490882343,470.50038490882343,4783,957,179.5309999999954
544,3000.0,1,482.74968817498757,460.9000000000363,0,0,31,0,12.037744034707158,176,181,,,48.018188120298,46.2509134397861,482.74968817498757,477.74968817498757,4609,922,169.64100000000326
550,3000.0,1,37.240600000000256,37.10000000000026,0,0,10,0,4.913978494623656,5,10,,,36.435024028976734,33.01823938762344,37.240600000000256,32.240600000000256,371,75,13.139999999999418
548,3000.0,1,213.40159999999233,209.1999999999924,0,0,11,0,4.323936932632585,38,43,,,44.6850321690991,41.406720918416994,213.40159999999233,208.40159999999233,2092,419,75.15600000000268
556,3000.0,1,33.103800000000206,33.0000000000002,0,0,10,0,4.8942598187311175,5,10,,,37.13654850771031,33.67497169397167,33.103800000000206,28.103800000000206,330,66,15.296000000002095
609,3000.0,1,353.7589822031866,344.50000000000983,0,0,28,0,10.762042948345908,150,155,,,48.92234049052267,48.08068720548401,353.7589822031866,348.7589822031866,3445,689,155.98399999999674
528,3000.0,1,757.2132510292845,764.8000000001053,0,0,33,0,10.559158059877108,384,389,,,51.69603357507937,51.14313537857571,757.2132510292845,752.2132510292845,7648,1530,319.23399999999674
581,3000.0,1,463.4459958327163,445.0000000000327,0,0,38,0,17.38732869018198,301,306,,,49.57762467574755,48.46321848042485,463.4459958327163,458.4459958327163,4450,890,196.35899999999674
587,3000.0,1,43.43880000000035,43.00000000000034,0,0,11,0,4.9048723897911835,7,12,,,44.16586811910955,39.906687015496146,43.43880000000035,38.43880000000035,430,86,21.312000000005355
562,3000.0,1,396.6784308537229,371.90000000001606,0,0,45,0,20.31747311827957,311,316,,,46.970241229998756,44.863087169540556,396.6784308537229,391.6784308537229,3719,744,176.20300000000134
523,3000.0,1,538.678857492252,524.2000000000506,0,0,35,0,17.160022887659736,448,453,,,49.21517960344062,48.32322656856074,538.678857492252,533.678857492252,5242,1049,247.81299999999464
554,3000.0,1,566.5583321616069,554.8000000000576,0,0,44,0,10.449810776716525,275,280,,,48.427408760440784,45.574512055206235,566.5583321616069,561.5583321616069,5548,1110,252.90600000000268
534,3000.0,1,522.0949066698195,498.00000000004474,0,0,34,0,13.896406344107609,268,273,,,48.45679666425104,47.196999702186126,522.0949066698195,517.0949066698195,4980,996,206.67200000000594
593,3000.0,1,411.43722938243184,395.9000000000215,0,0,39,0,15.894191919191918,295,300,,,48.24543823190275,47.38654707365843,411.43722938243184,406.43722938243184,3959,792,160.61000000000058
568,3000.0,1,357.8833762212348,345.50000000001006,0,0,29,0,10.816261574074074,138,143,,,47.258089305785376,45.92931980604976,357.8833762212348,352.8833762212348,3455,691,138.09399999999732
529,3000.0,1,359.0576932159096,350.9000000000113,0,0,27,0,11.422507122507122,172,177,,,47.76228430147766,47.01390248085298,359.0576932159096,354.0576932159096,3509,702,129.0
599,3000.0,1,129.00499999999707,126.79999999999707,0,0,12,0,4.564223798266352,21,26,,,44.13387051714002,41.173584849145485,129.00499999999707,124.00499999999707,1268,254,38.90600000000268
605,3000.0,1,27.92620000000013,27.800000000000125,0,0,10,0,6.064516129032258,5,10,,,37.680668592559535,35.35418713019913,27.92620000000013,22.92620000000013,278,56,10.719000000004598
560,3000.0,1,328.1114791999749,311.50000000000233,0,0,39,0,10.631899871630296,155,160,,,46.89668162979867,45.55994114403801,328.1114791999749,323.1114791999749,3115,623,117.0
535,3000.0,1,106.84139999999825,105.29999999999829,0,0,10,0,3.657495256166983,18,23,,,44.71312235188071,44.42512018680572,106.84139999999825,101.84139999999825,1053,211,43.0
615,3000.0,1,734.6947400457022,709.6000000000928,0,0,42,0,10.638016063125264,328,333,,,46.443190562120094,45.187002332431796,734.6947400457022,729.6947400457022,7096,1420,290.42199999999866
540,3000.0,1,463.58661812976976,434.4000000000303,0,0,38,0,14.971691599539701,278,283,,,48.255517006374475,46.65509988939137,463.58661812976976,458.58661812976976,4344,869,167.17199999999866
566,3000.0,1,281.58708509124875,281.0999999999954,0,0,21,0,6.519559032716927,80,85,,,49.821396401995024,47.69093577383057,281.58708509124875,276.58708509124875,2811,563,111.90600000000268
541,3000.0,1,303.8639306871598,280.1999999999952,0,0,34,0,13.594363182304674,192,197,,,50.0546517837481,48.723110067400604,303.8639306871598,298.8639306871598,2802,561,1055.2660000000033
574,3000.0,1,509.2056869031912,494.4000000000439,0,0,30,0,10.635187057633974,232,237,,,50.097543232706066,49.48200129081862,509.2056869031912,504.2056869031912,4944,989,1134.0
611,3000.0,1,526.0993228676388,522.3000000000502,0,0,36,0,11.693721286370597,326,331,,,50.70115433747938,49.06494180898239,526.0993228676388,521.0993228676388,5223,1045,1149.5469999999987
580,3000.0,1,191.07864760927924,191.29999999999342,0,0,17,0,9.03448275862069,94,99,,,50.70603442514957,49.45066214258338,191.07864760927924,186.07864760927924,1913,383,75.17199999999866
621,3000.0,1,557.9400141194803,548.4000000000561,0,0,31,0,10.611850501367366,243,248,,,48.16687916600707,47.56198401796353,557.9400141194803,552.9400141194803,5484,1097,1161.4680000000008
547,3000.0,1,311.040277534466,309.1000000000018,0,0,24,0,10.367723156532989,176,181,,,52.69287315903139,50.11007963115978,311.040277534466,306.040277534466,3091,619,119.51499999999942
546,3000.0,1,443.4604658777484,444.40000000003255,0,0,35,0,11.402249718785152,273,278,,,53.52917001124846,51.56976469563268,443.4604658777484,438.4604658777484,4444,889,1119.140999999996
552,3000.0,1,43.25920000000035,43.00000000000034,0,0,9,0,4.143851508120649,5,10,,,43.44058291580218,37.84066556454924,43.25920000000035,38.25920000000035,430,86,12.344000000004598
572,3000.0,1,495.9621396060236,501.9000000000456,0,0,37,0,12.011752988047808,268,273,,,51.651777160274385,51.3880885707196,495.9621396060236,490.9621396060236,5019,1004,1138.563000000002
617,3000.0,1,301.2525931048751,286.3999999999966,0,0,31,0,14.220244328097731,142,147,,,50.8411531733574,49.57838698276904,301.2525931048751,296.2525931048751,2864,573,111.15699999999924
553,3000.0,1,338.21139545397193,330.00000000000654,0,0,24,0,11.40411996364738,148,153,,,50.18378517200237,50.650472917434996,338.21139545397193,333.21139545397193,3300,660,118.45300000000134
586,3000.0,1,414.39648760491286,398.70000000002216,0,0,20,0,8.24949849548646,135,140,,,49.34012033561848,47.70507184015452,414.39648760491286,409.39648760491286,3987,798,149.59399999999732
627,3000.0,1,431.1565089731429,413.10000000002543,0,0,26,0,10.992497579864473,186,191,,,50.606274571617185,48.31518879523317,431.1565089731429,426.1565089731429,4131,827,160.07800000000134
559,3000.0,1,225.88739999999166,222.99999999999162,0,0,10,0,2.8830121021963246,20,25,,,48.29144427744989,45.22977474026565,225.88739999999166,220.88739999999166,2230,446,105.28100000000268
592,3000.0,1,345.81067786442026,342.40000000000936,0,0,30,0,13.141605839416059,206,211,,,55.578581728969674,53.1997611485861,345.81067786442026,340.81067786442026,3424,685,147.0
578,3000.0,1,519.7960173613836,512.500000000048,0,0,37,0,14.414943425673039,294,299,,,51.756736733254236,50.54710729829757,519.7960173613836,514.7960173613836,5125,1025,213.43799999999464
598,3000.0,1,63.28774016270044,63.30000000000063,0,0,10,0,4.083596214511041,9,14,,,46.090392495930786,41.00229589972255,63.28774016270044,58.28774016270044,633,127,18.31300000000192
565,3000.0,1,218.0644864414568,216.399999999992,0,0,9,0,3.903002309468822,21,26,,,55.116513727401646,57.97734848120011,218.0644864414568,213.0644864414568,2164,433,74.625
623,3000.0,1,581.5186263484825,593.0000000000663,0,0,41,0,17.50126454223571,515,520,,,54.81541009679201,52.70308955268122,581.5186263484825,576.5186263484825,5930,1186,239.60899999999674
558,3000.0,1,743.2704420887317,738.3000000000993,0,0,17,0,6.224810400866739,180,185,,,48.3676060112806,46.64855994517206,743.2704420887317,738.2704420887317,7383,1477,294.5939999999973
584,3000.0,1,218.82587589591228,208.79999999999242,0,0,35,0,9.754906653901388,89,94,,,49.11280107993468,44.43171721619519,218.82587589591228,213.82587589591228,2088,418,74.59399999999732
629,3000.0,1,211.61480789714648,217.49999999999193,0,0,17,0,6.635569852941177,73,78,,,55.76878498031233,52.637289874617956,211.61480789714648,206.61480789714648,2175,435,75.7190000000046
633,3000.0,1,698.0317002113213,654.2000000000802,0,0,34,0,13.326914259513984,385,390,,,53.740930537192824,49.817961472232746,698.0317002113213,693.0317002113213,6542,1309,248.29699999999866
571,3000.0,1,301.4341704856281,291.9999999999979,0,0,23,0,8.14036288942143,89,94,,,51.559207950558644,49.57751854637636,301.4341704856281,296.4341704856281,2920,584,102.60899999999674
604,3000.0,1,333.1790220206078,322.10000000000474,0,0,34,0,14.53786468032278,211,216,,,53.97673830851479,52.36998139335048,333.1790220206078,328.1790220206078,3221,645,114.31200000000536
635,3000.0,1,76.86199999999991,76.19999999999995,0,0,10,0,3.3695937090432504,8,13,,,44.506384184165476,42.009260009196396,76.86199999999991,71.86199999999991,762,153,19.389999999999418
564,3000.0,1,211.3442165253518,205.09999999999263,0,0,24,0,8.912280701754385,99,104,,,52.71736736984782,49.52640333129091,211.3442165253518,206.3442165253518,2051,411,66.125
639,3000.0,1,43.08220000000034,42.70000000000034,0,0,8,0,4.086448598130841,8,13,,,41.7838868217938,37.45987435500526,43.08220000000034,38.08220000000034,427,86,15.18800000000192
577,3000.0,1,62.66000000000062,62.200000000000614,0,0,8,0,3.28892455858748,6,11,,,50.945329493299816,43.13685637747691,62.66000000000062,57.66000000000062,622,125,17.406000000002678
590,3000.0,1,241.5100043392494,233.699999999991,0,0,37,0,11.890076988879384,121,126,,,55.26568442299172,52.23336621774415,241.5100043392494,236.5100043392494,2337,468,72.70300000000134
583,3000.0,1,45.56620000000037,45.20000000000037,0,0,10,0,4.754966887417218,6,11,,,39.336002164572314,37.07087690625678,45.56620000000037,40.56620000000037,452,91,12.5
641,3000.0,1,286.13659999999715,272.1999999999934,0,0,23,0,8.996694821887624,94,99,,,52.813119135027556,51.60626162849667,286.13659999999715,281.13659999999715,2722,545,89.4210000000021
610,3000.0,1,337.71080000000876,316.1000000000034,0,0,31,0,13.43327008222644,159,164,,,49.35983758282085,46.86150861275689,337.71080000000876,332.71080000000876,3161,633,99.4690000000046
647,3000.0,1,32.46200000000019,32.20000000000019,0,0,10,0,5.563467492260062,5,10,,,35.69456986843719,33.438726147264205,32.46200000000019,27.462000000000188,322,65,7.078000000001339
616,3000.0,1,41.294800000000315,41.100000000000314,0,0,10,0,4.050970873786408,5,10,,,38.80630912910745,35.2432464714361,41.294800000000315,36.294800000000315,411,83,9.718000000000757
589,3000.0,1,258.6775324482679,259.69999999999055,0,0,14,0,5.5284834488067744,59,64,,,51.09517867506364,48.37904844653006,258.6775324482679,253.67753244826793,2597,520,83.40699999999924
653,3000.0,1,33.2010000000002,33.0000000000002,0,0,9,0,4.972809667673716,4,9,,,43.35130776891348,41.709665687116285,33.2010000000002,28.2010000000002,330,66,11.062000000005355
596,3000.0,1,313.5082421965492,301.50000000000006,0,0,29,0,12.614058355437665,172,177,,,50.25016060468283,49.358612320339645,313.5082421965492,308.5082421965492,3015,603,100.70300000000134
622,3000.0,1,26.282400000000106,26.200000000000102,0,0,8,0,5.0494296577946765,4,9,,,43.141629604029355,36.85457768043274,26.282400000000106,21.282400000000106,262,53,11.046999999998661
595,3000.0,1,24.92540000000009,24.800000000000082,0,0,10,0,6.028112449799197,5,10,,,36.005344013309774,31.80250528808651,24.92540000000009,19.92540000000009,248,50,10.93800000000192
602,3000.0,1,23.457200000000068,23.400000000000063,0,0,10,0,5.459574468085107,5,10,,,39.90673671798595,35.69117168517759,23.457200000000068,18.457200000000068,234,47,8.375
628,3000.0,1,24.83840000000009,24.60000000000008,0,0,10,0,6.82995951417004,5,10,,,36.41878754983934,33.63610774619679,24.83840000000009,19.83840000000009,246,50,8.906000000002678
601,3000.0,1,41.19780000000031,41.00000000000031,0,0,10,0,3.661800486618005,6,11,,,40.72974996055504,34.99098184703589,41.19780000000031,36.19780000000031,410,82,11.546999999998661
634,3000.0,1,20.634000000000025,20.600000000000023,0,0,10,0,6.2898550724637685,5,10,,,37.324170250410134,32.89534023754959,20.634000000000025,15.634000000000025,206,42,6.187999999994645
640,3000.0,1,22.039800000000046,22.000000000000043,0,0,8,0,5.755656108597285,3,8,,,40.39388476823863,33.5069840936081,22.039800000000046,17.039800000000046,220,44,3.187000000005355
607,3000.0,1,28.283200000000132,28.10000000000013,0,0,10,0,5.921985815602837,5,10,,,37.882844764285466,35.345434385812,28.283200000000132,23.283200000000132,281,57,9.375
645,3000.0,1,437.82480284844377,421.8000000000274,0,0,19,0,7.2808722446077265,119,124,,,51.63765646268834,49.24620270599969,437.82480284844377,432.82480284844377,4218,844,143.23400000000402
646,3000.0,1,18.457599999999996,18.39999999999999,0,0,10,0,7.421621621621622,5,10,,,34.19776805997672,32.07823358923192,18.457599999999996,13.457599999999996,184,37,5.5310000000026776
613,3000.0,1,25.8284000000001,25.700000000000095,0,0,10,0,5.965116279069767,5,10,,,34.58027232557756,30.270987527166913,25.8284000000001,20.8284000000001,257,52,6.578000000001339
651,3000.0,1,31.43240000000018,31.300000000000175,0,0,9,0,4.89171974522293,4,9,,,39.51600114794604,34.51274992852832,31.43240000000018,26.43240000000018,313,63,10.031000000002678
652,3000.0,1,25.586400000000094,25.500000000000092,0,0,9,0,5.53515625,4,9,,,37.13047518908649,34.64259134547122,25.586400000000094,20.586400000000094,255,51,9.156999999999243
619,3000.0,1,39.61940000000029,39.40000000000029,0,0,10,0,4.172151898734177,5,10,,,37.28807569576432,34.10894123477273,39.61940000000029,34.61940000000029,394,79,10.389999999999418
658,3000.0,1,27.32320000000012,27.200000000000117,0,0,10,0,5.553113553113553,5,10,,,37.04966342910669,34.49617129021372,27.32320000000012,22.32320000000012,272,55,6.063000000001921
657,3000.0,1,48.98900000000042,48.50000000000042,0,0,10,0,4.296296296296297,7,12,,,41.36013488756766,38.69016254885585,48.98900000000042,43.98900000000042,485,97,14.406999999999243
608,3000.0,1,149.79948036445595,146.099999999996,0,0,17,0,6.876196990424076,49,54,,,46.60552877623194,43.820841835904794,149.79948036445595,144.79948036445595,1461,293,53.36000000000058
625,3000.0,1,24.53360000000008,24.500000000000078,0,0,10,0,5.028455284552845,5,10,,,37.16346180099638,33.42120696331781,24.53360000000008,19.53360000000008,245,49,12.015999999995984
663,3000.0,1,33.83740000000021,33.70000000000021,0,0,9,0,4.340236686390533,5,10,,,37.72826045179211,34.025429735664716,33.83740000000021,28.83740000000021,337,68,9.281000000002678
570,3000.0,1,562.7544000000578,539.9000000000542,0,0,33,0,8.085925925925926,187,192,,,47.07084250920633,44.83468422725514,562.7544000000578,557.7544000000578,5399,1080,190.39099999999598
631,3000.0,1,49.642800000000435,49.30000000000043,0,0,10,0,3.7044534412955468,7,12,,,41.39820609647285,37.75309194065447,49.642800000000435,44.642800000000435,493,99,10.031000000002678
576,3000.0,1,31.40240000000018,31.200000000000173,0,0,10,0,5.012779552715655,5,10,,,39.96919078671519,36.85124802712061,31.40240000000018,26.40240000000018,312,63,5.905999999995402
582,3000.0,1,21.564400000000038,21.500000000000036,0,0,10,0,6.111111111111111,5,10,,,35.935367500784665,31.56916574794246,21.564400000000038,16.564400000000038,215,43,3.014999999999418
637,3000.0,1,33.506400000000205,33.400000000000205,0,0,10,0,4.223880597014926,5,10,,,40.30526933506176,38.233378031424444,33.506400000000205,28.506400000000205,334,67,9.51600000000326
643,3000.0,1,25.441800000000093,25.40000000000009,0,0,9,0,5.078431372549019,4,9,,,41.22315451242783,36.469983749034384,25.441800000000093,20.441800000000093,254,51,1.9380000000019209
614,3000.0,1,113.11767052288594,115.09999999999773,0,0,9,0,4.723090277777778,20,25,,,51.69300021037304,49.48451067003424,113.11767052288594,108.11767052288594,1151,231,30.18800000000192
664,3000.0,1,170.16493476883045,165.49999999999488,0,0,13,0,5.0356280193236715,36,41,,,44.04927581102124,42.67253986650037,170.16493476883045,165.16493476883045,1655,331,44.328999999997905
620,3000.0,1,38.120400000000274,37.80000000000027,0,0,10,0,4.546174142480211,6,11,,,39.9441351468974,34.67922172880284,38.120400000000274,33.120400000000274,378,76,6.343000000000757
588,3000.0,1,69.62860000000032,69.20000000000034,0,0,10,0,2.9177489177489178,6,11,,,40.238679069131265,35.19957002130219,69.62860000000032,64.62860000000032,692,139,16.875
659,3000.0,1,347.6507647041006,341.50000000000915,0,0,11,0,3.888758782201405,63,68,,,50.16544626779416,49.41601261163592,347.6507647041006,342.6507647041006,3415,683,115.875
670,3000.0,1,30.461600000000168,30.30000000000016,0,0,10,0,5.578947368421052,5,10,,,37.34488417555764,35.626326316221274,30.461600000000168,25.461600000000168,303,61,10.687999999994645
665,3000.0,1,24.56860000000008,24.500000000000078,0,0,10,0,5.455284552845528,5,10,,,35.40556599241186,31.10648727882814,24.56860000000008,19.56860000000008,245,49,4.594000000004598
594,3000.0,1,46.10060000000039,45.80000000000038,0,0,10,0,3.681917211328976,5,10,,,37.34795614549868,33.901292072981605,46.10060000000039,41.10060000000039,458,92,12.218000000000757
669,3000.0,1,176.2387999999944,173.69999999999442,0,0,10,0,3.6409666283084006,20,25,,,48.20146041170043,46.98436845890107,176.2387999999944,171.2387999999944,1737,348,51.32800000000134
671,3000.0,1,27.25040000000012,27.100000000000115,0,0,10,0,5.540441176470588,5,10,,,36.476427535395004,31.44819395392041,27.25040000000012,22.25040000000012,271,55,8.047000000005937
649,3000.0,1,114.90299999999777,113.8999999999978,0,0,10,0,2.5385964912280703,11,16,,,44.13875684398541,38.328600481913526,114.90299999999777,109.90299999999777,1139,228,34.40699999999924
675,3000.0,1,46.11680000000039,45.70000000000038,0,0,10,0,4.3406113537117905,7,12,,,41.96090342690089,39.62211184280202,46.11680000000039,41.11680000000039,457,92,11.593999999997322
677,3000.0,1,42.53540000000033,42.00000000000033,0,0,10,0,5.26603325415677,7,12,,,39.550855676697076,37.66248583237314,42.53540000000033,37.53540000000033,420,84,12.23399999999674
683,3000.0,1,77.42419999999986,76.8999999999999,0,0,10,0,2.9077922077922076,7,12,,,43.27807135765493,40.933572184085556,77.42419999999986,72.42419999999986,769,154,20.93699999999808
689,3000.0,1,49.14720000000043,49.000000000000426,0,0,10,0,3.140529531568228,5,10,,,41.19787096371181,39.19850293869852,49.14720000000043,44.14720000000043,490,98,14.687999999994645
626,3000.0,1,241.3427999999911,231.69999999999112,0,0,17,0,7.28602243313201,76,81,,,45.73567605043295,43.90169018347737,241.3427999999911,236.3427999999911,2317,464,79.89099999999598
695,3000.0,1,18.8774,18.799999999999997,0,0,10,0,7.529100529100529,5,10,,,34.793233475630736,33.72737576797977,18.8774,13.877400000000002,188,38,5.171999999998661
632,3000.0,1,38.165200000000276,37.80000000000027,0,0,10,0,4.477572559366755,8,13,,,37.6878825112589,34.71213492234722,38.165200000000276,33.165200000000276,378,76,8.828000000001339
676,3000.0,1,264.6497703105857,257.19999999999,0,0,14,0,5.752817722502915,75,80,,,47.113220945215886,43.82269560120806,264.6497703105857,259.6497703105857,2572,515,86.75
681,3000.0,1,230.76415419605243,222.79999999999163,0,0,31,0,11.166890982503364,127,132,,,48.11440441846815,46.477134072433344,230.76415419605243,225.76415419605243,2228,446,72.51499999999942
687,3000.0,1,24.57800000000008,24.500000000000078,0,0,10,0,5.40650406504065,5,10,,,35.53608425445418,33.65774459281138,24.57800000000008,19.57800000000008,245,49,5.360000000000582
693,3000.0,1,21.759000000000043,21.70000000000004,0,0,10,0,6.2889908256880735,5,10,,,36.388804694088805,30.575001112327094,21.759000000000043,16.759000000000043,217,44,6.703000000001339
699,3000.0,1,15.99999999999996,15.99999999999996,0,0,10,0,7.838509316770186,5,10,,,33.03722903677003,31.520589350076524,15.99999999999996,10.99999999999996,160,32,5.421999999998661
600,3000.0,1,359.0355446549892,347.8000000000106,0,0,19,0,6.321644150617994,93,98,,,48.935132931889875,47.88338487113392,359.0355446549892,354.0355446549892,3478,696,121.5
701,3000.0,1,150.60559999999595,146.39999999999597,0,0,11,0,4.77679180887372,35,40,,,47.42527439296463,45.18557050137851,150.60559999999595,145.60559999999595,1464,293,54.375
705,3000.0,1,23.42180000000007,23.30000000000006,0,0,10,0,6.098290598290598,5,10,,,34.88717926691395,33.272821836887914,23.42180000000007,18.42180000000007,233,47,12.75
638,3000.0,1,160.13047029774896,152.7999999999956,0,0,21,0,9.007194244604317,70,75,,,45.15779593514284,42.09706199108951,160.13047029774896,155.13047029774896,1528,306,65.46800000000076
707,3000.0,1,30.69700000000017,30.400000000000162,0,0,10,0,5.468852459016394,7,12,,,37.50803517685924,35.7070426868838,30.69700000000017,25.69700000000017,304,61,18.56199999999808
606,3000.0,1,32.742000000000196,32.50000000000019,0,0,10,0,5.595092024539877,5,10,,,38.02351092169367,37.137255177664386,32.742000000000196,27.742000000000196,325,65,21.625
711,3000.0,1,22.23940000000005,22.200000000000045,0,0,10,0,5.816143497757848,5,10,,,35.924087320645924,32.91497985343466,22.23940000000005,17.23940000000005,222,45,15.764999999999418
644,3000.0,1,24.100800000000078,23.90000000000007,0,0,10,0,6.395833333333333,5,10,,,36.09651459598612,32.548249227913544,24.100800000000078,19.100800000000078,239,48,12.171999999998661
713,3000.0,1,35.03260000000023,34.70000000000022,0,0,10,0,5.198275862068965,5,10,,,40.82410788151432,38.36414922580312,35.03260000000023,30.03260000000023,347,70,15.906000000002678
719,3000.0,1,20.345400000000023,20.30000000000002,0,0,10,0,5.965686274509804,5,10,,,40.730557391321746,34.636933889585336,20.345400000000023,15.345400000000023,203,41,6.703000000001339
612,3000.0,1,60.7892000000006,59.70000000000058,0,0,10,0,5.172240802675585,12,17,,,47.53755699351369,47.95348077895692,60.7892000000006,55.7892000000006,597,120,30.0309999999954
618,3000.0,1,23.501600000000067,23.400000000000063,0,0,10,0,6.170212765957447,5,10,,,34.26421692407594,32.26730822075494,23.501600000000067,18.501600000000067,234,47,5.046999999998661
655,3000.0,1,460.65883071234697,441.6000000000319,0,0,23,0,11.196513470681458,197,202,,,46.31856840889346,46.00454868206385,460.65883071234697,455.65883071234697,4416,884,180.09399999999732
661,3000.0,1,25.471800000000094,25.40000000000009,0,0,10,0,5.415686274509804,5,10,,,34.91962848512905,32.500963018089486,25.471800000000094,20.471800000000094,254,51,5.75
667,3000.0,1,47.45320000000041,46.9000000000004,0,0,10,0,4.480851063829787,9,14,,,40.55404779981909,37.074479432686324,47.45320000000041,42.45320000000041,469,94,12.875
624,3000.0,1,91.78939999999908,90.9999999999991,0,0,10,0,2.8913282107574094,9,14,,,44.11069003150222,41.32750514047835,91.78939999999908,86.78939999999908,910,182,30.5
725,3000.0,1,126.99219999999727,121.89999999999735,0,0,15,0,6.93360655737705,41,46,,,46.7352861214351,44.579698294490186,126.99219999999727,121.99219999999727,1219,244,45.71899999999732
682,3000.0,1,353.3106380063223,327.40000000000595,0,0,35,0,15.492519083969466,266,271,,,46.863509375583135,45.69374026028866,353.3106380063223,348.3106380063223,3274,655,143.81300000000192
673,3000.0,1,27.119000000000117,27.000000000000114,0,0,10,0,5.608856088560886,5,10,,,34.21579736861548,30.37547931207836,27.119000000000117,22.119000000000117,270,54,12.23399999999674
650,3000.0,1,174.26918204137704,171.69999999999453,0,0,12,0,4.580908032596042,40,45,,,45.770363048764935,46.28196879890112,174.26918204137704,169.26918204137704,1717,344,72.875
731,3000.0,1,23.02080000000006,22.900000000000055,0,0,10,0,5.8304347826086955,5,10,,,39.15803318139256,35.045316940349906,23.02080000000006,18.02080000000006,229,46,10.672000000005937
656,3000.0,1,16.599999999999966,16.599999999999966,0,0,10,0,7.191616766467066,5,10,,,34.602782832847836,32.72427597931473,16.599999999999966,11.599999999999966,166,34,4.26600000000326
688,3000.0,1,33.631200000000206,33.400000000000205,0,0,10,0,4.764179104477612,7,12,,,36.52869416447823,34.23057089442323,33.631200000000206,28.631200000000206,334,67,14.18800000000192
679,3000.0,1,39.03840000000029,38.80000000000028,0,0,10,0,4.570694087403599,5,10,,,37.58173011335509,36.672835779935085,39.03840000000029,34.03840000000029,388,78,14.43699999999808
717,3000.0,1,237.7619999999914,229.19999999999126,0,0,17,0,6.197993894461404,78,83,,,47.116639955308685,45.66126037932752,237.7619999999914,232.7619999999914,2292,459,97.65699999999924
694,3000.0,1,25.16040000000009,25.100000000000087,0,0,10,0,5.087301587301587,5,10,,,37.006074788249116,32.60373154478401,25.16040000000009,20.16040000000009,251,51,7.89100000000326
662,3000.0,1,38.37460000000028,38.10000000000027,0,0,10,0,4.782722513089006,5,10,,,36.55016124411825,33.68239547760528,38.37460000000028,33.37460000000028,381,77,14.484000000004016
737,3000.0,1,51.656800000000466,51.40000000000046,0,0,10,0,3.233009708737864,7,12,,,38.58915311520346,36.62471032738684,51.656800000000466,46.656800000000466,514,103,21.875
723,3000.0,1,25.230200000000092,25.200000000000088,0,0,10,0,5.055335968379446,5,10,,,35.43996506127793,30.871129564940887,25.230200000000092,20.230200000000092,252,51,12.202999999994063
685,3000.0,1,30.022000000000162,29.800000000000153,0,0,9,0,5.632107023411371,5,10,,,40.592015738638075,39.489911180570594,30.022000000000162,25.022000000000162,298,60,18.10899999999674
700,3000.0,1,21.169800000000034,21.10000000000003,0,0,10,0,6.59433962264151,5,10,,,36.88496962304641,33.94700750735794,21.169800000000034,16.169800000000034,211,43,15.421999999998661
743,3000.0,1,23.86580000000007,23.800000000000068,0,0,10,0,5.602510460251046,5,10,,,35.08434122365454,32.905875552445686,23.86580000000007,18.86580000000007,238,48,12.922000000005937
729,3000.0,1,19.160400000000006,19.1,0,0,10,0,7.15625,5,10,,,34.390105972093295,29.921024974809136,19.160400000000006,14.160400000000006,191,39,9.281000000002678
668,3000.0,1,34.09200000000021,34.00000000000021,0,0,10,0,4.038123167155425,5,10,,,36.982171409878596,33.375826947124835,34.09200000000021,29.092000000000212,340,68,20.4690000000046
706,3000.0,1,36.01900000000024,35.80000000000024,0,0,10,0,4.245125348189415,6,11,,,39.43416068408209,33.384693288950174,36.01900000000024,31.01900000000024,358,72,12.375
735,3000.0,1,34.37680000000022,34.00000000000021,0,0,10,0,4.9530791788856305,8,13,,,36.86428733482415,33.33365601519136,34.37680000000022,29.376800000000223,340,68,12.890999999995984
674,3000.0,1,31.84740000000019,31.60000000000018,0,0,10,0,5.271293375394322,6,11,,,37.36826552050663,35.4788890084239,31.84740000000019,26.84740000000019,316,64,13.202999999994063
749,3000.0,1,43.81460000000035,43.60000000000035,0,0,9,0,3.4919908466819223,6,11,,,42.095612923763866,38.833490445036674,43.81460000000035,38.81460000000035,436,88,21.468999999997322
712,3000.0,1,20.326000000000022,20.30000000000002,0,0,10,0,5.970588235294118,5,10,,,33.396392552571754,30.739864234998837,20.326000000000022,15.326000000000022,203,41,14.172000000005937
755,3000.0,1,18.25879999999999,18.19999999999999,0,0,10,0,7.633879781420765,5,10,,,33.58171020464124,32.77885515403558,18.25879999999999,13.25879999999999,182,37,6.0939999999973224
680,3000.0,1,26.324400000000107,26.1000000000001,0,0,10,0,6.6603053435114505,5,10,,,34.471813092514815,32.486676772658456,26.324400000000107,21.324400000000107,261,53,13.875
741,3000.0,1,34.68300000000022,34.60000000000022,0,0,10,0,3.9798270893371757,5,10,,,35.21528866360182,32.50185828469691,34.68300000000022,29.68300000000022,346,70,21.20300000000134
718,3000.0,1,34.37780000000022,34.200000000000216,0,0,9,0,4.463556851311953,4,9,,,42.47315483943726,37.193151064465994,34.37780000000022,29.37780000000022,342,69,14.578000000001339
761,3000.0,1,25.7694000000001,25.600000000000094,0,0,10,0,5.583657587548638,5,10,,,41.83055695735118,42.14721334725615,25.7694000000001,20.7694000000001,256,52,13.139999999999418
747,3000.0,1,22.842000000000056,22.800000000000054,0,0,10,0,5.541484716157205,5,10,,,34.78952776452332,30.847065017493655,22.842000000000056,17.842000000000056,228,46,10.01600000000326
691,3000.0,1,133.13559999999683,130.99999999999685,0,0,8,0,3.527078565980168,21,26,,,46.239082957825026,44.96342399159447,133.13559999999683,128.13559999999683,1310,262,65.13999999999942
767,3000.0,1,34.48180000000022,34.30000000000022,0,0,10,0,4.4186046511627906,6,11,,,37.254143664112924,35.384805718695304,34.48180000000022,29.48180000000022,343,69,11.280999999995402
724,3000.0,1,62.07660000000061,61.70000000000061,0,0,10,0,3.1407766990291264,9,14,,,42.20718951822202,38.057514259219246,62.07660000000061,57.07660000000061,617,124,21.0309999999954
697,3000.0,1,32.65560000000019,32.50000000000019,0,0,9,0,4.588957055214724,4,9,,,43.72783137699741,38.38804182559247,32.65560000000019,27.65560000000019,325,65,10.10899999999674
773,3000.0,1,37.727200000000266,37.50000000000026,0,0,10,0,4.263297872340425,6,11,,,43.39166699741078,40.33318197516695,37.727200000000266,32.727200000000266,375,75,12.514999999999418
730,3000.0,1,25.14780000000009,25.000000000000085,0,0,10,0,6.095617529880478,5,10,,,34.99283108541998,32.222474682128414,25.14780000000009,20.14780000000009,250,50,11.48399999999674
703,3000.0,1,23.505000000000067,23.400000000000063,0,0,9,0,5.953191489361702,4,9,,,37.53161214588467,32.81811869164957,23.505000000000067,18.505000000000067,234,47,11.656000000002678
779,3000.0,1,24.880600000000086,24.70000000000008,0,0,10,0,6.112903225806452,5,10,,,35.65389783331973,32.17908177293348,24.880600000000086,19.880600000000086,247,50,12.43800000000192
709,3000.0,1,31.925800000000187,31.800000000000182,0,0,11,0,4.984326018808777,6,11,,,36.99096817103351,32.13470209734546,31.925800000000187,26.925800000000187,318,64,12.672000000005937
736,3000.0,1,38.19321892205096,38.50000000000028,0,0,9,0,5.642487046632124,8,13,,,45.42803479386792,43.650126814701,38.19321892205096,33.19321892205096,385,77,20.015999999995984
785,3000.0,1,22.37460000000005,22.300000000000047,0,0,10,0,5.977678571428571,5,10,,,33.83659906788983,31.253877835779754,22.37460000000005,17.37460000000005,223,45,12.468999999997322
715,3000.0,1,17.032399999999974,16.99999999999997,0,0,10,0,7.742690058479532,5,10,,,33.17471596507375,30.84832461534327,17.032399999999974,12.032399999999974,170,34,9.546999999998661
742,3000.0,1,31.160800000000176,30.90000000000017,0,0,10,0,5.651612903225806,6,11,,,36.381377924472005,31.255294065104327,31.160800000000176,26.160800000000176,309,62,12.18699999999808
721,3000.0,1,30.443800000000167,30.30000000000016,0,0,10,0,5.286184210526316,5,10,,,37.27133609939363,37.13304298445587,30.443800000000167,25.443800000000167,303,61,8.203000000001339
630,3000.0,1,409.1343364546791,393.00000000002086,0,0,25,0,8.504706181633173,156,161,,,45.71006521885032,43.996584966111286,409.1343364546791,404.1343364546791,3930,786,188.11000000000058
791,3000.0,1,132.95338085845916,131.9999999999968,0,0,10,0,2.32778198334595,13,18,,,44.73813228279941,42.25231005144671,132.95338085845916,127.95338085845916,1320,264,38.70300000000134
748,3000.0,1,119.9775477616697,119.59999999999748,0,0,10,0,3.4695071010860485,16,21,,,43.65428698957441,40.977945352577564,119.9775477616697,114.9775477616697,1196,240,33.79699999999866
797,3000.0,1,16.499999999999964,16.499999999999964,0,0,10,0,7.614457831325301,5,10,,,33.4709477028844,31.036210911302796,16.499999999999964,11.499999999999964,165,33,6.25
754,3000.0,1,20.14460000000002,20.100000000000016,0,0,10,0,6.836633663366337,5,10,,,35.00277645579509,30.669762514122596,20.14460000000002,15.144600000000018,201,41,5.7189999999973224
803,3000.0,1,41.53600000000032,41.40000000000032,0,0,10,0,3.780722891566265,6,11,,,36.43138133314083,33.91939078640496,41.53600000000032,36.53600000000032,414,83,8.780999999995402
753,3000.0,1,374.07340000001693,359.3000000000132,0,0,17,0,6.988592097941013,126,131,,,47.21240611582148,45.80748072110575,374.07340000001693,369.07340000001693,3593,719,129.0
809,3000.0,1,60.331000000000586,59.90000000000058,0,0,9,0,3.3216666666666668,7,12,,,43.460526565485885,38.77567697349601,60.331000000000586,55.331000000000586,599,120,15.18699999999808
686,3000.0,1,415.9467888710785,409.4000000000246,0,0,27,0,9.146275946275946,166,171,,,46.58112624860387,46.834369021524154,415.9467888710785,410.9467888710785,4094,819,155.5
759,3000.0,1,28.858400000000145,28.700000000000138,0,0,10,0,5.694444444444445,5,10,,,34.83808975167991,32.04793311327275,28.858400000000145,23.858400000000145,287,58,12.297000000005937
765,3000.0,1,17.825199999999985,17.799999999999983,0,0,10,0,6.960893854748603,5,10,,,33.473330134289874,30.6404337160876,17.825199999999985,12.825199999999985,178,36,3.875
692,3000.0,1,27.16820000000012,27.100000000000115,0,0,10,0,5.275735294117647,5,10,,,34.54200125840124,31.375945637573565,27.16820000000012,22.16820000000012,271,55,11.468999999997322
727,3000.0,1,271.3484755645464,256.2999999999898,0,0,24,0,9.86544461778471,109,114,,,50.46589295637822,49.727541707744926,271.3484755645464,266.3484755645464,2563,513,84.45300000000134
771,3000.0,1,29.38860000000015,29.300000000000146,0,0,10,0,4.948979591836735,5,10,,,34.41374274675837,31.930309655053108,29.38860000000015,24.38860000000015,293,59,8.765999999995984
698,3000.0,1,33.94720000000021,33.70000000000021,0,0,10,0,5.15680473372781,5,10,,,37.60889420258638,34.84096214658264,33.94720000000021,28.94720000000021,337,68,9.375
815,3000.0,1,159.40388853696552,153.89999999999554,0,0,15,0,6.991558441558442,49,54,,,45.060042317294844,42.52613405529113,159.40388853696552,154.40388853696552,1539,308,50.48500000000058
733,3000.0,1,170.82241334394288,172.89999999999446,0,0,18,0,6.491329479768786,67,72,,,48.93632296102523,48.13146236933157,170.82241334394288,165.82241334394288,1729,346,46.21800000000076
739,3000.0,1,22.179400000000047,22.100000000000044,0,0,11,0,6.707207207207207,6,11,,,32.512739725745284,28.998584282271302,22.179400000000047,17.179400000000047,221,45,5.8439999999973224
636,3000.0,1,415.40924376124985,411.40000000002505,0,0,16,0,5.547509113001215,96,101,,,48.542056221389,50.02678578413799,415.40924376124985,410.40924376124985,4114,823,135.23399999999674
745,3000.0,1,19.227200000000007,19.200000000000003,0,0,10,0,6.7927461139896375,5,10,,,34.32440979711746,28.760741133178495,19.227200000000007,14.227200000000007,192,39,8.906000000002678
642,3000.0,1,39.25260000000029,39.000000000000284,0,0,9,0,4.534526854219949,4,9,,,41.8433461990939,37.95704002231357,39.25260000000029,34.25260000000029,390,78,14.93800000000192
751,3000.0,1,45.598800000000374,45.20000000000037,0,0,10,0,4.30242825607064,7,12,,,39.4301444028518,38.13535897290317,45.598800000000374,40.598800000000374,452,91,18.54699999999866
760,3000.0,1,419.4208391543497,408.80000000002445,0,0,22,0,6.381755930545365,116,121,,,43.8902682688228,42.77438769994675,419.4208391543497,414.4208391543497,4088,818,143.17199999999866
757,3000.0,1,35.27540000000023,35.00000000000023,0,0,10,0,5.60968660968661,6,11,,,38.847754480509955,38.11055220404131,35.27540000000023,30.275400000000232,350,70,13.35899999999674
763,3000.0,1,53.71820000000049,53.30000000000049,0,0,9,0,3.548689138576779,6,11,,,39.44945231544885,34.82404716310486,53.71820000000049,48.71820000000049,533,107,21.485000000000582
769,3000.0,1,24.287400000000076,24.200000000000074,0,0,9,0,5.699588477366255,5,10,,,39.67900695833937,38.97183074271209,24.287400000000076,19.287400000000076,242,49,7.89100000000326
775,3000.0,1,25.552000000000096,25.500000000000092,0,0,10,0,5.5,5,10,,,38.09335596068848,35.26940589334541,25.552000000000096,20.552000000000096,255,51,8.23399999999674
821,3000.0,1,324.9615313672891,313.2000000000027,0,0,25,0,11.914139802106607,177,182,,,47.71340979133931,47.45871681264245,324.9615313672891,319.9615313672891,3132,627,128.09300000000076
777,3000.0,1,419.77513354917113,405.4000000000237,0,0,24,0,9.84340320591862,204,209,,,48.10850090286879,47.4035339731612,419.77513354917113,414.77513354917113,4054,811,156.76600000000326
704,3000.0,1,430.34439768647803,417.20000000002636,0,0,23,0,8.068296189791518,147,152,,,46.320858191577166,43.81797253417947,430.34439768647803,425.34439768647803,4172,835,159.71899999999732
827,3000.0,1,31.69200000000018,31.60000000000018,0,0,10,0,4.678233438485805,6,11,,,35.9851845384763,33.73841378688018,31.69200000000018,26.69200000000018,316,64,12.06199999999808
710,3000.0,1,17.49999999999998,17.49999999999998,0,0,10,0,7.4147727272727275,5,10,,,35.498488492046164,32.98743484193392,17.49999999999998,12.499999999999979,175,35,5.60899999999674
716,3000.0,1,20.65840000000003,20.600000000000023,0,0,10,0,6.980676328502415,5,10,,,36.13075327284074,32.96656300090277,20.65840000000003,15.658400000000029,206,42,4.0939999999973224
722,3000.0,1,40.0842000000003,39.9000000000003,0,0,10,0,4.1875,5,10,,,38.14668650542994,32.789199311510195,40.0842000000003,35.0842000000003,399,80,11.906000000002678
728,3000.0,1,47.89400000000041,47.70000000000041,0,0,10,0,3.985355648535565,5,10,,,43.01434820946072,40.03693767786022,47.89400000000041,42.89400000000041,477,96,13.875
833,3000.0,1,139.25037128068055,133.3999999999967,0,0,23,0,7.782022471910112,54,59,,,47.85946931341929,47.98780759638381,139.25037128068055,134.25037128068055,1334,267,46.38999999999942
734,3000.0,1,34.52980000000022,34.30000000000022,0,0,10,0,5.104651162790698,6,11,,,38.39012217182835,36.67380202043461,34.52980000000022,29.529800000000222,343,69,13.421000000002095
839,3000.0,1,41.63340000000032,41.40000000000032,0,0,10,0,4.595180722891566,5,10,,,37.070155348645976,34.24884747350512,41.63340000000032,36.63340000000032,414,83,14.906000000002678
845,3000.0,1,68.13340000000039,67.50000000000044,0,0,11,0,3.655325443786982,8,13,,,44.60639974109096,41.37805740449317,68.13340000000039,63.13340000000039,675,135,18.32800000000134
740,3000.0,1,108.52679999999815,107.29999999999818,0,0,9,0,3.0884543761638734,12,17,,,51.32051770107397,43.507797570282065,108.52679999999815,103.52679999999815,1073,215,34.640999999995984
851,3000.0,1,21.400000000000034,21.400000000000034,0,0,10,0,5.986046511627907,5,10,,,34.367840681690424,28.839450034428292,21.400000000000034,16.400000000000034,214,43,8.60899999999674
648,3000.0,1,543.4133756845093,536.9000000000535,0,0,20,0,7.867225325884544,206,211,,,46.68413504039609,44.31342793538021,543.4133756845093,538.4133756845093,5369,1074,204.59300000000076
654,3000.0,1,39.26280000000028,38.90000000000028,0,0,9,0,4.671794871794872,7,12,,,47.48717071055511,44.483458313895646,39.26280000000028,34.26280000000028,389,78,8.468999999997322
781,3000.0,1,426.3163161375395,424.400000000028,0,0,19,0,6.740871613663133,132,137,,,50.197825422021936,49.1472658301385,426.3163161375395,421.3163161375395,4244,849,147.2039999999979
660,3000.0,1,34.620000000000225,34.40000000000022,0,0,10,0,4.765217391304348,5,10,,,40.24307283479214,37.831752385706466,34.620000000000225,29.620000000000225,344,69,9.68800000000192
666,3000.0,1,33.75660000000021,33.60000000000021,0,0,10,0,4.4183976261127595,5,10,,,39.38888875855175,37.11079814726997,33.75660000000021,28.756600000000212,336,68,5.5789999999979045
783,3000.0,1,485.7687664946154,473.6000000000392,0,0,25,0,8.679121807050876,189,194,,,45.91794525083778,44.38562918221317,485.7687664946154,480.7687664946154,4736,948,157.63999999999942
746,3000.0,1,202.88359999999292,199.59999999999295,0,0,12,0,4.023034551827742,33,38,,,45.195228303332485,44.441196655936864,202.88359999999292,197.88359999999292,1996,400,60.21899999999732
752,3000.0,1,36.24920000000024,35.90000000000024,0,0,10,0,5.583333333333333,5,10,,,40.1885380877686,38.7854960928629,36.24920000000024,31.249200000000243,359,72,9.843999999997322
672,3000.0,1,71.13920000000023,70.70000000000026,0,0,10,0,3.187853107344633,5,10,,,41.24458725639398,38.69667333364485,71.13920000000023,66.13920000000023,707,142,29.57800000000134
766,3000.0,1,704.6906502034702,702.8000000000912,0,0,25,0,9.446436192915066,278,283,,,49.10391827019104,48.89574413702799,704.6906502034702,699.6906502034702,7028,1406,258.0310000000027
678,3000.0,1,70.0160000000003,69.50000000000033,0,0,10,0,3.0905172413793105,7,12,,,41.02448567067213,37.02002351742779,70.0160000000003,65.0160000000003,695,139,21.578999999997905
772,3000.0,1,91.02997689484717,90.19999999999915,0,0,11,0,4.36766334440753,12,17,,,47.58931158584768,46.4438688537215,91.02997689484717,86.02997689484717,902,181,26.875
857,3000.0,1,461.34772749004145,444.3000000000325,0,0,19,0,9.428442844284428,204,209,,,44.977731340463336,42.33042592760396,461.34772749004145,456.34772749004145,4443,889,134.68699999999808
787,3000.0,1,352.84368797673153,338.50000000000847,0,0,48,0,11.03957471943296,179,184,,,48.00206771454665,46.07712740577149,352.84368797673153,347.84368797673153,3385,677,109.40600000000268
758,3000.0,1,229.19509968781296,222.09999999999167,0,0,18,0,8.845184518451845,85,90,,,47.7960366882836,45.955626989123175,229.19509968781296,224.19509968781296,2221,445,70.17199999999866
793,3000.0,1,41.06680000000031,40.80000000000031,0,0,10,0,4.784841075794621,5,10,,,37.00249013408607,34.3602198730568,41.06680000000031,36.06680000000031,408,82,12.172000000005937
863,3000.0,1,45.07960000000037,44.700000000000365,0,0,10,0,4.805803571428571,7,12,,,39.08078862661561,38.30865901564187,45.07960000000037,40.07960000000037,447,90,18.18800000000192
869,3000.0,1,24.32740000000008,24.300000000000075,0,0,10,0,6.036885245901639,5,10,,,34.02631423096662,32.218737824374536,24.32740000000008,19.32740000000008,243,49,5.843000000000757
778,3000.0,1,203.31077897502732,197.59999999999306,0,0,15,0,6.683864441072332,55,60,,,46.01148562303328,44.351410265216316,203.31077897502732,198.31077897502732,1976,396,61.54699999999866
764,3000.0,1,167.75294867857252,167.89999999999475,0,0,17,0,8.48392857142857,54,59,,,47.01347338501792,46.44960902164821,167.75294867857252,162.75294867857252,1679,336,54.89100000000326
789,3000.0,1,463.75418728941463,444.7000000000326,0,0,26,0,8.481339928057555,227,232,,,45.614569837926005,41.877315839168794,463.75418728941463,458.75418728941463,4447,890,152.92199999999866
684,3000.0,1,422.2168000000274,402.60000000002304,0,0,23,0,8.887012664514527,154,159,,,46.87312332604397,45.65987910418123,422.2168000000274,417.2168000000274,4026,806,131.625
690,3000.0,1,36.96860000000026,36.80000000000025,0,0,9,0,4.544715447154472,4,9,,,40.33043010527285,34.766621484792246,36.96860000000026,31.968600000000258,368,74,14.06199999999808
875,3000.0,1,374.6966219223094,369.4000000000155,0,0,26,0,9.991339648173208,170,175,,,45.61708990147236,44.81977925507098,374.6966219223094,369.6966219223094,3694,739,132.14099999999598
770,3000.0,1,338.0328180912884,325.0000000000054,0,0,24,0,8.29744693940326,113,118,,,47.92813398852945,47.09655075258287,338.0328180912884,333.0328180912884,3250,650,118.23400000000402
784,3000.0,1,444.57278068211644,434.9000000000304,0,0,21,0,7.630804597701149,138,143,,,47.84787543116214,47.768251604965755,444.57278068211644,439.57278068211644,4349,870,156.0
799,3000.0,1,598.9725491002345,566.3000000000602,0,0,40,0,13.678319209039548,316,321,,,45.64379350502212,44.95956461680643,598.9725491002345,593.9725491002345,5663,1133,201.75
790,3000.0,1,69.91066092941793,70.10000000000029,0,0,10,0,2.967236467236467,6,11,,,43.470627118378594,40.53228084146974,69.91066092941793,64.91066092941793,701,141,23.656999999999243
796,3000.0,1,30.14980000000016,29.900000000000155,0,0,10,0,6.27,6,11,,,37.62121928178827,35.80244502107729,30.14980000000016,25.14980000000016,299,60,5.453000000001339
805,3000.0,1,38.79680000000028,38.50000000000028,0,0,10,0,4.608808290155441,8,13,,,38.44322017825503,34.34638491633278,38.79680000000028,33.79680000000028,385,77,13.01600000000326
811,3000.0,1,30.267400000000162,30.000000000000156,0,0,10,0,6.186046511627907,6,11,,,40.73046921544943,36.94687528627581,30.267400000000162,25.267400000000162,300,60,6.23399999999674
696,3000.0,1,500.6029449272057,485.2000000000418,0,0,29,0,10.849165464661034,234,239,,,48.718318848463376,47.54935640385187,500.6029449272057,495.6029449272057,4852,971,168.06300000000192
795,3000.0,1,650.9729605470133,636.4000000000761,0,0,29,0,9.2356637863315,317,322,,,48.17519563697672,47.0117657452822,650.9729605470133,645.9729605470133,6364,1273,225.65600000000268
881,3000.0,1,408.2896786790093,400.3000000000225,0,0,19,0,7.5289710289710285,158,163,,,49.36464180101383,48.71233374800029,408.2896786790093,403.2896786790093,4003,801,137.5
801,3000.0,1,41.24180000000031,40.70000000000031,0,0,11,0,5.703431372549019,9,14,,,40.371488157175826,40.33780585041997,41.24180000000031,36.24180000000031,407,82,14.125
776,3000.0,1,428.72033895940683,411.300000000025,0,0,29,0,11.490520175012154,211,216,,,47.19809445620685,45.418420602010926,428.72033895940683,423.72033895940683,4113,823,146.75
807,3000.0,1,188.09199999999373,184.29999999999382,0,0,11,0,4.639913232104122,30,35,,,45.34014600379734,42.72356993990742,188.09199999999373,183.09199999999373,1843,369,68.125
802,3000.0,1,428.57384195724586,411.80000000002514,0,0,33,0,13.844136926438456,248,253,,,47.73226486081992,47.74994630988098,428.57384195724586,423.57384195724586,4118,824,153.46899999999732
702,3000.0,1,389.30720765251044,386.30000000001934,0,0,21,0,8.140269151138716,155,160,,,47.9820057753591,46.814708452630654,389.30720765251044,384.30720765251044,3863,773,147.28199999999924
782,3000.0,1,410.79363518346395,387.20000000001954,0,0,30,0,11.974438419829589,273,278,,,45.9874358678634,44.03672998127779,410.79363518346395,405.79363518346395,3872,775,148.23500000000058
808,3000.0,1,266.95679999999277,259.69999999999055,0,0,19,0,4.903772132409546,54,59,,,42.72404094515702,40.301588092417646,266.95679999999277,261.95679999999277,2597,520,100.25
887,3000.0,1,538.4534462636208,523.0000000000504,0,0,28,0,11.33989676926018,284,289,,,48.0952052020662,48.4523258962288,538.4534462636208,533.4534462636208,5230,1046,200.9210000000021
813,3000.0,1,361.27441716229964,338.7000000000085,0,0,40,0,13.564935064935066,193,198,,,47.16057687208881,46.28781600454559,361.27441716229964,356.27441716229964,3387,678,132.625
817,3000.0,1,775.4399878033843,741.0000000000999,0,0,31,0,12.654837403859128,432,437,,,46.84605477751262,46.06943169904058,775.4399878033843,770.4399878033843,7410,1482,286.3130000000019
823,3000.0,1,134.63419999999672,132.29999999999677,0,0,11,0,3.9486404833836857,25,30,,,45.558429622425535,44.54858405639185,134.63419999999672,129.63419999999672,1323,265,38.93699999999808
814,3000.0,1,249.37236816811335,237.69999999999078,0,0,32,0,12.66610597140454,126,131,,,46.55006778666235,45.79837881366039,249.37236816811335,244.37236816811335,2377,476,83.9059999999954
788,3000.0,1,272.5633737592617,257.29999999999,0,0,25,0,11.179487179487179,117,122,,,44.6756050832737,42.845237043036796,272.5633737592617,267.5633737592617,2573,515,94.71800000000076
708,3000.0,1,431.2981566758784,418.3000000000266,0,0,32,0,12.946223709369026,249,254,,,48.10431336758391,48.10504318816978,431.2981566758784,426.2981566758784,4183,837,154.04699999999866
893,3000.0,1,259.60608349815584,253.79999999998986,0,0,33,0,9.135092556124459,113,118,,,46.2700785329832,44.01450710734774,259.60608349815584,254.60608349815584,2538,508,86.26600000000326
714,3000.0,1,45.275200000000375,44.80000000000037,0,0,11,0,5.146993318485523,7,12,,,41.2686140535291,41.43642293570922,45.275200000000375,40.275200000000375,448,90,11.375
819,3000.0,1,278.58903847170467,278.7999999999949,0,0,14,0,5.8637504481893155,77,82,,,47.10680337117445,46.852369274797155,278.58903847170467,273.58903847170467,2788,558,98.42199999999866
825,3000.0,1,39.79220000000029,39.30000000000029,0,0,10,0,5.0152284263959395,8,13,,,39.12782411746399,35.56198139867061,39.79220000000029,34.79220000000029,393,79,15.905999999995402
831,3000.0,1,24.37440000000008,24.200000000000074,0,0,10,0,6.51440329218107,5,10,,,36.63869944620687,35.47981093809102,24.37440000000008,19.37440000000008,242,49,10.139999999999418
899,3000.0,1,124.48793338315376,122.89999999999729,0,0,23,0,7.9227642276422765,43,48,,,46.41375566935951,46.09447996712085,124.48793338315376,119.48793338315376,1229,246,59.79699999999866
794,3000.0,1,182.8951064986523,183.09999999999388,0,0,39,0,10.039847161572052,101,106,,,47.73511947361815,46.31351803028932,182.8951064986523,177.8951064986523,1831,367,77.40699999999924
800,3000.0,1,116.93453869675315,116.09999999999768,0,0,10,0,4.442340791738382,24,29,,,44.87513390484836,46.085935791866206,116.93453869675315,111.93453869675315,1161,233,41.390999999995984
806,3000.0,1,41.927400000000326,41.70000000000032,0,0,10,0,4.208133971291866,5,10,,,38.198301341850545,36.407111373640795,41.927400000000326,36.927400000000326,417,84,15.280999999995402
812,3000.0,1,107.94779999999815,106.8999999999982,0,0,10,0,3.0308411214953273,11,16,,,43.067653536869,41.57429321130768,107.94779999999815,102.94779999999815,1069,214,45.42199999999866
720,3000.0,1,439.1512208432735,418.2000000000266,0,0,23,0,11.931628018168778,280,285,,,47.55856933410247,47.31696691356295,439.1512208432735,434.1512208432735,4182,837,182.43700000000536
829,3000.0,1,499.3335020193218,508.9000000000472,0,0,40,0,14.86090373280943,410,415,,,49.21099324205965,48.98692614037964,499.3335020193218,494.3335020193218,5089,1018,213.90600000000268
726,3000.0,1,28.317800000000137,28.000000000000128,0,0,11,0,6.548042704626335,7,12,,,37.39172978818699,35.753772732214586,28.317800000000137,23.317800000000137,280,56,8.35899999999674
837,3000.0,1,432.6453110240818,425.40000000002823,0,0,19,0,6.660164512338425,99,104,,,45.84326184631399,45.54663809539163,432.6453110240818,427.6453110240818,4254,851,169.90699999999924
820,3000.0,1,653.042125297108,636.7000000000762,0,0,31,0,9.143059045226131,270,275,,,46.656578550763626,45.73229598111943,653.042125297108,648.042125297108,6367,1274,262.6880000000019
905,3000.0,1,781.2560760496134,739.7000000000996,0,0,39,0,11.40632603406326,420,425,,,43.51172081447198,39.52051162640491,781.2560760496134,776.2560760496134,7397,1480,303.15699999999924
732,3000.0,1,471.937903716778,471.9000000000388,0,0,35,0,11.48114406779661,279,284,,,46.7310208371787,46.46200850363886,471.937903716778,466.937903716778,4719,944,189.43700000000536
826,3000.0,1,513.6103965025471,494.3000000000439,0,0,34,0,10.685275080906148,228,233,,,48.24387507455029,48.566143934827636,513.6103965025471,508.61039650254713,4943,989,186.71899999999732
843,3000.0,1,544.6756594473102,533.0000000000526,0,0,30,0,12.91558806978053,344,349,,,47.15016838681048,45.45120391366926,544.6756594473102,539.6756594473102,5330,1066,209.17199999999866
835,3000.0,1,645.3982745607694,662.4000000000821,0,0,44,0,14.98732075471698,499,504,,,47.45743440167479,47.32269470186775,645.3982745607694,640.3982745607694,6624,1325,249.48399999999674
911,3000.0,1,267.08408278056373,261.79999999999103,0,0,14,0,6.4772814051164564,59,64,,,46.71212453882059,45.6637383644462,267.08408278056373,262.08408278056373,2618,524,83.90600000000268
818,3000.0,1,770.8852048928089,765.9000000001056,0,0,21,0,6.304699738903394,244,249,,,48.29837003658404,49.137930045398974,770.8852048928089,765.8852048928089,7659,1532,285.9689999999973
738,3000.0,1,270.0143474716103,257.99999999999017,0,0,26,0,7.5203409531189465,117,122,,,43.683068902770394,40.40658081987935,270.0143474716103,265.0143474716103,2580,516,91.3289999999979
917,3000.0,1,111.86628137281684,112.89999999999786,0,0,11,0,5.448672566371681,26,31,,,46.697572826979744,45.77635935418302,111.86628137281684,106.86628137281684,1129,226,53.76499999999942
923,3000.0,1,72.84480000000013,72.40000000000016,0,0,11,0,3.1462068965517243,8,13,,,42.02909234749239,38.747673402033946,72.84480000000013,67.84480000000013,724,145,26.81300000000192
832,3000.0,1,256.12537549267824,250.59999999999005,0,0,32,0,12.266852812126047,153,158,,,48.187147464331495,47.57779525174367,256.12537549267824,251.12537549267824,2506,502,107.14100000000326
838,3000.0,1,58.191600000000555,57.90000000000055,0,0,10,0,3.4879310344827585,5,10,,,35.84003346670296,34.05352939713878,58.191600000000555,53.191600000000555,579,116,22.828999999997905
849,3000.0,1,445.7520592504785,430.9000000000295,0,0,35,0,8.254988399071927,150,155,,,46.69890131354409,45.43590862065178,445.7520592504785,440.7520592504785,4309,862,182.43800000000192
824,3000.0,1,394.4307113184909,389.30000000002,0,0,22,0,9.356445814072933,136,141,,,50.877484464361444,51.325967277978066,394.4307113184909,389.4307113184909,3893,779,178.67199999999866
855,3000.0,1,122.57586377003996,122.59999999999731,0,0,14,0,5.515892420537897,27,32,,,47.10445723910756,46.571383891948216,122.57586377003996,117.57586377003996,1226,246,48.5
929,3000.0,1,472.0782151095388,467.0000000000377,0,0,34,0,14.570327552986512,329,334,,,49.11586283287569,48.260748509054835,472.0782151095388,467.0782151095388,4670,934,190.90699999999924
744,3000.0,1,624.8862687115521,608.0000000000697,0,0,24,0,8.1106725867456,189,194,,,47.31531093569368,47.181912488028736,624.8862687115521,619.8862687115521,6080,1216,250.18800000000192
750,3000.0,1,56.70280000000053,56.10000000000053,0,0,10,0,4.660142348754448,7,12,,,38.61986011454381,35.26062918489908,56.70280000000053,51.70280000000053,561,113,16.07800000000134
841,3000.0,1,824.7938619682187,808.3000000001152,0,0,41,0,13.230084116773874,505,510,,,48.885517025166976,48.15684534068426,824.7938619682187,819.7938619682187,8083,1617,327.67199999999866
861,3000.0,1,342.4941496720361,333.50000000000733,0,0,15,0,5.8791966426858515,96,101,,,46.55316151031761,44.98452183318465,342.4941496720361,337.4941496720361,3335,667,111.98399999999674
867,3000.0,1,79.68219999999975,78.49999999999982,0,0,10,0,4.091603053435114,9,14,,,48.450508836651075,46.88233116872678,79.68219999999975,74.68219999999975,785,157,31.218999999997322
830,3000.0,1,730.8717911877826,717.3000000000945,0,0,31,0,9.724979091162531,325,330,,,50.07727718395924,49.311252703821225,730.8717911877826,725.8717911877826,7173,1435,262.07800000000134
844,3000.0,1,895.2221885867074,887.5000000001332,0,0,21,0,8.656151419558359,305,310,,,50.43091614522949,50.84476919040592,895.2221885867074,890.2221885867074,8875,1775,335.875
935,3000.0,1,644.242827475762,623.0000000000731,0,0,26,0,11.324025036109774,258,263,,,50.54269080893921,49.52015287602612,644.242827475762,639.242827475762,6230,1246,223.90600000000268
756,3000.0,1,579.2290131976812,607.9000000000697,0,0,27,0,9.38733552631579,318,323,,,53.70713159210415,52.4594791610209,579.2290131976812,574.2290131976812,6079,1216,217.82800000000134
847,3000.0,1,626.8280758831297,612.1000000000706,0,0,39,0,11.327997386475008,288,293,,,49.62799410089299,48.78281964128921,626.8280758831297,621.8280758831297,6121,1225,229.35900000000402
836,3000.0,1,294.76004867603405,292.8999999999981,0,0,35,0,9.944709897610922,155,160,,,52.63158896523489,50.01741764528725,294.76004867603405,289.76004867603405,2929,586,117.8440000000046
873,3000.0,1,683.4074268785673,651.3000000000795,0,0,36,0,13.57276634940129,340,345,,,50.69955063226296,49.72397948677673,683.4074268785673,678.4074268785673,6513,1303,261.3600000000006
853,3000.0,1,345.2883016343095,344.10000000000974,0,0,9,0,4.615339918651946,61,66,,,50.31211826706856,47.87414682051417,345.2883016343095,340.2883016343095,3441,689,153.625
941,3000.0,1,585.0070786827043,572.5000000000616,0,0,49,0,18.411281872162068,451,456,,,51.09731642152888,49.476999774905245,585.0070786827043,580.0070786827043,5725,1145,241.23500000000058
850,3000.0,1,747.2831093405997,735.5000000000987,0,0,36,0,10.96125611745514,364,369,,,51.07103019198512,50.2734430037392,747.2831093405997,742.2831093405997,7355,1471,300.39100000000326
842,3000.0,1,475.8682908441652,449.4000000000337,0,0,26,0,11.195105672969966,193,198,,,49.10224458829691,47.623992422476846,475.8682908441652,470.8682908441652,4494,899,184.04700000000594
762,3000.0,1,592.009895642109,569.900000000061,0,0,42,0,15.013684210526316,273,278,,,50.80527708415711,49.49075243299316,592.009895642109,587.009895642109,5699,1140,243.43699999999808
848,3000.0,1,54.0726000000005,53.60000000000049,0,0,10,0,4.184357541899441,7,12,,,39.61170703221423,35.60175094723037,54.0726000000005,49.0726000000005,536,108,15.844000000004598
879,3000.0,1,407.61642627705726,398.4000000000221,0,0,62,0,13.381179422835634,250,255,,,52.546504877506905,50.74793468683744,407.61642627705726,402.61642627705726,3984,797,159.71899999999732
859,3000.0,1,509.88408057524333,493.9000000000438,0,0,31,0,10.887044534412956,216,221,,,52.20599047240071,50.63189812614541,509.88408057524333,504.88408057524333,4939,988,1494.375
768,3000.0,1,359.4888976595795,351.3000000000114,0,0,31,0,12.433124644280023,174,179,,,50.8223974336873,49.057496404180156,359.4888976595795,354.4888976595795,3513,703,1447.015999999996
885,3000.0,1,320.8516961013786,308.50000000000165,0,0,46,0,16.283214517174336,206,211,,,51.16402795761477,49.997836908125386,320.8516961013786,315.8516961013786,3085,617,1428.5310000000027
774,3000.0,1,204.28966580772797,201.09999999999286,0,0,11,0,4.405069582504971,31,36,,,51.82764800726171,49.886743097933625,204.28966580772797,199.28966580772797,2011,403,94.875
947,3000.0,1,677.5689940334505,667.2000000000832,0,0,36,0,9.915330436085718,264,269,,,51.60780956841001,51.5778998080128,677.5689940334505,672.5689940334505,6672,1335,1589.9839999999967
856,3000.0,1,689.4272052268175,691.1000000000886,0,0,32,0,14.296006944444445,437,442,,,52.32788734871968,51.84302241245774,689.4272052268175,684.4272052268175,6911,1383,1600.1089999999967
865,3000.0,1,403.3819180923012,389.90000000002016,0,0,32,0,12.009230769230768,196,201,,,51.034621860306665,49.88996716947638,403.3819180923012,398.3819180923012,3899,780,176.9210000000021
854,3000.0,1,846.4300193423454,835.2000000001213,0,0,45,0,15.375194540883514,496,501,,,52.61501409242884,52.12201373268193,846.4300193423454,841.4300193423454,8352,1671,1656.6100000000006
891,3000.0,1,547.2980093506545,535.5000000000532,0,0,58,0,15.666168782673637,334,339,,,50.38625397090688,48.55617079863754,547.2980093506545,542.2980093506545,5355,1071,224.43699999999808
953,3000.0,1,351.6779784451045,337.90000000000833,0,0,39,0,13.817455621301775,185,190,,,54.57771624433833,50.961720376443644,351.6779784451045,346.6779784451045,3379,676,128.0
780,3000.0,1,427.6465685926965,426.40000000002846,0,0,26,0,8.976553341148886,153,158,,,51.78566528240789,51.561702075384645,427.6465685926965,422.6465685926965,4264,853,168.06300000000192
871,3000.0,1,405.3578969635226,400.90000000002266,0,0,48,0,13.722443890274315,210,215,,,53.24708208113327,49.586214865089836,405.3578969635226,400.3578969635226,4009,802,163.38999999999942
897,3000.0,1,300.1432270375136,293.59999999999826,0,0,29,0,7.967654068777664,91,96,,,55.21855596608018,52.27677136203919,300.1432270375136,295.1432270375136,2936,588,128.7809999999954
903,3000.0,1,131.68268621329625,131.6999999999968,0,0,10,0,4.9711684370257965,25,30,,,50.94922260278338,51.32439319440137,131.68268621329625,126.68268621329625,1317,264,50.85899999999674
862,3000.0,1,731.9285090604683,706.4000000000921,0,0,23,0,9.030856334041047,219,224,,,47.06399489748899,44.6152863901956,731.9285090604683,726.9285090604683,7064,1413,293.7350000000006
959,3000.0,1,513.7842370222209,526.4000000000511,0,0,32,0,9.961063627730294,239,244,,,55.79215793277305,53.65062827866013,513.7842370222209,508.78423702222085,5264,1053,231.39100000000326
786,3000.0,1,576.346918345415,549.1000000000563,0,0,41,0,13.942825928623453,298,303,,,51.0886291470635,49.051080050854296,576.346918345415,571.346918345415,5491,1099,241.57800000000134
877,3000.0,1,444.72737803681326,437.00000000003087,0,0,34,0,15.022420498741706,290,295,,,52.186666949791494,50.664683825555876,444.72737803681326,439.72737803681326,4370,874,192.59399999999732
792,3000.0,1,44.75280000000036,44.30000000000036,0,0,10,0,5.396396396396397,7,12,,,38.669540776720815,36.54265618463238,44.75280000000036,39.75280000000036,443,89,21.718999999997322
868,3000.0,1,320.4856885294368,308.7000000000017,0,0,31,0,17.241580310880828,197,202,,,51.807549426474765,50.1225941693625,320.4856885294368,315.4856885294368,3087,618,138.26600000000326
909,3000.0,1,545.1287345187322,531.5000000000523,0,0,36,0,15.047027840481565,354,359,,,53.778067019789965,52.79463293074436,545.1287345187322,540.1287345187322,5315,1063,247.38999999999942
860,3000.0,1,1021.1792218729133,1010.8000000001613,0,0,37,0,13.736076763280245,651,656,,,51.65270907840473,49.93904644011074,1021.1792218729133,1016.1792218729133,10108,2022,457.8119999999981
798,3000.0,1,478.5949749831521,468.10000000003794,0,0,29,0,9.749893208030755,189,194,,,51.44627424284615,49.373047338973144,478.5949749831521,473.5949749831521,4681,937,214.7960000000021
965,3000.0,1,616.9178710196124,609.20000000007,0,0,33,0,14.630231413096997,305,310,,,52.14685536933155,51.3467244065543,616.9178710196124,611.9178710196124,6092,1219,283.390999999996
883,3000.0,1,572.2536065803292,585.7000000000646,0,0,37,0,14.98566063502902,460,465,,,56.47333243248436,52.30844591605984,572.2536065803292,567.2536065803292,5857,1172,269.78199999999924
915,3000.0,1,306.05757457006405,295.8999999999988,0,0,48,0,18.43581081081081,244,249,,,53.425089703147044,49.518496810978164,306.05757457006405,301.05757457006405,2959,592,134.14100000000326
874,3000.0,1,527.6349767016529,528.0000000000515,0,0,45,0,16.786782806286688,328,333,,,51.797479126479,49.75023385465035,527.6349767016529,522.6349767016529,5280,1056,246.8440000000046
971,3000.0,1,315.41918609991717,307.10000000000133,0,0,18,0,7.340169270833333,76,81,,,51.185504590730034,49.812976367717376,315.41918609991717,310.41918609991717,3071,615,144.76600000000326
804,3000.0,1,404.5173592769014,410.10000000002475,0,0,45,0,14.755485129205265,279,284,,,51.79887626815786,49.65705779787797,404.5173592769014,399.5173592769014,4101,821,181.96899999999732
866,3000.0,1,579.0977674008686,591.800000000066,0,0,25,0,8.06149687447204,228,233,,,51.70005156149598,50.46796050057816,579.0977674008686,574.0977674008686,5918,1184,263.4689999999973
880,3000.0,1,344.16052210613407,327.80000000000604,0,0,30,0,10.446477584629461,131,136,,,50.00973185886198,48.183287954927025,344.16052210613407,339.16052210613407,3278,656,141.95300000000134
921,3000.0,1,417.9200490339665,405.9000000000238,0,0,44,0,17.495812807881773,291,296,,,54.67742285177687,51.93018517849685,417.9200490339665,412.9200490339665,4059,812,177.81300000000192
889,3000.0,1,459.29849737486796,444.6000000000326,0,0,43,0,14.961322239712166,253,258,,,52.93386551758183,50.947047829148694,459.29849737486796,454.29849737486796,4446,890,199.84399999999732
927,3000.0,1,225.72772158059627,220.59999999999175,0,0,43,0,10.777979157227005,111,116,,,51.622591126554866,50.00987377233665,225.72772158059627,220.72772158059627,2206,442,111.36000000000058
977,3000.0,1,411.5460878291691,397.30000000002184,0,0,31,0,14.287367891293407,232,237,,,52.15136863216805,50.86634815830897,411.5460878291691,406.5460878291691,3973,795,184.92199999999866
895,3000.0,1,627.7431167316286,609.60000000007,0,0,45,0,13.477939970477284,327,332,,,51.550619470029524,50.667496963299705,627.7431167316286,622.7431167316286,6096,1220,274.125
872,3000.0,1,746.7058012145679,733.5000000000982,0,0,37,0,12.039940021810251,382,387,,,53.39698507257804,51.77206239518852,746.7058012145679,741.7058012145679,7335,1467,333.2810000000027
933,3000.0,1,451.61171090547634,434.80000000003037,0,0,37,0,11.413888250172453,191,196,,,47.841820103590884,45.88524248179078,451.61171090547634,446.61171090547634,4348,870,186.65600000000268
886,3000.0,1,778.2548567375438,762.7000000001049,0,0,36,0,13.506816990036707,467,472,,,51.81324322112045,51.2620602054036,778.2548567375438,773.2548567375438,7627,1526,345.4380000000019
810,3000.0,1,871.2418427067565,859.6000000001269,0,0,33,0,12.126904734209608,402,407,,,50.83038520311561,50.44101697042534,871.2418427067565,866.2418427067565,8596,1720,393.4690000000046
901,3000.0,1,442.53163554548786,427.9000000000288,0,0,49,0,15.575467289719626,264,269,,,50.82943791145884,50.454806576807655,442.53163554548786,437.53163554548786,4279,856,192.76599999999598
939,3000.0,1,420.3141275488366,424.70000000002807,0,0,38,0,12.136770244821092,269,274,,,48.743991184942885,48.90404653512915,420.3141275488366,415.3141275488366,4247,850,188.125
816,3000.0,1,452.1730070325156,443.8000000000324,0,0,38,0,14.351655778328452,292,297,,,48.75964855190409,49.17099159603094,452.1730070325156,447.1730070325156,4438,888,181.79700000000594
878,3000.0,1,600.9069438336209,573.8000000000619,0,0,49,0,16.940581982923856,413,418,,,47.18453979786647,46.91929161331244,600.9069438336209,595.9069438336209,5738,1148,242.95299999999406
892,3000.0,1,628.6282166555862,592.000000000066,0,0,48,0,16.68637054551596,407,412,,,47.96534236739483,46.50527836524965,628.6282166555862,623.6282166555862,5920,1184,253.82800000000134
983,3000.0,1,1158.9000672537718,1126.400000000071,0,0,56,0,10.217132711939636,491,496,,,49.170128397501486,48.90883566007005,1158.9000672537718,1153.9000672537718,11264,2253,480.125
907,3000.0,1,298.2178415790523,285.99999999999653,0,0,27,0,12.194687172317371,165,170,,,46.92091828870517,45.822395751312946,298.2178415790523,293.2178415790523,2860,572,115.20299999999406
945,3000.0,1,387.4978501569014,382.90000000001857,0,0,31,0,11.515404699738903,171,176,,,47.82019309275392,48.649369931028176,387.4978501569014,382.4978501569014,3829,766,159.9690000000046
822,3000.0,1,345.3415108312943,346.1000000000102,0,0,57,0,14.776718659734257,308,313,,,47.066514439438855,45.542329068593425,345.3415108312943,340.3415108312943,3461,693,157.32800000000134
898,3000.0,1,306.2586788337145,291.9999999999979,0,0,36,0,14.662444368366998,191,196,,,46.24166030611374,45.92825799952149,306.2586788337145,301.2586788337145,2920,584,129.67200000000594
989,3000.0,1,324.87509062765736,322.10000000000474,0,0,12,0,5.724084419615146,78,83,,,46.39673744580908,47.863680962613614,324.87509062765736,319.87509062765736,3221,645,149.29699999999866
913,3000.0,1,359.4533372022416,361.30000000001365,0,0,60,0,19.401217487548422,358,363,,,48.491994133467664,48.85980961909428,359.4533372022416,354.4533372022416,3613,723,165.0
995,3000.0,1,82.3847999999996,81.89999999999962,0,0,10,0,2.8914634146341465,8,13,,,36.602999749129395,34.998974724132815,82.3847999999996,77.3847999999996,819,164,34.2190000000046
884,3000.0,1,565.1561919372659,554.4000000000575,0,0,40,0,12.510369702434625,318,323,,,47.76442488890852,48.778763716033346,565.1561919372659,560.1561919372659,5544,1109,253.93799999999464
919,3000.0,1,60.279200000000586,59.70000000000058,0,0,10,0,4.108695652173913,7,12,,,39.6868584928822,38.09779009596897,60.279200000000586,55.279200000000586,597,120,25.79699999999866
951,3000.0,1,408.8253131263097,399.3000000000223,0,0,35,0,14.575363044566851,277,282,,,47.36342620793007,47.56379444110304,408.8253131263097,403.8253131263097,3993,799,191.82800000000134
904,3000.0,1,356.1345015200723,339.4000000000087,0,0,34,0,14.367893961708395,249,254,,,46.85093798593265,46.34702213872406,356.1345015200723,351.1345015200723,3394,679,172.25
828,3000.0,1,616.8304449926577,626.800000000074,0,0,51,0,14.463869835699473,437,442,,,49.20589407377032,50.01428004106258,616.8304449926577,611.8304449926577,6268,1254,275.39100000000326
925,3000.0,1,433.68465900231416,410.10000000002475,0,0,33,0,12.231838127742565,223,228,,,47.2198282083732,47.18666465124955,433.68465900231416,428.68465900231416,4101,821,172.56300000000192
890,3000.0,1,454.2028313085096,451.90000000003425,0,0,43,0,13.10862831858407,259,264,,,48.2241466760526,48.1383669181214,454.2028313085096,449.2028313085096,4519,904,189.01600000000326
910,3000.0,1,401.1616330692899,386.2000000000193,0,0,21,0,8.25524203986539,132,137,,,45.65124522628476,44.84328599461823,401.1616330692899,396.1616330692899,3862,773,139.57800000000134
957,3000.0,1,522.4871228904781,506.50000000004667,0,0,24,0,7.445913936044216,137,142,,,47.263548253158646,47.55727941830743,522.4871228904781,517.4871228904781,5065,1013,197.40600000000268
1001,3000.0,1,631.248827909998,643.1000000000777,0,0,54,0,14.844682835820896,527,532,,,47.18260491861476,47.3874135809606,631.248827909998,626.248827909998,6431,1287,273.78199999999924
834,3000.0,1,297.33942449508385,297.89999999999924,0,0,48,0,18.757046979865773,246,251,,,49.02908079871627,50.545122353081176,297.33942449508385,292.33942449508385,2979,596,124.42199999999866
896,3000.0,1,423.3210827823095,404.1000000000234,0,0,41,0,10.62642256308758,178,183,,,44.78716157049576,44.21284419884401,423.3210827823095,418.3210827823095,4041,809,158.21899999999732
916,3000.0,1,296.11371868774484,290.6999999999976,0,0,17,0,7.639270976616231,81,86,,,46.71549009054927,47.355901359504635,296.11371868774484,291.11371868774484,2907,582,113.81300000000192
922,3000.0,1,54.61578560966441,54.3000000000005,0,0,10,0,3.8511029411764706,8,13,,,37.17003425971599,34.70649695890453,54.61578560966441,49.61578560966441,543,109,13.671999999998661
963,3000.0,1,346.36400000001066,341.2000000000091,0,0,12,0,4.123937884559039,48,53,,,44.94493353525469,44.885593638300065,346.36400000001066,341.36400000001066,3412,683,128.17199999999866
931,3000.0,1,675.1825705235749,646.1000000000784,0,0,36,0,11.425410089755493,289,294,,,46.25807203397177,46.74725735608723,675.1825705235749,670.1825705235749,6461,1293,248.76599999999598
1007,3000.0,1,510.0021199234717,490.0000000000429,0,0,36,0,10.640889614364415,205,210,,,46.26590077776396,45.990515403563975,510.0021199234717,505.0021199234717,4900,980,179.73399999999674
840,3000.0,1,452.9936690399636,442.70000000003216,0,0,34,0,12.492095754290876,291,296,,,48.028418984800275,47.950781956386685,452.9936690399636,447.9936690399636,4427,886,159.3440000000046
902,3000.0,1,363.84939927194216,360.1000000000134,0,0,26,0,7.854802887284841,147,152,,,44.552081432838264,44.43586880433333,363.84939927194216,358.84939927194216,3601,721,134.93700000000536
908,3000.0,1,33.0530000000002,32.700000000000195,0,0,11,0,6.3810975609756095,7,12,,,39.828168267920375,39.31483131413166,33.0530000000002,28.053000000000203,327,66,14.264999999999418
1013,3000.0,1,319.9951354367672,303.20000000000044,0,0,30,0,12.8486646884273,160,165,,,44.9072693840049,44.70057192943538,319.9951354367672,314.9951354367672,3032,607,124.32800000000134
937,3000.0,1,366.3606616317039,364.30000000001434,0,0,31,0,13.003018660812295,255,260,,,45.69350563132028,45.1248893650803,366.3606616317039,361.3606616317039,3643,729,149.51499999999942
928,3000.0,1,546.3209266894515,546.0000000000556,0,0,39,0,11.856985900018312,380,385,,,48.188073682672226,48.72370578813662,546.3209266894515,541.3209266894515,5460,1092,217.48399999999674
846,3000.0,1,364.5307879954303,352.40000000001163,0,0,25,0,10.23290780141844,161,166,,,45.49940999741129,45.14472774120802,364.5307879954303,359.5307879954303,3524,705,137.875
914,3000.0,1,268.53249359149197,260.49999999999073,0,0,60,0,17.165003837298542,231,236,,,49.42071723236329,50.4529182762263,268.53249359149197,263.53249359149197,2605,521,100.42199999999866
969,3000.0,1,693.658674803923,660.2000000000816,0,0,39,0,14.815538391640164,488,493,,,48.555407448945985,49.027175385606945,693.658674803923,688.658674803923,6602,1321,268.40699999999924
934,3000.0,1,326.35616877804404,307.5000000000014,0,0,32,0,15.461638491547465,177,182,,,48.428187985222976,49.06580899543248,326.35616877804404,321.35616877804404,3075,615,136.43700000000536
920,3000.0,1,367.1906000000149,337.50000000000824,0,0,35,0,16.675355450236967,235,240,,,46.69401531950188,46.873280762369745,367.1906000000149,362.1906000000149,3375,675,148.14099999999598
1019,3000.0,1,554.9608902013823,541.0000000000545,0,0,38,0,14.163370911107004,369,374,,,47.41509235060112,47.70442819051323,554.9608902013823,549.9608902013823,5410,1082,235.5
975,3000.0,1,407.75353061011606,389.6000000000201,0,0,38,0,9.725173210161662,143,148,,,48.457927368367294,48.687743149443506,407.75353061011606,402.75353061011606,3896,780,172.92199999999866
943,3000.0,1,608.7431609859726,594.5000000000666,0,0,28,0,11.88109653548604,303,308,,,47.206915781228055,47.5497307737744,608.7431609859726,603.7431609859726,5945,1189,258.67199999999866
852,3000.0,1,550.5374001815587,535.0000000000531,0,0,50,0,15.176602504204821,336,341,,,46.21187376249667,45.67464285580752,550.5374001815587,545.5374001815587,5350,1070,244.625
1025,3000.0,1,222.5673650068275,213.79999999999214,0,0,36,0,11.110799438990183,104,109,,,44.03951072678901,43.037324233574196,222.5673650068275,217.5673650068275,2138,428,98.75
940,3000.0,1,441.2859556200178,428.50000000002893,0,0,36,0,17.05786280914606,351,356,,,47.00561100823463,46.884484976217855,441.2859556200178,436.2859556200178,4285,857,197.125
926,3000.0,1,382.76207837004995,376.70000000001716,0,0,44,0,17.667462845010615,292,297,,,49.58614754372954,50.10443698449502,382.76207837004995,377.76207837004995,3767,754,179.51499999999942
858,3000.0,1,265.4142787707564,258.5999999999903,0,0,33,0,13.03633552377271,165,170,,,47.00616013910522,46.94588218126025,265.4142787707564,260.4142787707564,2586,518,121.32800000000134
864,3000.0,1,287.30576424013634,279.299999999995,0,0,20,0,6.497494631352899,78,83,,,45.42098499243395,45.86804343603965,287.30576424013634,282.30576424013634,2793,559,92.125
946,3000.0,1,417.81807201002505,405.8000000000238,0,0,46,0,10.639566395663957,242,247,,,46.05085512027937,45.5433152740035,417.81807201002505,412.81807201002505,4058,812,145.79699999999866
949,3000.0,1,641.435954658402,623.1000000000731,0,0,29,0,9.297978177150192,212,217,,,47.04525369182881,47.80851302989849,641.435954658402,636.435954658402,6231,1247,246.7190000000046
932,3000.0,1,498.83606916603986,487.60000000004237,0,0,41,0,11.107648144351035,263,268,,,45.43232362562591,44.440911359100475,498.83606916603986,493.83606916603986,4876,976,179.78100000000268
1031,3000.0,1,588.8688423397256,565.7000000000601,0,0,34,0,14.225167903852952,411,416,,,47.52666543299584,47.58318253321124,588.8688423397256,583.8688423397256,5657,1132,217.92199999999866
938,3000.0,1,48.39940000000042,48.10000000000041,0,0,10,0,4.134854771784233,6,11,,,37.659458539916564,36.01428467054965,48.39940000000042,43.39940000000042,481,97,18.07800000000134
955,3000.0,1,246.73330701052828,241.99999999999054,0,0,21,0,4.962825278810409,50,55,,,42.491755421229755,40.08397091028186,246.73330701052828,241.73330701052828,2420,484,108.7960000000021
981,3000.0,1,951.1512067977203,917.30000000014,0,0,59,0,13.209614126880314,645,650,,,47.59827210983807,47.359332912016455,951.1512067977203,946.1512067977203,9173,1835,382.35899999999674
961,3000.0,1,37.67620000000027,37.50000000000026,0,0,10,0,4.9361702127659575,5,10,,,35.533606684785404,32.73385518908031,37.67620000000027,32.67620000000027,375,75,16.485000000000582
870,3000.0,1,484.4476427293855,464.5000000000371,0,0,39,0,13.829100301334481,299,304,,,47.58317941216711,47.19932852147025,484.4476427293855,479.4476427293855,4645,929,202.26599999999598
1037,3000.0,1,546.3605479226409,560.2000000000588,0,0,57,0,17.093164376227023,518,523,,,50.96058997536835,51.30485777575507,546.3605479226409,541.3605479226409,5602,1121,236.82799999999406
944,3000.0,1,574.7003727475137,546.1000000000556,0,0,34,0,13.965946539729037,355,360,,,47.31538322710864,46.44832097435555,574.7003727475137,569.7003727475137,5461,1093,232.84399999999732
987,3000.0,1,475.8055894583583,486.9000000000422,0,0,44,0,12.018480492813142,283,288,,,49.18257781094471,48.50536105039072,475.8055894583583,470.8055894583583,4869,974,196.7960000000021
952,3000.0,1,863.2256385599821,832.4000000001207,0,0,48,0,15.393633633633634,503,508,,,47.30437881154036,47.3049763686557,863.2256385599821,858.2256385599821,8324,1665,345.73399999999674
1043,3000.0,1,194.74391258590165,190.39999999999347,0,0,46,0,15.316535433070866,107,112,,,47.386110030176496,45.12033546317325,194.74391258590165,189.74391258590165,1904,381,71.84399999999732
967,3000.0,1,612.2520917367533,600.800000000068,0,0,29,0,10.070727242469628,262,267,,,48.12711134932673,47.92379120179348,612.2520917367533,607.2520917367533,6008,1202,238.18700000000536
876,3000.0,1,518.8357675615339,506.2000000000466,0,0,47,0,14.59411416156429,317,322,,,47.971313769486834,47.30938332678872,518.8357675615339,513.8357675615339,5062,1013,198.39099999999598
882,3000.0,1,85.03459999999946,83.89999999999951,0,0,11,0,4.675,12,17,,,42.36691478321743,41.999198631874485,85.03459999999946,80.03459999999946,839,168,37.46800000000076
950,3000.0,1,403.9583277082782,391.9000000000206,0,0,22,0,7.014285714285714,118,123,,,45.95724397079804,45.10331825591511,403.9583277082782,398.9583277082782,3919,784,157.56200000000536
993,3000.0,1,436.8502917101705,414.90000000002584,0,0,44,0,18.72,351,356,,,47.4654139557281,46.57281335165931,436.8502917101705,431.8502917101705,4149,830,164.53100000000268
973,3000.0,1,294.0429921685528,286.99999999999676,0,0,27,0,12.18634622082898,131,136,,,48.04962869623887,49.33324874324955,294.0429921685528,289.0429921685528,2870,574,118.375
888,3000.0,1,190.14047055707923,192.09999999999337,0,0,23,0,9.576482830385016,95,100,,,46.64114425393998,45.661715608491534,190.14047055707923,185.14047055707923,1921,385,73.7190000000046
958,3000.0,1,473.19223488582884,455.90000000003516,0,0,36,0,11.326973684210527,210,215,,,47.16789203321632,47.148034087255134,473.19223488582884,468.19223488582884,4559,912,190.03100000000268
979,3000.0,1,227.75242162900915,224.49999999999153,0,0,35,0,14.658949243098842,140,145,,,49.659702141705495,48.768575547488815,227.75242162900915,222.75242162900915,2245,449,102.01599999999598
894,3000.0,1,276.4819288644513,270.29999999999296,0,0,27,0,12.693047337278106,135,140,,,46.7438163661319,46.606227518351304,276.4819288644513,271.4819288644513,2703,541,117.25
964,3000.0,1,264.3972955590775,256.4999999999898,0,0,45,0,13.024162120031177,144,149,,,48.77012276786768,47.830779714263414,264.3972955590775,259.3972955590775,2565,513,124.23500000000058
956,3000.0,1,535.2467625476339,519.6000000000496,0,0,42,0,14.735039445834134,322,327,,,48.472228879152624,48.70735926950498,535.2467625476339,530.2467625476339,5196,1040,1613.7649999999994
999,3000.0,1,425.35323283308685,424.8000000000281,0,0,36,0,15.313720875500117,297,302,,,49.10260776980096,49.75445739489036,425.35323283308685,420.35323283308685,4248,850,1582.3439999999973
900,3000.0,1,299.96838412535874,282.59999999999576,0,0,69,0,20.64980544747082,232,237,,,45.30702228541858,43.39585195976251,299.96838412535874,294.96838412535874,2826,566,1517.8439999999973
1049,3000.0,1,940.5497977024885,914.9000000001395,0,0,34,0,11.0424043715847,358,363,,,46.584912189576244,46.68050308940846,940.5497977024885,935.5497977024885,9149,1830,1793.0780000000013
985,3000.0,1,441.8541035176378,436.10000000003066,0,0,65,0,19.119899128839982,355,360,,,50.0891403384626,49.38158972590231,441.8541035176378,436.8541035176378,4361,873,1579.8440000000046
