training_step,curriculum_stage,horizon,mode_entropy,spawn_probability,spawn_action_frequency,mode_explore_fraction,mode_explore_team_fraction,mode_forage_fraction,mode_forage_team_fraction,mode_camp_fraction,mode_camp_team_fraction,mode_evade_fraction,mode_evade_team_fraction,mode_regroup_fraction,mode_regroup_team_fraction,mode_conserve_fraction,mode_conserve_team_fraction,movement_intensity_mean,movement_intensity_std,movement_intensity_min,movement_intensity_max,steering_residual_mean,steering_residual_std,steering_residual_min,steering_residual_max
1,0,300.0,1.791753896790562,0.4993860050204386,0.5060991644859314,0.17078766250318633,0.1707723629348771,0.16365026765230692,0.15832248267142826,0.15957175630894724,0.1664429355563777,0.17180729033902625,0.17813016681202803,0.162375732857507,0.16237805887967124,0.17180729033902625,0.16395399314561765,0.4972064793109894,0.2356700450181961,0.0020876722410321236,0.9984174966812134,0.007829639129340649,0.4786345362663269,-0.9959161877632141,0.9991799592971802
2,0,300.0,1.781719594415328,0.4969977894677664,0.4953371584415436,0.1752002786485545,0.17896925808268338,0.19087425983977707,0.19120626274188018,0.15168930686172066,0.1533457755884711,0.1388018112156043,0.12849834895968437,0.14576802507836992,0.14796055497298555,0.19766631835597354,0.20001979965429542,0.4991782605648041,0.23890511691570282,0.004035456571727991,0.9927393794059753,0.014038536697626114,0.48406311869621277,-0.993767499923706,0.9926177263259888
3,0,300.0,1.7812112433047216,0.5047594440997499,0.5046871304512024,0.18410808335241585,0.18553136046616134,0.1789558049003893,0.1821207808539491,0.15972063201282344,0.1627923023214801,0.1396839935882757,0.13419913274360673,0.1474696588046714,0.1451729469685068,0.19006182734142432,0.19018347664629598,0.5052298903465271,0.23574340343475342,0.0035932736936956644,0.9944157004356384,0.02086990512907505,0.47711312770843506,-0.9903109669685364,0.9935450553894043
4,0,300.0,1.7726554825476382,0.4865799516897618,0.4886854290962219,0.19384823390231537,0.20156479596106766,0.18235592360993746,0.17385442519019412,0.14331586952847727,0.13723066354439534,0.1284434679736353,0.1370016558156658,0.1531181341896231,0.15296211908220625,0.1989183707960115,0.19738634040647085,0.5038384795188904,0.2409193515777588,0.008324231952428818,0.9952753186225891,0.034558914601802826,0.4826757609844208,-0.9898626208305359,0.9956821203231812
5,0,300.0,1.7609901570969417,0.49618364088606126,0.48976147174835205,0.1694915254237288,0.1737050889763897,0.1962359674224081,0.19047402838661717,0.15166189742460928,0.15114702754020387,0.12106537530266344,0.12001189372297667,0.14979088707902266,0.15555321003100953,0.21175434734756768,0.20910875134280307,0.5065510869026184,0.23749007284641266,0.0014070116449147463,0.9972125291824341,0.017789581790566444,0.4704103469848633,-0.9994266629219055,0.994876503944397
6,0,300.0,1.7498555486204515,0.5133549835330556,0.512010395526886,0.15933425209371355,0.16589653211130712,0.20693310717693206,0.21332133276636134,0.14152443549242022,0.15159710496537826,0.10675288879465705,0.09735710513936019,0.15286759249443443,0.15583975006846562,0.2325877239478427,0.21598817494912745,0.504660964012146,0.2331206351518631,0.005147293675690889,0.9975494742393494,0.007620889227837324,0.4737131893634796,-0.9797106981277466,0.9978522062301636
7,0,300.0,1.7446456078842756,0.4938415942008732,0.4875686466693878,0.1680565371024735,0.1754230099975736,0.20791519434628974,0.1871416622264965,0.1478445229681979,0.15699268450869444,0.10402826855123674,0.09974523603193561,0.1534982332155477,0.16120534342853712,0.21865724381625443,0.21949206380676275,0.5081732869148254,0.23814965784549713,0.0031358497217297554,0.9980083107948303,0.004272375255823135,0.4796895682811737,-0.9933915734291077,0.9950590133666992
8,0,300.0,1.7313812710470102,0.4901299695742491,0.4945216774940491,0.16786801217363448,0.17613610075692804,0.2189652410699984,0.2232924078298303,0.13455069678039405,0.1445997463188721,0.10491750760852155,0.102609469108269,0.15473330129745314,0.14154472916057043,0.2189652410699984,0.21181754682553017,0.5060058236122131,0.23407407104969025,0.008390948176383972,0.997131884098053,0.01817929372191429,0.47643017768859863,-0.9951592087745667,0.9967762231826782
9,0,300.0,1.7150721817586505,0.4778689556035758,0.47792819142341614,0.1708484964566175,0.16696601875023523,0.22447806933537637,0.22699515994833733,0.16088871863627657,0.17774480647848578,0.09155334227159548,0.08845583476712225,0.1557172955372534,0.14914612851637904,0.19651407776288068,0.19069205153944035,0.5154008269309998,0.237838476896286,0.001514141564257443,0.9974452257156372,0.008483593352138996,0.4806326627731323,-0.9874027967453003,0.9924024343490601
10,0,300.0,1.7137079686862204,0.4810808436385071,0.48304107785224915,0.16515950766139162,0.16722626591442566,0.231600100477267,0.24181389074787,0.13539311730720924,0.14187603571112567,0.08955036423009294,0.08434227478511595,0.1627731725697061,0.16118998647742935,0.2155237377543331,0.20355154636403336,0.5102654695510864,0.23882348835468292,0.0073807863518595695,0.995677649974823,-0.015395299531519413,0.48213791847229004,-0.9968568682670593,0.9988149404525757
11,0,300.0,1.720511107348341,0.5002899448875971,0.509255051612854,0.16065244106803708,0.16607912404899483,0.2255613897888504,0.22857961480747746,0.1358507429337504,0.1532879631035781,0.11183108032622054,0.10222561638850786,0.16322198637023796,0.15401516159099155,0.2028823595129036,0.19581252006045025,0.5224664807319641,0.2400478720664978,0.0038929791189730167,0.9975485801696777,-0.02046157419681549,0.4829098582267761,-0.9971562623977661,0.9941742420196533
12,0,300.0,1.7181712267683977,0.48963179193740136,0.493338018655777,0.15732906471529842,0.14564691622868411,0.21918591356048478,0.21343256457414794,0.12965927281042763,0.1197936279258225,0.11742510862108392,0.13840751830235154,0.17379373427852732,0.18129090673848902,0.2026069060141779,0.20142846623050487,0.5193524956703186,0.23882246017456055,0.005160156637430191,0.9991714358329773,-0.03474123030900955,0.4800611734390259,-0.9974895715713501,0.9967027902603149
13,0,300.0,1.713966027109406,0.4773718929580642,0.4807497560977936,0.17371871275327772,0.17126822100822928,0.23688915375446962,0.2342787831818754,0.12187127532777116,0.12903913545411644,0.10588001589193484,0.10111615887053031,0.17481128327373857,0.1725177767568195,0.1868295589988081,0.19177992472842906,0.5179905295372009,0.2378588169813156,0.0032456216868013144,0.9980542063713074,-0.018630314618349075,0.48720285296440125,-0.9951960444450378,0.9987075328826904
14,0,300.0,1.7106748126121645,0.48239232232737894,0.4809267818927765,0.20187265917602995,0.20349474979006382,0.2205992509363296,0.2161955566756077,0.1274656679151061,0.13498578345337572,0.10486891385767791,0.10266969415572123,0.17178526841448188,0.16988855195916092,0.17340823970037453,0.1727656639660706,0.5169376730918884,0.2373373955488205,0.002008080715313554,0.9995461106300354,-0.012975954450666904,0.4886251389980316,-0.9923452734947205,0.9977141618728638
15,0,300.0,1.723210202186655,0.4871377742944493,0.48875147104263306,0.19940782698249226,0.1944979201276388,0.19915036045314108,0.1934225983875501,0.13426879505664263,0.14399357970778015,0.10659114315139032,0.11482216197833292,0.19052523171987643,0.1840108657460307,0.17005664263645726,0.1692528740526673,0.508567750453949,0.2383931577205658,0.0017936874646693468,0.9970018863677979,-0.009026058949530125,0.48504331707954407,-0.9928520917892456,0.996424674987793
16,0,300.0,1.714471095757717,0.5101363455185868,0.49553990364074707,0.23284823284823286,0.22902416567848088,0.1968121968121968,0.19373757057080307,0.12543312543312543,0.12224327673903283,0.10649110649110649,0.11218361704962129,0.1750981750981751,0.17527665852641724,0.1633171633171633,0.16753471143564466,0.5205872058868408,0.24034270644187927,0.009684204123914242,0.996650755405426,0.0034857839345932007,0.486513614654541,-0.9983037114143372,0.9936045408248901
17,0,300.0,1.7136543526213266,0.5012312636207849,0.5060211420059204,0.2056480811006517,0.2086233916482926,0.20902727492155443,0.20440797213195386,0.15713251267197684,0.1551611065682709,0.11368573497465605,0.1152857055344393,0.17282162684045377,0.16928852143395,0.1416847694907072,0.14723330268309331,0.5207788944244385,0.24011406302452087,0.010839041322469711,0.9983040690422058,-0.024037381634116173,0.4878777861595154,-0.9870530962944031,0.9840785264968872
18,0,300.0,1.706320748755441,0.49389657377403046,0.5006657838821411,0.19776507276507277,0.19112110455485137,0.2312889812889813,0.2254814280964538,0.15696465696465697,0.15333277542995186,0.09667359667359668,0.0896307574367461,0.1632016632016632,0.17762398600435603,0.1541060291060291,0.16280994847764083,0.5288196206092834,0.24231892824172974,0.0020966453012079,0.9958350658416748,-0.024655938148498535,0.48020631074905396,-0.9948884844779968,0.9921461343765259
19,0,300.0,1.6932130681696367,0.4823015585713003,0.48500141501426697,0.20554335894621295,0.20213086760529478,0.24615806805708013,0.25005302184403394,0.17316136114160263,0.1826601006863761,0.08863885839736553,0.08056685027679339,0.1394072447859495,0.13658297448523343,0.14709110867178923,0.14800618510226837,0.5132185220718384,0.24253785610198975,0.0035925565753132105,0.9968273043632507,-0.011937322095036507,0.4825826585292816,-0.9901835918426514,0.9867348670959473
20,0,300.0,1.6730381892277644,0.49157188265931373,0.4900508224964142,0.1938631221719457,0.1914115616008015,0.25805995475113125,0.2625374405425129,0.18523755656108598,0.18375126508871295,0.08823529411764706,0.08606606989212126,0.13942307692307693,0.1357512359429152,0.1351809954751131,0.1404824269329362,0.5166230797767639,0.2411305159330368,0.002916740020737052,0.9981173872947693,-0.007650742772966623,0.47791633009910583,-0.9953387975692749,0.9956811666488647
21,0,300.0,1.6603856776048458,0.4938616873003522,0.4967133402824402,0.18442622950819673,0.17396315050918987,0.27133010432190763,0.27745602858519147,0.19467213114754098,0.19053255570264543,0.0823397913561848,0.08401972354011625,0.14251117734724292,0.14108623277494634,0.12472056631892697,0.13294230888791067,0.5224351286888123,0.2412237823009491,0.0009536178549751639,0.9985488653182983,-0.016122721135616302,0.48431146144866943,-0.9964221715927124,0.9969722032546997
22,0,300.0,1.6498782176125966,0.5110692784821557,0.5170110464096069,0.16998779991866614,0.160182669905943,0.2922936152907686,0.3073593487019068,0.18696624644164295,0.17671010526502579,0.08184221228141521,0.07772572605005186,0.14243594957299716,0.1429865619605647,0.12647417649450995,0.13503558811650787,0.5243748426437378,0.24114327132701874,0.00470451544970274,0.9970043897628784,-0.014564717188477516,0.4767673909664154,-0.996263325214386,0.9983898401260376
23,0,300.0,1.6201461139254176,0.5157972770884282,0.5170075297355652,0.17590072929139,0.18039681725328754,0.30238380320017416,0.301675086454551,0.18961576140198105,0.1823334289330013,0.07782736475454446,0.07335774693023375,0.1332317405028845,0.13485051083020677,0.12104060084902579,0.12738640959871964,0.5127533674240112,0.24193918704986572,0.0013231061166152358,0.9985262751579285,-0.01188272051513195,0.483898401260376,-0.9954336285591125,0.993451714515686
24,0,300.0,1.5968568321538912,0.5002906229895884,0.5017901659011841,0.16366065464261856,0.16363441723677516,0.32117568470273883,0.3217286942358585,0.19505678022712092,0.18930720810360882,0.08016032064128256,0.08093202783026252,0.12344689378757515,0.12760733304515456,0.116499665998664,0.11679031954834043,0.5204299092292786,0.2413545399904251,0.0007245031301863492,0.9964693188667297,-0.017170261591672897,0.487122505903244,-0.9931621551513672,0.9939271211624146
25,0,300.0,1.6076576584188327,0.5014721829467025,0.5164110660552979,0.16536262413481795,0.1645605458910771,0.316430935901294,0.32421244943505056,0.17724947336743907,0.17590644658854154,0.07959674992476677,0.07517009624062533,0.1364730665061691,0.13283067208589489,0.12488715016551309,0.12731978975881056,0.5287760496139526,0.2394682914018631,0.00359597010537982,0.9986130595207214,-0.01960684172809124,0.47712835669517517,-0.9983417987823486,0.9944112300872803
26,0,300.0,1.5582050947346544,0.5130666684111049,0.5118585824966431,0.13545573484518098,0.13268497342552288,0.37583951155691236,0.3918848448262532,0.15202791103358046,0.1633143354403939,0.08539031836022677,0.08118853716109115,0.11208024422154383,0.10419556446426637,0.1392062799825556,0.1267317446824725,0.5139418244361877,0.24019378423690796,0.0027313416358083487,0.9996147751808167,-0.035050857812166214,0.48243042826652527,-0.9930758476257324,0.9946253299713135
27,0,300.0,1.549697721211468,0.5068299319790547,0.5092121362686157,0.1486161251504212,0.14106163488774442,0.3760529482551143,0.37704847306512185,0.14878803506962351,0.1533151320593851,0.09446450060168472,0.09917977743258999,0.11010830324909747,0.11566915924986323,0.1219700876740588,0.1137258233052954,0.5060187578201294,0.23969420790672302,0.0009335802169516683,0.9987932443618774,-0.01049986481666565,0.4805624186992645,-0.9927982091903687,0.9946948289871216
28,0,300.0,1.5583195356668098,0.4900033319547932,0.4895780384540558,0.1618848376170552,0.1667899493228854,0.3666068938035465,0.34764888650672227,0.14086471408647142,0.151823709676019,0.10251046025104603,0.10363707883111119,0.10300856744371388,0.11299461954136435,0.12512452679816696,0.1171057561218978,0.5165401101112366,0.2392229586839676,0.0035358506720513105,0.9987464547157288,-0.018862420693039894,0.4794931411743164,-0.9987137913703918,0.9971708059310913
29,0,300.0,1.5775389248559266,0.5089084722910656,0.5097178220748901,0.17231972356097117,0.1718313841975336,0.34654905883422754,0.3643526193928357,0.1454032918068564,0.14572348242911629,0.10793852868964263,0.10670949896525302,0.09366190779303446,0.08607569952370606,0.1341274893152678,0.12530731549155533,0.5169294476509094,0.2372199296951294,0.0020814877934753895,0.9961811900138855,-0.01989351399242878,0.47932079434394836,-0.9974923133850098,0.993877649307251
30,0,300.0,1.5546246152935606,0.4964238076260962,0.4993398189544678,0.17477096546863988,0.1759136054168182,0.35259572468874795,0.3691527959838229,0.14846135776368335,0.1465237324718387,0.10007047216349542,0.10181142966441056,0.09713413201785295,0.0898118191145857,0.12696734789758046,0.11678661734852393,0.5239943861961365,0.24009916186332703,0.0024870424531400204,0.9997730851173401,-0.008430859073996544,0.4797837734222412,-0.9978995323181152,0.993156909942627
31,0,300.0,1.5513720594236764,0.5015385078180518,0.5123405456542969,0.16002162454385727,0.1690702595278071,0.3654547911879984,0.3734921062623571,0.14880389241789432,0.14740040388757322,0.09285038518718745,0.07765363167132103,0.09690498716042709,0.09933109260798453,0.1359643195026355,0.13305250604295696,0.5159428715705872,0.2392898052930832,0.0013914125738665462,0.9964501857757568,-0.0009778722887858748,0.48392730951309204,-0.9930949211120605,0.9916211366653442
32,0,300.0,1.5345985080381959,0.49492409643209756,0.4903354346752167,0.1489092899856818,0.14564335890716845,0.3767371346753137,0.3911002510545587,0.15059378421628905,0.1493794328592845,0.09576349701002274,0.08961101067615014,0.10351217047081614,0.10049206762546929,0.12448412364187653,0.12377387887736892,0.5215983390808105,0.23712337017059326,0.004851409699767828,0.9992018938064575,-0.00599486380815506,0.4834478795528412,-0.995060384273529,0.9947117567062378
33,0,300.0,1.5611314266216703,0.5255997203634708,0.5265846252441406,0.15527054716551567,0.15276858948357527,0.3481065492904303,0.3744996099419299,0.14259694922971844,0.1419252889492427,0.10647340062229643,0.09046571073400593,0.10700462927828792,0.10203359632236206,0.14054792441375125,0.13830720456888418,0.5173196196556091,0.24269090592861176,0.0011542988941073418,0.9979538917541504,-0.014232792891561985,0.4823642671108246,-0.9987584948539734,0.994236946105957
34,0,300.0,1.5097167311574697,0.5088733993931931,0.49738603830337524,0.1338716913414087,0.1363852491339708,0.3956034096007178,0.39714212266656873,0.14939434724091522,0.14994050417929783,0.08595782862270077,0.0818003015277818,0.09672498878420817,0.09762467867712757,0.13844773441004934,0.13710714381525332,0.5170416831970215,0.2411600798368454,9.836714889388531e-05,0.9986310601234436,0.015923015773296356,0.48561108112335205,-0.9957987666130066,0.9991611242294312
35,0,300.0,1.5168671402940277,0.5196999021664577,0.5184805989265442,0.1275459400742283,0.13334686914132107,0.38390513261518966,0.3940692184661012,0.13587399293925953,0.14137892270520327,0.10265230379288495,0.08623492817738475,0.10355752693038835,0.10118426541944629,0.14646510364804924,0.14378579609054337,0.5224296450614929,0.24217377603054047,0.001595549052581191,0.9999535083770752,0.021327883005142212,0.4871715009212494,-0.9974161386489868,0.9948592185974121
36,0,300.0,1.5350056739411433,0.5111323763437035,0.5037218928337097,0.12747535362194598,0.1323778712140266,0.3740248606943849,0.3881985477941754,0.1481354479211316,0.14788383642418393,0.10330047149592798,0.09652161968610004,0.10578654093441921,0.1011955497993534,0.1412773253321903,0.1338225750821607,0.5262718200683594,0.2409694939851761,0.0014426737325266004,0.9974049925804138,0.028744978830218315,0.48429322242736816,-0.9951358437538147,0.9972035884857178
37,0,300.0,1.5404423795993103,0.5129351504267519,0.5127409100532532,0.13553530751708429,0.12955377716643252,0.36547709440647935,0.3708483119333865,0.15742849911414833,0.167069551494301,0.109972158947102,0.112446440120686,0.09339407744874716,0.09463395280561758,0.13819286256643887,0.12544796647957637,0.5396552085876465,0.243382528424263,0.0009831814095377922,0.9994984269142151,0.027387358248233795,0.48408836126327515,-0.9959152340888977,0.9987133741378784
38,0,300.0,1.5666748898718306,0.5291164408710445,0.5302284359931946,0.1252270337443839,0.12289100968730102,0.33725265271006594,0.34982406982369324,0.15887582449096643,0.16720684295053131,0.12073415543447089,0.12672553988443874,0.11757958130197878,0.11344362268368267,0.14033075231813402,0.11990891497035301,0.537441611289978,0.24081890285015106,0.004636754281818867,0.9984989166259766,-0.0010220172116532922,0.48673003911972046,-0.9945942163467407,0.9973593950271606
39,0,300.0,1.5452348705329517,0.5227829579209586,0.52653968334198,0.11257425742574258,0.10517792535082494,0.35108910891089107,0.3511275634281389,0.15326732673267326,0.15655763076407422,0.11227722772277228,0.11866281757677673,0.1096039603960396,0.11226005098092402,0.1611881188118812,0.1562140118992612,0.5332726240158081,0.23862892389297485,0.0011784951202571392,0.9997913837432861,-0.0031898191664367914,0.4880192279815674,-0.9975218176841736,0.9954972267150879
40,0,300.0,1.576030182281652,0.542056636783016,0.5452789664268494,0.11760592924066564,0.11352975881721084,0.3247098307928961,0.3484622879517308,0.1366941686477416,0.13780985187552128,0.1320095091595581,0.1257181406148495,0.11543840022374494,0.10792750179351249,0.17354216193539365,0.1665524589471751,0.5239766240119934,0.2406538873910904,0.0030133055988699198,0.9989702701568604,-0.006211647763848305,0.4897071421146393,-0.9984023571014404,0.9940232038497925
41,0,300.0,1.5514206454603021,0.5278244335127075,0.5301060676574707,0.10443180792490298,0.08922276542982754,0.3571621987544002,0.35802259846151985,0.15894936366098023,0.16239324874891067,0.11742937088184854,0.12751440480183635,0.10361946024009387,0.10363113156370943,0.15840779853777417,0.15921585099419616,0.526205837726593,0.2431178092956543,0.002478785580024123,0.9988327622413635,-0.005200359970331192,0.4859791100025177,-0.9990420937538147,0.9946337938308716
42,0,300.0,1.5506865495151898,0.5235971217168698,0.523850679397583,0.09412401515607145,0.08831625651356785,0.32711854213027003,0.33153710268477266,0.17489625308233597,0.17924958950394554,0.11312924760931016,0.11185109554200424,0.10494978047753653,0.1034464244665823,0.18578216154447585,0.18559953128912743,0.525283694267273,0.2415558397769928,0.002008966403082013,0.9988609552383423,-0.014807811006903648,0.48428672552108765,-0.9984127879142761,0.993323564529419
43,0,300.0,1.5469693641605915,0.50551260576285,0.5053778290748596,0.09489396190733486,0.08838408454917097,0.344387410509253,0.34626894808691416,0.161150884776442,0.16010850254691347,0.12353100094556262,0.12269442593169794,0.09867621234634608,0.09650047575507631,0.17736052951506145,0.18604356313022713,0.5270610451698303,0.24011223018169403,0.0017162805888801813,0.9991717338562012,-0.02023295685648918,0.4898297190666199,-0.9979156255722046,0.9963362216949463
44,0,300.0,1.521154977236503,0.47596843444002446,0.48180705308914185,0.08171459576776995,0.07944433571684076,0.3510580575149213,0.34696747676898254,0.19045035268583832,0.19400301096100317,0.11513836136733586,0.10732297903880152,0.10406945198046663,0.10725091991554515,0.15756918068366793,0.1650112775988269,0.5160877108573914,0.24134713411331177,0.005599522963166237,0.999451220035553,-0.00716214207932353,0.47817566990852356,-0.998849630355835,0.993371844291687
45,0,300.0,1.5217331325573813,0.504614658776139,0.49896806478500366,0.09461532251554049,0.08649118226994847,0.36062000484378787,0.3704544432081332,0.20045208686526197,0.20958495903747412,0.0929199967708081,0.08789380061258456,0.09687575684185033,0.09612623363593059,0.15451683216275128,0.14944938123592905,0.5205385684967041,0.24159209430217743,0.0014329981058835983,0.9992010593414307,-0.008867673575878143,0.48332422971725464,-0.9962264895439148,0.9939030408859253
46,0,300.0,1.529942489739553,0.5032619784652207,0.4899071753025055,0.09709626424827357,0.09380501866462121,0.36026291704800734,0.35592300966822027,0.18936683584324818,0.19101625316641016,0.09925950578251103,0.10278640568207634,0.09942590897745236,0.09877768086528911,0.15458856810050753,0.15769163195338293,0.5231857895851135,0.24344737827777863,0.0002889338356908411,0.9990481734275818,-0.01614515669643879,0.4779077172279358,-0.999179482460022,0.9982082843780518
47,0,300.0,1.5468731194366026,0.501278171969597,0.500694990158081,0.09725424439320897,0.09087344045637641,0.33588346258645985,0.33157676320445,0.1778453154474953,0.19293322337616736,0.11559421504925592,0.11945752198328283,0.10752462796059527,0.10037782225772013,0.1658981345629847,0.16478122872200326,0.5252525806427002,0.24146172404289246,0.0006421057623811066,0.9998738765716553,-0.024129049852490425,0.47629663348197937,-0.9993872046470642,0.9957996606826782
48,0,300.0,1.547898842488541,0.5114417548310325,0.5162466764450073,0.08676391139924365,0.07878554973443357,0.3401404646137223,0.3504613841281038,0.18444084278768233,0.19460163534004882,0.10059427336574825,0.09802915481551207,0.11485683414370611,0.11217118230546,0.17320367368989736,0.16595109367644176,0.5293348431587219,0.24129082262516022,0.002151183784008026,0.9984633326530457,-0.025928892195224762,0.47610118985176086,-0.9952124953269958,0.9940809011459351
49,0,300.0,1.5450556369870432,0.5102296883888155,0.5073586106300354,0.09086326402016383,0.08581455601620282,0.34530560806553245,0.34523110407662677,0.18853182104599875,0.18834182888897846,0.10270951480781348,0.10369034933578866,0.1068683049779458,0.11066169047639318,0.1657214870825457,0.1662604712060101,0.5290900468826294,0.24218103289604187,0.0030039376579225063,0.9981311559677124,0.011199425905942917,0.4718608558177948,-0.9983632564544678,0.994265079498291
50,0,300.0,1.581998736877299,0.565761637655359,0.5640800595283508,0.10750428148840106,0.10347836263884555,0.3151953915615756,0.3225575504490549,0.20099641911879185,0.19345532711118427,0.10867196014323525,0.11311510873105146,0.10921687684882454,0.11464682880093274,0.15841507083917172,0.1527468222689311,0.52420574426651,0.2423408031463623,0.0037723234854638577,0.9993153214454651,-0.019455555826425552,0.4811231791973114,-0.9973872900009155,0.9975579977035522
51,0,300.0,1.5794361249026985,0.5299053602534849,0.5373256206512451,0.10109870636186426,0.09885171669147676,0.31694134325713275,0.3228077545940211,0.18562821194400142,0.17786234668615686,0.10579479000531632,0.10323044428348126,0.11181995392521708,0.11544523364194983,0.1787169945064682,0.18180250410291418,0.5218937397003174,0.24018406867980957,0.0022147451527416706,0.9999169111251831,-0.024098724126815796,0.48274439573287964,-0.9960018992424011,0.9958800077438354
52,0,300.0,1.5966763523205603,0.5304786558890892,0.5361438989639282,0.10276590960197886,0.10636828343752375,0.29131999100517203,0.2905591919792741,0.2012592759163481,0.19517889400294539,0.11344726782100292,0.1167176916923436,0.11603328086350348,0.11563443445944757,0.1751742747919946,0.1755415044284656,0.5283336043357849,0.24175480008125305,0.0016487599350512028,0.9997028112411499,-0.02806626819074154,0.47914090752601624,-0.9941139221191406,0.9914159774780273
53,0,300.0,1.597132139921038,0.5327468152946336,0.5306463837623596,0.09300567107750472,0.09694074675125335,0.30245746691871456,0.2984213197511808,0.19735349716446124,0.18633788309409618,0.1164461247637051,0.12445159720609716,0.12224322621298046,0.11777617918463154,0.1684940138626339,0.17607227401274095,0.5348967909812927,0.24095909297466278,0.00122535799164325,0.998284637928009,-0.03662659600377083,0.4827919006347656,-0.9976285099983215,0.993120551109314
54,0,300.0,1.583447839562858,0.5336073596566097,0.5317043662071228,0.0914658237850652,0.0900453585538733,0.3135124456736468,0.3097899629340054,0.1860924535756618,0.17771904627218552,0.10885025681548795,0.1189284442697486,0.1349269063611221,0.1318023298624836,0.1651521137890162,0.1717148581077036,0.5418305397033691,0.24112163484096527,0.001435464946553111,0.9989526867866516,-0.04479051008820534,0.47626784443855286,-0.9919378161430359,0.994050145149231
55,0,300.0,1.6123766509199748,0.5767275193114754,0.5698912739753723,0.10606224921375122,0.1011230293416473,0.2788200845895239,0.2794946920672209,0.2067020930484763,0.1978292015057083,0.12113653616744388,0.12478053823026465,0.11896757401583342,0.1220761151807326,0.16831146296497126,0.17469642367442628,0.5354299545288086,0.2427099496126175,0.0014953073114156723,0.9999550580978394,-0.06033739075064659,0.47428199648857117,-0.9973796606063843,0.9971495866775513
56,0,300.0,1.6206587702145423,0.6052559331254316,0.6084473133087158,0.1197265912097604,0.11125931362816031,0.26914596501543436,0.2775994015592813,0.1902836983683669,0.1816790079525851,0.12060855504924298,0.12765261378170073,0.11392032926650007,0.11681862447812796,0.18631486109069528,0.18499103860014457,0.5319566130638123,0.24373529851436615,0.0020296117290854454,0.9986538887023926,-0.03832199424505234,0.48626619577407837,-0.9984725713729858,0.998638391494751
57,0,300.0,1.613087669219838,0.6129622222010476,0.612642228603363,0.1205395996518712,0.11200707057030083,0.2649260226283725,0.2718135443596809,0.18894691035683203,0.18171791304289686,0.10844212358572672,0.11273006065457893,0.12080069625761532,0.12528193141265417,0.19634464751958225,0.19644947995988826,0.5384140014648438,0.2477686107158661,0.004882498644292355,0.9999514222145081,-0.04583355784416199,0.4857744872570038,-0.9992422461509705,0.9907699823379517
58,0,300.0,1.6071985307505219,0.629779163198206,0.626306414604187,0.11515453639082751,0.12302064081796263,0.2805333998005982,0.2818390376656814,0.19516450648055833,0.19532325199714395,0.10468594217347957,0.1030632465962529,0.12126121635094717,0.1229894931084853,0.18320039880358924,0.1737643298144738,0.5387000441551208,0.24396207928657532,0.004974451847374439,0.9984354972839355,-0.05331045016646385,0.484592467546463,-0.9974753260612488,0.996530294418335
59,0,300.0,1.6097879305266332,0.6181617385711007,0.620296835899353,0.11179307321350285,0.10555702856519805,0.28306298407131375,0.28676418059149955,0.19099810024842906,0.19702301182058748,0.11749232792634809,0.12153022226223138,0.13254420575770862,0.12524006158478776,0.16410930878269764,0.16388549517569576,0.5482727885246277,0.24315334856510162,0.0038694017566740513,0.9991323947906494,-0.03355298936367035,0.48453566431999207,-0.9939278960227966,0.9955960512161255
60,0,300.0,1.5887058623891421,0.6057854748430737,0.6043491959571838,0.11604369175268063,0.1133908473316948,0.3069445836256138,0.30165548537091424,0.18368574005411364,0.1798092944842906,0.10842769816614892,0.11575688934402341,0.12355947489728429,0.1302309682452114,0.16133881150415874,0.1591565152238656,0.5377357006072998,0.2450210303068161,0.00264257425442338,0.9995054006576538,-0.02265223301947117,0.4813575744628906,-0.9998868703842163,0.9926093816757202
61,0,300.0,1.594568892832386,0.6220023734458981,0.6207113862037659,0.10275180807902629,0.09144679817291147,0.29731875110248723,0.3161508881843208,0.18257188216616688,0.17407991160547914,0.1126300934909155,0.11459432747439974,0.13926618451225967,0.1306262101855267,0.16546128064914448,0.17310186437736214,0.5456424355506897,0.24209563434123993,0.0013531699078157544,0.9983392953872681,-0.0271823201328516,0.48545876145362854,-0.9991344213485718,0.9949725866317749
62,0,300.0,1.5616336843937395,0.6284539831059861,0.6295574903488159,0.10543494762410809,0.09514730559706226,0.31417944436010325,0.32713639724869686,0.18969181721572795,0.1900654413799449,0.0989828449977228,0.09961785844488459,0.13154698648853802,0.12735619285070884,0.1601639593137999,0.16067680447870253,0.54619961977005,0.2419089376926422,0.0007725557079538703,0.9992376565933228,-0.006753014866262674,0.4891548752784729,-0.9996904730796814,0.9981086254119873
63,0,300.0,1.5809577948132794,0.6257681215628108,0.6319095492362976,0.09597301717089125,0.08731740559257707,0.30253475061324614,0.30900626506329315,0.17917007358953393,0.1826266884803615,0.10588716271463613,0.10921307065533316,0.142988552739166,0.12891342157453806,0.17344644317252658,0.18292314863389708,0.5428048968315125,0.24630790948867798,0.0005412038299255073,0.9994763135910034,-0.029562409967184067,0.49349358677864075,-0.9996092915534973,0.9947975873947144
64,0,300.0,1.5928948027805439,0.6485373086287536,0.6396970152854919,0.09659090909090909,0.09798331143300879,0.2692967409948542,0.2614092063463594,0.17292024013722126,0.15386800166974257,0.11438679245283019,0.13283952990383785,0.1341123499142367,0.12837425772303895,0.21269296740994853,0.22552569292401245,0.5362744331359863,0.24439024925231934,0.0003518295707181096,0.9995478391647339,-0.05437812954187393,0.4910818040370941,-0.9985027313232422,0.9924663305282593
65,0,300.0,1.5512942543512658,0.6269323598580057,0.6223289370536804,0.09259259259259259,0.08821897709802182,0.30426629160806373,0.32712263643280853,0.17674636661978435,0.16637610584503792,0.10607126113455227,0.10659621312739422,0.12212845757149554,0.11794264492211497,0.19819503047351147,0.19374342257462257,0.5303909778594971,0.24850575625896454,0.0013362043537199497,0.9987362623214722,-0.056547705084085464,0.48430734872817993,-0.9960692524909973,0.9968551397323608
66,0,300.0,1.5352838856230493,0.6113221305638634,0.6109493970870972,0.07253476611883691,0.07305125246213297,0.33367572692793934,0.33863378654428117,0.1802307206068268,0.17227867007784578,0.10224399494310998,0.10784410432537075,0.1377212389380531,0.13069284333803247,0.1735935524652339,0.17749934325233688,0.5221056938171387,0.24817274510860443,0.0009200284839607775,0.9992161989212036,-0.008831414394080639,0.48721063137054443,-0.9992430210113525,0.9966644048690796
67,0,300.0,1.5055564542767927,0.6170394088494059,0.6179890036582947,0.0738937419447229,0.07029673304365973,0.3426177860518402,0.34677109367547837,0.17814692825433195,0.16909730945106768,0.0907203207790348,0.09686925424493034,0.13797794644135758,0.1321086040200898,0.1766432765287126,0.18485700556477405,0.525763750076294,0.2483527809381485,0.0030456550884991884,0.9984986186027527,-0.0029263629112392664,0.48467394709587097,-0.9974656105041504,0.9946856498718262
68,0,300.0,1.5264909670100124,0.6137662925985033,0.6183930039405823,0.07904103149553421,0.07461972564430039,0.32865489221677524,0.3477278717594833,0.19018198912094553,0.1742258659232483,0.09925458330535222,0.09777821528269778,0.14834463770062453,0.1454200461120956,0.15452286616076824,0.16022827527817468,0.5201171040534973,0.24832004308700562,0.0007603653939440846,0.9995914697647095,0.017312219366431236,0.4883119463920593,-0.9984247088432312,0.99761962890625
69,0,300.0,1.5394282478151877,0.6160501483045739,0.6148785948753357,0.07865882726839345,0.07890501958486487,0.31185444144287305,0.3078998509485455,0.19362784045765136,0.18150707538754773,0.09121245828698554,0.09956024034383197,0.1643890036548546,0.16680229141510947,0.16025742888924202,0.1653255223201005,0.5304799675941467,0.2489703893661499,0.0020693764090538025,0.9990101456642151,0.010238694958388805,0.48585620522499084,-0.9999736547470093,0.9999701976776123
70,0,300.0,1.504881808650052,0.6044499533269695,0.5984387993812561,0.0800247590414714,0.07977807101014295,0.3451233530816164,0.36565545789534,0.1792377752232735,0.16868049025724027,0.09302325581395349,0.08449974612215681,0.15217967990096384,0.1471599357568757,0.15041117693872139,0.1542262989582443,0.5370005965232849,0.24820856750011444,0.0008237835136242211,0.9998636841773987,0.017836041748523712,0.4863390326499939,-0.988941490650177,0.9972660541534424
71,0,300.0,1.5358673835291718,0.6332842229730343,0.6343673467636108,0.06974627375128001,0.0670497014506554,0.3134600068267152,0.33543428313111057,0.17504835589941972,0.16491393697295806,0.10245761747639094,0.0962489166509571,0.17095232677210148,0.17054599285814043,0.16833541927409262,0.16580716893617845,0.5405051708221436,0.24965453147888184,0.001197702600620687,0.9996944069862366,0.00637765834107995,0.4891916513442993,-0.9954653978347778,0.997735857963562
72,0,300.0,1.5297493879510282,0.6186684519218656,0.611458957195282,0.07346289160663427,0.07392548652490476,0.3313787904171553,0.3526264097716689,0.16183615345954097,0.15041409275188075,0.10026805159993299,0.09577788470605615,0.16166862120958284,0.16237117575367288,0.17138549170715361,0.16488495049181653,0.5450199842453003,0.24956348538398743,0.0007306354818865657,0.9993070960044861,0.003749723080545664,0.4830228090286255,-0.9962754845619202,0.9947177171707153
73,0,300.0,1.542561234280784,0.6063964994199919,0.6099507212638855,0.07749920660107902,0.0782538911816163,0.30929863535385593,0.32563946645425734,0.17854649317676927,0.1673195481701887,0.10860044430339574,0.10075024920900288,0.15950491907331005,0.16303082723795598,0.16655030149158997,0.1650060177469788,0.5333163142204285,0.24823787808418274,1.6945881725405343e-05,0.999247670173645,-0.005532061215490103,0.49066218733787537,-0.9987432956695557,0.9937330484390259
74,0,300.0,1.5014380006378614,0.5880693186139629,0.5811960101127625,0.07272242940863079,0.07133714086887236,0.3387719765583378,0.3700785670118253,0.1732818327117741,0.1590533481367762,0.10635322322855621,0.10260042604550197,0.13965103889184868,0.13619357557343048,0.1692194992008524,0.16073694236359368,0.5393291115760803,0.24770422279834747,0.0007011513225734234,0.9996111989021301,0.017996640875935555,0.4844057261943817,-0.9990412592887878,0.9972628355026245
75,0,300.0,1.5204868206635647,0.6050142436926335,0.6075287461280823,0.07672702883970489,0.07601665032444571,0.31857813547954394,0.3224205980868892,0.1858484238765929,0.18078071105072796,0.1101945003353454,0.10856106903852818,0.14795439302481556,0.1493169267959881,0.16069751844399732,0.16290404470342085,0.5353611707687378,0.24801374971866608,0.0019886598456650972,0.9986215233802795,0.02058548852801323,0.48913270235061646,-0.9977936148643494,0.9938971996307373
76,0,300.0,1.5323529477758262,0.5917006579299893,0.5943975448608398,0.08257334747260515,0.08536638879201962,0.3007423117709438,0.3181491489886506,0.18338635560268646,0.16604884055624122,0.10222693531283139,0.10044542676384183,0.16005655708731,0.15619310054303198,0.17101449275362318,0.17379709435621477,0.5324576497077942,0.24871383607387543,0.00028445207863114774,0.9989880919456482,0.0005159092834219337,0.4932019114494324,-0.9992021918296814,0.9992634057998657
77,0,300.0,1.494422541510984,0.595354626053258,0.5907894968986511,0.07295860847157352,0.07203539688108306,0.33032694475760993,0.35040686918680436,0.1867450475116766,0.1709671136141504,0.0951038814623933,0.09527312103962701,0.14519246255435658,0.14536596660219547,0.16967305524239007,0.1659515326761397,0.5238661170005798,0.24729250371456146,0.0012578698806464672,0.999908447265625,0.0007589075830765069,0.487057626247406,-0.9983773231506348,0.9959275722503662
78,0,300.0,1.5167873635609177,0.6348437193366631,0.639394998550415,0.0734926248598292,0.07125333331836084,0.2924178383507289,0.3172778915827192,0.2184076597947037,0.19107748571960123,0.09919779177089623,0.10044429160935991,0.14413870439058052,0.14391439184880359,0.17234538083326145,0.17603260592115527,0.5232140421867371,0.25210681557655334,0.0005778894410468638,0.9987246990203857,0.005481242667883635,0.49107927083969116,-0.9974676966667175,0.9987339973449707
78,1,900.0,1.6310165984721123,0.668197731566585,0.6339869499206543,0.0759493670886076,0.07708333324990235,0.20253164556962025,0.2013888889729666,0.17088607594936708,0.17222222212391594,0.0949367088607595,0.0951388888740136,0.1962025316455696,0.19652777775384797,0.25949367088607594,0.25763888902535353,0.5384145975112915,0.23111404478549957,0.006505763623863459,0.9834740161895752,-0.03439946100115776,0.5064157843589783,-0.9912590384483337,0.9456890821456909
79,0,300.0,1.5181971727014267,0.6250521271088181,0.6233311891555786,0.08389219283816272,0.0882218026922624,0.30659243325319496,0.3089311530027095,0.20663039352144755,0.18914661240432334,0.10806023029229407,0.10724513305121487,0.13260787042895103,0.1362602690245384,0.16221687966594964,0.17019502982495144,0.5204150676727295,0.24928073585033417,0.0016066033858805895,0.999713122844696,0.008968277834355831,0.4910432696342468,-0.9912156462669373,0.9940477609634399
79,1,900.0,1.5898202192909778,0.6326421972161161,0.624841570854187,0.09357454772301933,0.09085439668565262,0.3031815346225827,0.2939605993671883,0.17404865876481598,0.16851567392976174,0.10605115408608859,0.10923857109160998,0.1472239550842171,0.15275295171476014,0.17592014971927636,0.1846778072110272,0.5141586065292358,0.24916310608386993,0.003234527073800564,0.9991138577461243,-0.02382882684469223,0.4757465124130249,-0.9696205258369446,0.9958746433258057
80,0,300.0,1.4961300994491047,0.6160738989181497,0.6143791079521179,0.06397774687065369,0.0627299469154303,0.321557719054242,0.3307648438555456,0.18108484005563283,0.1751989216770348,0.10792767732962448,0.10631830730603338,0.1368567454798331,0.13831213799661451,0.1885952712100139,0.18667584224934142,0.5249343514442444,0.2520267367362976,0.002270787488669157,0.9996092319488525,0.008813437074422836,0.4877970516681671,-0.9905775189399719,0.9979506731033325
80,1,900.0,1.5284881747976906,0.621363300591676,0.6133263111114502,0.07983623336745138,0.07444220846317405,0.2981064483111566,0.31613220184625673,0.19191402251791198,0.17233354693524108,0.11233367451381782,0.1140916033580568,0.1489252814738997,0.14578882338885452,0.16888433981576254,0.17721161600841684,0.5288532376289368,0.24987873435020447,0.0036368833389133215,0.9996355175971985,-0.004125658422708511,0.4864785671234131,-0.9892878532409668,0.9927499294281006
81,0,300.0,1.487431047970108,0.5752999022558642,0.5531281232833862,0.07025986525505294,0.06972578084093718,0.33301251203079885,0.3311279603744623,0.16650625601539942,0.1750090605887059,0.13185755534167468,0.12675650666203378,0.15014436958614052,0.1450760261145028,0.1482194417709336,0.15230466541935803,0.5367944240570068,0.2556723356246948,0.005675792694091797,0.9953245520591736,0.025850947946310043,0.4802709221839905,-0.9899948239326477,0.9867113828659058
81,1,900.0,1.5272114456718133,0.6076728443596444,0.6105348467826843,0.08107752956636005,0.07944990399647395,0.280946123521682,0.3009114227597855,0.20367936925098554,0.1927204537393788,0.12496714848883049,0.12607789248867352,0.1583442838370565,0.15500958325007458,0.1509855453350854,0.1458307437656137,0.5227437019348145,0.2502908706665039,0.0009576957672834396,0.9991928339004517,-0.00644692312926054,0.4941020607948303,-0.9996023774147034,0.995957612991333
82,0,300.0,1.582103474934896,0.6504100254603795,0.668571412563324,0.05555555555555555,0.04631410287853874,0.275,0.2885760065625997,0.1638888888888889,0.15203754605300157,0.13055555555555556,0.135989011290136,0.175,0.1825320515941913,0.2,0.1945512816215327,0.5454407930374146,0.24520951509475708,0.0022339443676173687,0.9990208148956299,0.00835880171507597,0.48121434450149536,-0.9655004739761353,0.9499869346618652
82,1,900.0,1.4738948764923379,0.6014602410155436,0.6060795187950134,0.0768760818653905,0.07593405193124537,0.3230831890846146,0.3239045344538511,0.20619081559922614,0.1894397834359506,0.1028408512371449,0.10325529198118757,0.1495774361063028,0.15567344242417228,0.14143162610732105,0.15179289577359306,0.516785740852356,0.250796914100647,0.00016784951731096953,0.9998754262924194,0.002797103254124522,0.4834054410457611,-0.9935319423675537,0.999173641204834
83,1,900.0,1.477840850450641,0.5973954850536282,0.5952542424201965,0.08359236234458259,0.08734383955233559,0.30495115452930727,0.28232926570670513,0.21047957371225579,0.18826365196551847,0.10091030195381882,0.11431124237002553,0.15075488454706928,0.16181003938046887,0.14931172291296627,0.16594196102494643,0.5123415589332581,0.2513754069805145,0.0017132307402789593,0.9991877675056458,0.004541769623756409,0.4898250102996826,-0.9989149570465088,0.9990323781967163
84,1,900.0,1.4825470113386159,0.5928591500529057,0.6046925187110901,0.08926823964336196,0.09193662564578,0.30390344677612263,0.3319744121294864,0.21082961835381103,0.18037960962457678,0.11036207458954007,0.11397307983911327,0.15820376209633577,0.1517376757894591,0.12743285854082853,0.12999859697158442,0.5147222876548767,0.24970465898513794,0.0010674071963876486,0.9993126392364502,0.012280802242457867,0.48582983016967773,-0.9981442093849182,0.996150016784668
85,1,900.0,1.4723876246935745,0.5873509788404534,0.5891484022140503,0.08288062404234572,0.07435552101588737,0.313832010029252,0.35565191981419986,0.19236662487811673,0.16808798392279548,0.10349630867808887,0.10491778844723121,0.16464688675302966,0.16103550951730125,0.142777545619167,0.13595127728258483,0.5145843625068665,0.25178664922714233,0.0011020478559657931,0.9993873238563538,0.03795776143670082,0.4797748029232025,-0.9961695075035095,0.9988082647323608
86,1,900.0,1.3985277462005614,0.5927273217753765,0.5935536026954651,0.06671875,0.06299239811193692,0.37390625,0.42497266455962457,0.175,0.1485876522852619,0.1021875,0.10458950556940344,0.15375,0.13136293287134665,0.1284375,0.1274948466024265,0.5411484241485596,0.2534523010253906,0.0021402782294899225,0.9986660480499268,0.0291655994951725,0.47823581099510193,-0.9944934844970703,0.9972460269927979
87,1,900.0,1.4263022710710256,0.6008832245747834,0.6026822328567505,0.08074222668004012,0.07730897986257468,0.3245737211634905,0.3469965227714069,0.1892678034102307,0.16840950170330635,0.11023069207622868,0.11381900815278523,0.15606820461384152,0.15534127944866974,0.13911735205616851,0.13812470806125712,0.5208161473274231,0.25126126408576965,0.0013337130658328533,0.99957674741745,0.054820626974105835,0.4843747615814209,-0.9973796606063843,0.9965972900390625
88,1,900.0,1.3843927803667904,0.5980261992198759,0.6005188226699829,0.08376742221596509,0.08754256898458249,0.3529494579755033,0.35857713496226945,0.17063212727016752,0.1584542037502505,0.09446712656623962,0.09560239781190233,0.1576798535829931,0.1616062231867339,0.14050401238913135,0.13821747130426132,0.5359606742858887,0.2517757713794708,0.0036518683191388845,0.9997286796569824,0.039453957229852676,0.4864759147167206,-0.9882856011390686,0.9984279870986938
89,1,900.0,1.4026371569511218,0.6028359754454596,0.6041250228881836,0.08328205128205128,0.08580004933218785,0.33415384615384613,0.3433467185182846,0.17015384615384616,0.15669461049421127,0.11405128205128205,0.11533616678914844,0.1762051282051282,0.17020051182124005,0.12215384615384615,0.12862194304492777,0.5345828533172607,0.2531049847602844,0.0026375632733106613,0.9993582367897034,0.04576711356639862,0.4852108657360077,-0.992978036403656,0.9970946311950684
90,1,900.0,1.4260795985195394,0.5788099080611975,0.5812520980834961,0.07044310988475896,0.07546264932739648,0.30563220256451873,0.3246247029447339,0.18844343450738515,0.17004423979057076,0.11572796623924687,0.1167298583981489,0.18779418925499108,0.17815029175382388,0.13195909754909918,0.1349882577853261,0.5320335626602173,0.25370559096336365,0.0002312256401637569,0.9997652173042297,0.03415286913514137,0.48144832253456116,-0.9898893237113953,0.9966965913772583
91,1,900.0,1.4474804486627726,0.5801438058729199,0.5831232070922852,0.0656326839417439,0.07130914709887586,0.3030073765840741,0.33992182942271804,0.17363344051446947,0.14085942884281896,0.12861736334405144,0.12681945835837222,0.2090032154340836,0.20593071902352414,0.12010592018157745,0.11515941725369079,0.554469645023346,0.2519611120223999,0.001983101712539792,0.9990110397338867,0.03884939104318619,0.48439186811447144,-0.9952938556671143,0.9972686767578125
92,1,900.0,1.4743006654308222,0.5706318375745552,0.575694739818573,0.07215241183623834,0.066152246912647,0.28104310228347523,0.3243449083398079,0.18308336711255235,0.1603572867863253,0.11984866909877044,0.11991905018689587,0.2190244561545737,0.20468150364141974,0.12484799351438995,0.1245450041329042,0.5514549016952515,0.252048522233963,0.0035195837263017893,0.9987571835517883,0.028178248554468155,0.48265424370765686,-0.9971385598182678,0.9995570182800293
93,1,900.0,1.4877945554457457,0.5822473659477957,0.5841726660728455,0.07837250894225856,0.06517296415689701,0.24782830863566685,0.3001081026263535,0.21173990802248338,0.18271358448740035,0.09900357690342361,0.09459948052396562,0.22023505365355137,0.21774631420994775,0.14282064384261625,0.1396595539954358,0.5313475728034973,0.2541087865829468,0.0020572789944708347,0.9999470114707947,0.032326217740774155,0.4950560927391052,-0.9979488253593445,0.9980330467224121
94,1,900.0,1.487018702747376,0.5898993386004733,0.5890048146247864,0.0740650406504065,0.06640285085360073,0.2591869918699187,0.2827662482020252,0.17772357723577237,0.162786169688606,0.11065040650406505,0.11826413830506066,0.2251219512195122,0.2212180144878379,0.1532520325203252,0.14856257846286947,0.5340650081634521,0.25359275937080383,0.0008291117264889181,0.9994130730628967,0.02756427973508835,0.4956004023551941,-0.9986702799797058,0.9949507713317871
95,1,900.0,1.4410020013322007,0.5964227068773444,0.5965091586112976,0.06518474016221087,0.0662519391525547,0.292880744968459,0.29220254842631177,0.18243716831881446,0.17257352270457219,0.09482327025132672,0.09604572825548227,0.23730850105136678,0.24351699249093586,0.12736557524782216,0.12940926897014318,0.5476373434066772,0.25014978647232056,0.0010434112045913935,0.9995722770690918,0.03228938207030296,0.4914974868297577,-0.9995124936103821,0.9979102611541748
96,1,900.0,1.4303983848663382,0.6051903244221246,0.60764080286026,0.07611492281303602,0.07963520332263001,0.2746569468267582,0.29813497201108713,0.17141938250428818,0.1445874744413866,0.09026586620926244,0.09248080845849449,0.24271012006861065,0.24150248023584323,0.1448327615780446,0.14365906153055857,0.5445014238357544,0.2567403018474579,0.0005607772036455572,0.9999653100967407,0.039019543677568436,0.4918374717235565,-0.9983481168746948,0.9951721429824829
97,1,900.0,1.3660374450137402,0.5902955698520984,0.5849125981330872,0.07803364753609354,0.07586872390031624,0.32311180050113353,0.3732527157218406,0.15952750268464383,0.13229430964850386,0.0764825199856819,0.08188236989722075,0.2219305572127431,0.20501610593163974,0.1409139720797041,0.1316857749004788,0.5413604974746704,0.25401780009269714,0.0008769191335886717,0.9989341497421265,-0.002901938743889332,0.48969870805740356,-0.9968498349189758,0.9990309476852417
98,1,900.0,1.398292175216405,0.581113313091946,0.5774944424629211,0.0766335956209374,0.07796423373141763,0.29148135477249404,0.3136659240481098,0.15965332421028625,0.14218986121403362,0.09305508039685255,0.0892141013223942,0.24164671000114038,0.2389563163514857,0.13752993499828942,0.13800956333255907,0.540513277053833,0.2538236379623413,0.0007657515234313905,0.9998588562011719,0.00043892921530641615,0.49192726612091064,-0.999853253364563,0.9995725154876709
99,1,900.0,1.3866863041284596,0.5721018148432452,0.5713494420051575,0.08838883888388839,0.0888880367583897,0.32187218721872185,0.3193616870135401,0.1360936093609361,0.12788807024595983,0.07650765076507651,0.07707866306876775,0.22592259225922592,0.2332415218390963,0.15121512151215122,0.15354202107424633,0.5433638691902161,0.2549132704734802,0.001658124034292996,0.999226987361908,-0.02594733238220215,0.48593416810035706,-0.9943636655807495,0.9926331043243408
100,1,900.0,1.3962963013964347,0.5878787780173178,0.5899035930633545,0.0851581508515815,0.08010211181562697,0.32127847821278477,0.36118724264528357,0.15638133156381331,0.14038090494764585,0.08770183587701835,0.08203236906645696,0.19896040698960407,0.1839627266988217,0.15051979650519798,0.15233464482616493,0.5278071761131287,0.2559880018234253,0.0010635445360094309,0.9995746612548828,-0.028205862268805504,0.4944908916950226,-0.999250590801239,0.9961495399475098
101,1,900.0,1.401506928614111,0.5898707212499328,0.5904043912887573,0.07907729664103602,0.0780000808733174,0.31218130311614734,0.34176928252451744,0.17588021044111696,0.1528996224022381,0.08692836908134359,0.08257736744080689,0.20898421691622826,0.20568886045133278,0.13694860380412788,0.13906478630778743,0.5227357745170593,0.25251489877700806,0.00018965479102917016,0.99929279088974,-0.015004961751401424,0.4963941276073456,-0.9991294741630554,0.9981088638305664
102,1,900.0,1.3567893540563662,0.5875973976452953,0.5883209705352783,0.07874852420306966,0.08616039724054876,0.3395513577331759,0.363380813240728,0.13896103896103895,0.12448031232732555,0.08677685950413223,0.08287997693471963,0.20106257378984652,0.18951159084494887,0.15489964580873672,0.1535869094117292,0.5219200849533081,0.25565478205680847,0.0013461440103128552,0.9971898794174194,-0.004386324901133776,0.4894659221172333,-0.9931745529174805,0.9983733892440796
103,1,900.0,1.3596262339391403,0.5813905841109952,0.5765611529350281,0.07668529306860064,0.07867062714720116,0.34692664368089404,0.3618526512276053,0.14385923195815004,0.13670769604967561,0.08928783735584354,0.09068132310866919,0.18701700154559506,0.17744870858348494,0.15622399239091667,0.15463899388336377,0.5266788601875305,0.2549501061439514,0.0003104255301877856,0.9992597699165344,-0.014782578684389591,0.4963386654853821,-0.9984933137893677,0.9979082345962524
104,1,900.0,1.3890337642704853,0.5929270487092935,0.599602460861206,0.0752897386007952,0.0777330193934973,0.3438795364182387,0.3682250567642296,0.14372726503679892,0.13179732157682572,0.07935030877252347,0.07663068502392217,0.2058201505794772,0.1931545515172574,0.1519330005921665,0.15245936572426777,0.5169488787651062,0.25559914112091064,0.00032537311199121177,0.9980220198631287,-0.032797619700431824,0.49141940474510193,-0.9975757002830505,0.9996896982192993
105,1,900.0,1.428774057984792,0.5885412560244158,0.5893169641494751,0.0856725899218817,0.08842998455167349,0.29367327667610954,0.30832035638331706,0.14044123959138125,0.12831638218212396,0.1035281998454803,0.10086309706591892,0.21306549918447937,0.20583699648457562,0.16361919478066786,0.16823318333239096,0.5058156847953796,0.2569402754306793,0.0005857919459231198,0.99978107213974,-0.016882115975022316,0.5000724792480469,-0.9982981085777283,0.9989762306213379
106,1,900.0,1.4009514207303475,0.5951219212670625,0.5914875268936157,0.08421494542401343,0.08890110605123405,0.3193954659949622,0.3262762801807663,0.13249370277078085,0.11549030969901546,0.08807724601175483,0.08485881428569088,0.19815281276238456,0.2068652832420987,0.17766582703610412,0.1776082065411946,0.5168645977973938,0.2592792809009552,0.00035776416189037263,0.9969707131385803,-0.015581505373120308,0.498811811208725,-0.9956978559494019,0.9995632171630859
107,1,900.0,1.3435207260523947,0.5661718727454693,0.5630002021789551,0.07169283071692831,0.07512581002897595,0.37606239376062395,0.39869159552073513,0.14508549145085492,0.13291339488528678,0.07839216078392161,0.07155688303566442,0.17048295170482952,0.16560970030829864,0.15828417158284172,0.1561026162210391,0.5290080308914185,0.257392019033432,0.0002032673655776307,0.9994645118713379,-0.009816906414926052,0.49371835589408875,-0.997270405292511,0.999430775642395
108,1,900.0,1.4119363653577892,0.5864729776187819,0.5868027210235596,0.07139520918129046,0.06995241658138132,0.30219523587108826,0.33201530180655797,0.170014012143858,0.15353347543625342,0.08881030226196036,0.08092982027739698,0.1896310135450724,0.1823401311175381,0.1779542269967305,0.1812288547808722,0.5093611478805542,0.2596951127052307,0.0012935963459312916,0.9994920492172241,0.0193040668964386,0.5062962174415588,-0.9979844093322754,0.9998055696487427
109,1,900.0,1.3696385542633733,0.5737159383880179,0.5768749713897705,0.07427723283427981,0.07155015644828727,0.3344088797108931,0.3690964714966135,0.16507485802787816,0.15058828015174228,0.08479607640681466,0.07981321511308272,0.17817501290655652,0.17243464292064697,0.1632679401135777,0.15651723386962724,0.5334967970848083,0.2617206573486328,0.0009606223902665079,0.9997610449790955,-0.00831236969679594,0.49617594480514526,-0.9996973872184753,0.999858021736145
110,1,900.0,1.3197411226939006,0.5569387811204569,0.547768235206604,0.07144201807228916,0.0661237678723009,0.3665286144578313,0.39592484584040366,0.15003765060240964,0.13793140412690574,0.07445406626506024,0.06842594345680492,0.1665097891566265,0.16037988428280148,0.17102786144578314,0.1712141544207833,0.5430557131767273,0.2596434950828552,0.00014433481555897743,0.9998255968093872,-0.012104921042919159,0.49310144782066345,-0.9970952868461609,0.9992930889129639
111,1,900.0,1.3175486489218737,0.5685327855239813,0.5771574974060059,0.07125032269167886,0.07106006685220137,0.36752430943980724,0.3920404076169283,0.1505033990190173,0.13991910696829798,0.08045779192840548,0.08170017688129401,0.163325015058945,0.1522046186127948,0.1669391618621461,0.1630756230684835,0.5491860508918762,0.26151224970817566,0.0011374190216884017,0.9994969367980957,-0.011802371591329575,0.4865821301937103,-0.9977643489837646,0.9996411800384521
112,1,900.0,1.3266623668743733,0.5629448359565683,0.5631831288337708,0.06740900383141762,0.0700500041399165,0.3728448275862069,0.38671677762620843,0.1424808429118774,0.13233928305624973,0.08536877394636015,0.0825396750726869,0.17157567049808428,0.16547156741934574,0.16032088122605365,0.16288269268559272,0.5590912699699402,0.26112282276153564,0.0001301246229559183,0.9999629259109497,-0.01722775772213936,0.47792038321495056,-0.9986200332641602,0.9993281364440918
113,1,900.0,1.3687549048129803,0.5438249978064069,0.5485838055610657,0.07646435197455606,0.07366323139366207,0.34428836469652796,0.3648444306406127,0.14206201961304002,0.13083053027626002,0.09607739199575935,0.09469557512739993,0.17638483965014579,0.16590315118585544,0.16472303206997085,0.17006308137620985,0.5535566806793213,0.26143234968185425,0.0006726207211613655,0.9996004104614258,-0.018167508766055107,0.4862687885761261,-0.997422456741333,0.9996200799942017
114,1,900.0,1.3292130325501224,0.5248622690621871,0.526198148727417,0.086144578313253,0.08173525689263915,0.3521686746987952,0.37968695885841225,0.1236144578313253,0.10974247311193522,0.10361445783132531,0.09767178728384596,0.1755421686746988,0.16268424907227125,0.15891566265060242,0.1684792747808962,0.5546741485595703,0.26351913809776306,0.0002577225386630744,0.9999552965164185,-0.017674431204795837,0.48653170466423035,-0.9985917806625366,0.9982084035873413
115,1,900.0,1.3919718619660175,0.5449945713873066,0.5436801314353943,0.09475721619119751,0.08881696891741764,0.2863754944037701,0.3452166000016952,0.1502987461078852,0.1356437293055951,0.10695952200622738,0.09079732314139857,0.19700412353782715,0.18256337716935267,0.16460489775309264,0.1569620014645408,0.5271323919296265,0.26479434967041016,3.61849379260093e-05,0.9990094304084778,-0.01867145672440529,0.49230435490608215,-0.9984919428825378,0.9986380338668823
116,1,900.0,1.3990007573412964,0.5169858040202199,0.5192846059799194,0.10361646443016893,0.09951015940403132,0.3047822983583155,0.34357059064648465,0.1492981203901975,0.1349622773278437,0.11789198191767784,0.10812360119294258,0.16916488222698073,0.16041272157053027,0.15524625267665954,0.15342064985816747,0.5449362397193909,0.26305273175239563,0.0008952069329097867,0.9997998476028442,0.0033268339466303587,0.4831828773021698,-0.9986065626144409,0.999207615852356
117,1,900.0,1.4174730047755262,0.5291683015908261,0.5292099118232727,0.09407602286129003,0.09366085261940377,0.29284223895491246,0.2945336851242258,0.15513018234600381,0.1495263701245381,0.11820738455955729,0.11749687491160252,0.18778916810305724,0.19171657650414403,0.15195500317517918,0.1530656407160858,0.5319501757621765,0.26589635014533997,0.0012380504049360752,0.9996960759162903,-0.002744964323937893,0.4866248369216919,-0.9983011484146118,0.9999152421951294
118,1,900.0,1.4115538650080055,0.5114213967132957,0.5099371671676636,0.10072956391974797,0.09847649626935978,0.30525617642182057,0.3528236873449132,0.1607527773171945,0.14962724711785721,0.11432598242414194,0.1009593924150359,0.16746808157851104,0.15399407489911748,0.151467418338584,0.1441191019537164,0.530632734298706,0.26455429196357727,0.0002970309869851917,0.9997372627258301,0.0008798381895758212,0.48592182993888855,-0.9957919120788574,0.9979748725891113
119,1,900.0,1.4245666314403793,0.5202850190176219,0.5111358761787415,0.11546530166988336,0.10634514702720235,0.2784257782999077,0.3292779429259126,0.15725434253587312,0.13665703119874154,0.11429050935638164,0.10159236596958447,0.17605101955190064,0.1705770695411034,0.15851304858605353,0.15555044333745557,0.5141340494155884,0.26243680715560913,0.0011897783260792494,0.9988021850585938,0.033961717039346695,0.49044182896614075,-0.9969124794006348,0.9998306035995483
120,1,900.0,1.4111188399577126,0.5035364503532621,0.5006977319717407,0.11210428305400373,0.10943221665963336,0.3101179391682185,0.3466375812579021,0.14959652389819988,0.13963652716302266,0.10775915580384854,0.10090402244073891,0.1734326505276226,0.16394335496174667,0.14698944754810678,0.13944629751695628,0.5176878571510315,0.25938597321510315,0.0008664068882353604,0.9997815489768982,0.01855623908340931,0.4793999195098877,-0.9975712299346924,0.9997384548187256
121,1,900.0,1.4090128268756845,0.4823616250622192,0.47263631224632263,0.11739520063725978,0.11377088672851901,0.28119087921935676,0.3068327254386456,0.1499551926715125,0.13925437872255825,0.10923030966842577,0.10230231488995928,0.17873145474459823,0.1673234774879702,0.16349696305884695,0.1705162167323477,0.510089635848999,0.2639143466949463,0.00037587230326607823,0.9996629953384399,0.015545510686933994,0.48851361870765686,-0.9934666752815247,0.9983326196670532
122,1,900.0,1.4433892064437173,0.5044571044807094,0.5086036920547485,0.10902083142149216,0.10323492717440272,0.2591538955675874,0.299036918321724,0.1684867394695788,0.15808145040452876,0.12388730843351381,0.1116380420640604,0.19537487381848215,0.18582121653039801,0.14407635128934568,0.14218744550488605,0.5064390897750854,0.2613362669944763,0.0008500136900693178,0.9995420575141907,-0.00024575513089075685,0.4914494752883911,-0.9989494681358337,0.9967004060745239
123,1,900.0,1.4392684384257877,0.5098459235919366,0.5090789794921875,0.10674260518096639,0.10121458836188924,0.2715414293588095,0.31086968678144256,0.14725335293036929,0.1296652470733165,0.1331986037111887,0.12178567878235569,0.20788168289546205,0.19960475981703518,0.13338232592320412,0.13686003918396086,0.509773313999176,0.26673296093940735,0.002300300169736147,0.999859094619751,0.005443569738417864,0.4941265881061554,-0.999008297920227,0.9979902505874634
124,1,900.0,1.3819489311116118,0.47695852557541624,0.47775670886039734,0.0933058702368692,0.09913043310006145,0.3180226570545829,0.33120401052861986,0.12409886714727085,0.120213137760415,0.1203913491246138,0.10903911059522296,0.19897013388259527,0.1939272563780143,0.14521112255406798,0.14648605163766643,0.5254253149032593,0.2631661295890808,0.0005530414055101573,0.9999414086341858,-0.04623008146882057,0.4865034520626068,-0.9981800317764282,0.9994544982910156
125,1,900.0,1.360289820728686,0.48067132643581534,0.48142722249031067,0.07768456375838927,0.07295761404081803,0.33682885906040266,0.35620221931541185,0.12558724832214765,0.12333666637457939,0.12256711409395973,0.11070547665451994,0.20268456375838925,0.2056048483376129,0.13464765100671142,0.13119317527705787,0.5309647917747498,0.26304274797439575,0.0008596700499765575,0.9996569752693176,-0.02712099812924862,0.4812987446784973,-0.9940801858901978,0.9990881681442261
126,1,900.0,1.379447679915664,0.48195028569747567,0.48242172598838806,0.08594825712008117,0.07747207034575486,0.30893543010363067,0.3546171525101012,0.12747300529023842,0.11604398957100204,0.12573374882237842,0.11072092903467924,0.19479672440031887,0.1915200683188783,0.15711283426335243,0.14962579021958441,0.5249660611152649,0.2687793970108032,5.5958695156732574e-05,0.9995781183242798,-0.012878941372036934,0.4903358817100525,-0.999920129776001,0.9966555833816528
127,1,900.0,1.3556072182621561,0.4940629108643635,0.49691975116729736,0.09036880240983473,0.07942321497397335,0.3101033949360905,0.34667135162473883,0.14165920377757876,0.1327525656202846,0.1130017096800456,0.10245192325430753,0.19978832532768867,0.19546393608989812,0.1450785638687617,0.14323700843679754,0.5327431559562683,0.2655816376209259,0.00012469229113776237,0.9999539852142334,-0.022648628801107407,0.4870026409626007,-0.9997133612632751,0.99896240234375
128,1,900.0,1.3614520813136786,0.5108272153242392,0.5004979372024536,0.0932360097323601,0.07750064181382756,0.29956204379562046,0.33925997347677717,0.13800486618004867,0.12511761176739658,0.12009732360097324,0.11039074658254558,0.22053527980535279,0.2156426199242237,0.12856447688564476,0.1320884064352294,0.5305688977241516,0.2664629817008972,0.0006729806191287935,0.9998523592948914,-0.017693182453513145,0.4871719777584076,-0.9984228014945984,0.9980093240737915
129,1,900.0,1.339747928083728,0.5141013066744501,0.5205774903297424,0.09807226377330665,0.09297827334782545,0.309280522490256,0.34311267670078666,0.13020120088486253,0.11530150305600272,0.10881702306963026,0.10122320063165398,0.20699462762035184,0.20536152706627098,0.14663436216159276,0.14202281919746024,0.5367943048477173,0.2624487280845642,0.00010282911534886807,0.9997087717056274,-0.01401611976325512,0.4803900718688965,-0.9998733401298523,0.9991412162780762
130,1,900.0,1.2833689540628128,0.4879795675278863,0.4843466579914093,0.08995643471093842,0.08213796923005984,0.3639467797009302,0.41532871189916337,0.128458730719416,0.11681361458775866,0.10632285411515366,0.0930649998754042,0.17685152478511715,0.16486970517048002,0.1344636759684446,0.12778499923713393,0.5453521609306335,0.2594790458679199,0.0003124865470454097,0.9994638562202454,0.0039917295798659325,0.472156822681427,-0.9987266063690186,0.9988042116165161
131,1,900.0,1.3179416677900972,0.4924441121506852,0.48672693967819214,0.10143097643097643,0.09457991965383393,0.3468013468013468,0.35561786792461986,0.12906846240179573,0.12263718067912019,0.10942760942760943,0.10053132000816077,0.17592592592592593,0.1828427637373242,0.13734567901234568,0.14379094799694106,0.5352903008460999,0.2615772485733032,0.00021518280846066773,0.9986018538475037,-0.0034617644269019365,0.4872128963470459,-0.9983234405517578,0.9976804256439209
132,1,900.0,1.2998432823674595,0.49142386599005283,0.49776244163513184,0.09328358208955224,0.08185779391248543,0.37027363184079604,0.41571670263710386,0.1294776119402985,0.11573509789903334,0.11131840796019901,0.10090092415927024,0.15646766169154228,0.14917052648882934,0.13917910447761195,0.1366189549032778,0.540743887424469,0.26006636023521423,0.000921401078812778,0.9995174407958984,0.0049367486499249935,0.4814743101596832,-0.9995067119598389,0.9967801570892334
133,1,900.0,1.3820604310418567,0.522259897340572,0.5250726342201233,0.13202554744525546,0.10789901004393652,0.29023722627737225,0.35866531875488167,0.16104014598540145,0.1398766110013743,0.11852189781021898,0.09796831867447907,0.15392335766423357,0.15207480719032704,0.14425182481751825,0.14351593433500143,0.5237516760826111,0.26404449343681335,0.00010340472363168374,0.9998072981834412,0.029011746868491173,0.49606573581695557,-0.9991053938865662,0.9991530179977417
134,1,900.0,1.4145539065441453,0.5283112752698617,0.5246455073356628,0.13770707831325302,0.10810110634174457,0.27146084337349397,0.3478336640340344,0.15625,0.14171376177086367,0.12274096385542169,0.09864306816662588,0.16255647590361447,0.15065746253853443,0.14928463855421686,0.1530509371481971,0.5215683579444885,0.2621002793312073,0.0001863355137174949,0.9999396800994873,0.0019988948479294777,0.49565619230270386,-0.9999513626098633,0.9991694688796997
135,1,900.0,1.4030259877990106,0.535703949727583,0.540130615234375,0.1323424832882947,0.11436464803845771,0.2666761484852795,0.299593893026641,0.15502773431944247,0.14497493577393997,0.13084909685677712,0.12395697785803515,0.16178353008106955,0.15934847867381965,0.15332100696913667,0.15776106662910647,0.5142070651054382,0.2640511989593506,5.102325667394325e-05,0.9998108744621277,0.02355417236685753,0.49969959259033203,-0.9992160797119141,0.9982357025146484
136,1,900.0,1.3659540119658566,0.5177030111096569,0.5175257921218872,0.1339757017176372,0.1198267022741174,0.3113531629660662,0.35463619197238255,0.15131964809384163,0.1390495939337664,0.11705069124423963,0.1000307311214267,0.14520318391286133,0.1381973178148564,0.141097612065354,0.14825946288345054,0.5220867395401001,0.2641031742095947,5.866217179573141e-05,0.9997151494026184,0.01760276034474373,0.5034372210502625,-0.998555064201355,0.997954249382019
137,1,900.0,1.376279881295683,0.529651991752416,0.5328528881072998,0.13796253997259023,0.12152548027046546,0.297396071265418,0.3328147293266865,0.1536774783005939,0.15747506948077936,0.1306532663316583,0.1156817242814973,0.1317496573777981,0.12371391731682575,0.14856098675194152,0.14878907932374566,0.515486478805542,0.2635924816131592,0.000212703671422787,0.998835027217865,0.020004380494356155,0.4987418055534363,-0.9982924461364746,0.9995641708374023
138,1,900.0,1.3822192717733164,0.537070073862328,0.5397486090660095,0.15047844864086712,0.1422202908788075,0.2754678634939453,0.29566129084721765,0.16131763908883057,0.155503373849283,0.1381996782115336,0.1262939726853037,0.136590735879414,0.13533460720595777,0.13794563468540944,0.14498646453343034,0.5015657544136047,0.2678294777870178,0.00011122968862764537,0.9997597932815552,0.012692831456661224,0.5040176510810852,-0.9989822506904602,0.998749852180481
139,1,900.0,1.397444181439124,0.49732966071007234,0.4987695813179016,0.14066440083324197,0.1363877083503942,0.286372108321456,0.28954886993551665,0.16719657932244272,0.16465196261694484,0.12060081131454885,0.11611247025372254,0.13934875561890145,0.14091412727169622,0.14581734458940906,0.15238486157172554,0.517160177230835,0.26427745819091797,0.00046607531839981675,0.999775767326355,0.0066878944635391235,0.49997928738594055,-0.999663233757019,0.9976601600646973
140,1,900.0,1.391022448975153,0.5210911352211531,0.5220672488212585,0.15226429101707498,0.14099225835147228,0.2584261321455085,0.29924689205196636,0.1720861172976986,0.15863835437622292,0.13466963622865627,0.1194584217624416,0.13630289532293988,0.13444496622014462,0.14625092798812175,0.14721910723775222,0.5065934658050537,0.26705214381217957,6.221876537892967e-05,0.9999073147773743,0.015385041944682598,0.507881224155426,-0.9995808601379395,0.9999481439590454
141,1,900.0,1.3606497220405074,0.4797134276820685,0.47473666071891785,0.12864013992129428,0.11708396684602368,0.2986445124617403,0.3377223497415522,0.1720157411456056,0.1559706311596251,0.11779623961521644,0.10663762682641352,0.13108876257105379,0.13071101899660836,0.15181460428508964,0.15187440642977715,0.5254769921302795,0.26382288336753845,0.00023284975031856447,0.999663770198822,0.022924866527318954,0.49248072504997253,-0.9985033869743347,0.998428463935852
142,1,900.0,1.3237705846800587,0.4866345654363218,0.48856431245803833,0.12093484731562121,0.11463698977283107,0.30437658472053797,0.3327403999123182,0.18046521882923602,0.17565932705080212,0.10318597729026568,0.09305163382523661,0.11762760445375373,0.1122182310937926,0.1734097673905854,0.17169341834501942,0.5148671865463257,0.2642737030982971,0.00028275905060581863,0.999612033367157,0.04134612902998924,0.4855860471725464,-0.9996055364608765,0.9997328519821167
143,1,900.0,1.3072984930959608,0.49241909062166017,0.4921419322490692,0.11279136967828934,0.10614282337514548,0.31727990753226737,0.3426439861861925,0.16335966095164708,0.16099192177009589,0.11857060296667309,0.10953919982676112,0.129262184550183,0.12646410105938444,0.1587362743209401,0.15421796778242056,0.5241926312446594,0.2656952738761902,0.0003498088335618377,0.9999523162841797,0.03868558630347252,0.4886685907840729,-0.9995798468589783,0.9997005462646484
144,1,900.0,1.3381233297835444,0.4740357220158998,0.4790356457233429,0.1250996015936255,0.1276270633177011,0.29447922595332954,0.2951444182742163,0.15845190665907796,0.1498527502631865,0.11826977803073421,0.11568112039853537,0.14319863403528743,0.14739975008191322,0.16050085372794537,0.16429489766444752,0.5210211873054504,0.2627636194229126,1.6059128029155545e-05,0.9990922808647156,0.04067443311214447,0.49207550287246704,-0.9995676875114441,0.9959084987640381
145,1,900.0,1.2872889590653447,0.4898304247379182,0.49278298020362854,0.11600442858900234,0.10952287362642915,0.31307663919301265,0.33930856477650906,0.15081805880182064,0.14654641590100667,0.114897281338418,0.10571705039767389,0.1482347152171239,0.14651504367003798,0.15696887686062247,0.15239005162834324,0.5319973230361938,0.2641930878162384,0.0002352099836571142,0.9993017315864563,0.025792725384235382,0.48641201853752136,-0.996366560459137,0.997448205947876
146,1,900.0,1.3700255521616542,0.4901040957366722,0.49790409207344055,0.15388471177944862,0.1354211150717581,0.24892230576441102,0.28842640341198655,0.16411027568922307,0.16005581283770548,0.1468671679197995,0.12628464586005794,0.15027568922305765,0.1500363989187362,0.13593984962406014,0.1397756238997557,0.5217536687850952,0.2625882625579834,0.00013928624684922397,0.9994012713432312,0.010267027653753757,0.4972328245639801,-0.9996592402458191,0.9992308616638184
147,1,900.0,1.363302591396933,0.5303190317908459,0.5341115593910217,0.16721644252727735,0.1437999842741233,0.24968282161887845,0.29946126179674526,0.14031971580817051,0.13858766566222833,0.12433392539964476,0.10626367118214783,0.16734331387972595,0.15914397035551223,0.15110378076630296,0.15274344672924306,0.5146017074584961,0.2694302201271057,0.00012327938748057932,0.9988692998886108,0.003976528532803059,0.5027121901512146,-0.999225378036499,0.9989856481552124
148,1,900.0,1.358889208349988,0.5322332828636441,0.5234060287475586,0.17927283714372041,0.1664922839489425,0.2382918722932823,0.26685102864906995,0.14039681740356533,0.13625602548223464,0.12871386846610938,0.1116011341980046,0.17333064759794542,0.17499730188852594,0.13999395709537718,0.14380222583322239,0.5103369355201721,0.267955482006073,9.812991629587486e-05,0.999988317489624,-0.01602231338620186,0.508733332157135,-0.9996922612190247,0.9993699789047241
149,1,900.0,1.3782235789351083,0.5384377483168084,0.5390222668647766,0.17700123445066945,0.1754979248375204,0.2300826132371095,0.24863427333422952,0.1539265027062957,0.1450733032222393,0.12781312316019372,0.1122571654115377,0.15440129142531572,0.16249579811476497,0.1567752350204159,0.1560415350797081,0.5162277817726135,0.26440566778182983,0.00010093652235809714,0.9997773766517639,-0.017515070736408234,0.5068814158439636,-0.9994602799415588,0.9985760450363159
150,1,900.0,1.4068369896842752,0.567608542095393,0.5679766535758972,0.1588622962192161,0.1467940572939401,0.2208636836628512,0.23290519966106893,0.1806278182448838,0.18050514539967694,0.136576482830385,0.1249991418753936,0.14420742282344778,0.141072935109712,0.1588622962192161,0.17372352066020844,0.5075599551200867,0.26561859250068665,0.0010807530488818884,0.9996530413627625,-0.027791224420070648,0.5119000673294067,-0.9994992613792419,0.9989272356033325
151,1,900.0,1.3641378856335296,0.5151434812819808,0.5156832933425903,0.1494597196961592,0.1397173807886368,0.2578367390606612,0.3008967147486375,0.18219749652294853,0.1716770587718156,0.12624371456082165,0.1079246085452862,0.14475232694982348,0.13887240820924793,0.13951000320958595,0.14091182893637597,0.523126482963562,0.26820436120033264,0.0007922749500721693,0.9992793798446655,-0.03065885230898857,0.49619123339653015,-0.999332070350647,0.9985846281051636
152,1,900.0,1.3894043717647622,0.5286582819088732,0.5311715602874756,0.1448875255623722,0.14012751529935835,0.23936605316973414,0.25045285969854625,0.19355828220858895,0.19059580504041654,0.12607361963190183,0.12307255966798257,0.1423312883435583,0.1401053083301243,0.1537832310838446,0.15564595196357203,0.5159720182418823,0.26753950119018555,0.000774741405621171,0.9998868107795715,-0.0015022611478343606,0.5039151906967163,-0.9991185665130615,0.9996581077575684
153,1,900.0,1.4151405430771278,0.527565487053714,0.5223898887634277,0.16289592760180996,0.16357499738997489,0.2017146939747559,0.21484282557627024,0.22267206477732793,0.20784099656658075,0.11550369135508455,0.11626744952309365,0.14622529173612764,0.13716196914661866,0.15098833055489402,0.1603117617974618,0.502471923828125,0.27103862166404724,0.000541401095688343,0.999725878238678,-0.008067344315350056,0.5038730502128601,-0.9992912411689758,0.9984873533248901
154,1,900.0,1.3941931176938172,0.5087168739247824,0.5100563168525696,0.14830982762480413,0.140689857129771,0.2216252518468771,0.25602051703797984,0.2365122005820461,0.21564913426821505,0.09861204387732259,0.08148787680574895,0.14954107902395344,0.15640225096914398,0.14539959704499664,0.14975036378914117,0.5125446915626526,0.26824483275413513,8.250193786807358e-05,0.9994019865989685,-0.004870327189564705,0.5004856586456299,-0.9996191263198853,0.9977805614471436
155,1,900.0,1.4053088404751939,0.5049769143396041,0.5073757171630859,0.1615575807787904,0.15256426970529274,0.20694099235938507,0.2445455528541638,0.24873423547822884,0.23263626508473287,0.11138727791586119,0.09910973824792652,0.12455122894228114,0.12385394033431957,0.14682868452545336,0.14729023377356448,0.5018606185913086,0.2644418776035309,7.715045649092644e-05,0.9995886087417603,-0.005114693660289049,0.4990402162075043,-0.9987777471542358,0.9995944499969482
156,1,900.0,1.4226931802574667,0.5033363618917717,0.5105395913124084,0.16813300556346228,0.14067853736554822,0.1720144908785095,0.2528538065408502,0.2689222409108552,0.2281265378654471,0.13604606029240524,0.11581187296892596,0.10518825203777979,0.10145501313479631,0.14969595031698796,0.16107423212443223,0.4986938536167145,0.26869457960128784,4.646278830477968e-05,0.9994879364967346,0.005564712453633547,0.5084879994392395,-0.9994742274284363,0.9970525503158569
157,1,900.0,1.3987999407676222,0.4938005939219733,0.49789121747016907,0.15884869136518523,0.13202167304471665,0.1968389762923222,0.27387992615294166,0.24737185528891467,0.21192080955387563,0.12368592764445734,0.10623348160828032,0.1098383237874284,0.10819528653088875,0.16341622562169217,0.167748823109297,0.5097358822822571,0.26652422547340393,5.531311671802541e-06,0.9999353885650635,0.004218525718897581,0.5048868656158447,-0.998833954334259,0.999981164932251
158,1,900.0,1.3743539998850571,0.49467079198755926,0.49857819080352783,0.16008142870361802,0.1508629776007263,0.20866105302118998,0.25122099481949794,0.23373739243083186,0.2132714214345892,0.11668363097992042,0.10615077438737147,0.10678264088091052,0.10268941014959408,0.17405385398352918,0.17580442160822102,0.5081079602241516,0.26363006234169006,0.00032351489062421024,0.9997198581695557,0.0021956355776637793,0.489711195230484,-0.999271810054779,0.9973118305206299
159,1,900.0,1.3288622138317119,0.49534769765639225,0.4942333400249481,0.1643592474263401,0.13102433226449373,0.25559105431309903,0.37141897803816026,0.192403265885694,0.15947961944502467,0.12495562655307065,0.09901181653325089,0.08910188143414981,0.08093099370352871,0.17358892438764642,0.15813426001554176,0.5054718852043152,0.2604883015155792,0.0006178117473609746,0.9989124536514282,0.011951960623264313,0.493144690990448,-0.9978386759757996,0.9978423118591309
160,1,900.0,1.308711469753727,0.4853627534925511,0.48973748087882996,0.15148354195642094,0.14052812081954563,0.26054705609643025,0.31139171867114945,0.21244784422809457,0.20080540915104636,0.13641631896152062,0.11771495904309309,0.07591562355122856,0.07330952649609292,0.16318961520630507,0.15625026581907253,0.5032935738563538,0.2621361017227173,0.00037884837365709245,0.9997767806053162,0.016300316900014877,0.4875054955482483,-0.9962460994720459,0.9985686540603638
161,1,900.0,1.3674255063861072,0.47862512368953647,0.4762195646762848,0.18223701049398516,0.16032009848218043,0.2182407644398942,0.30176416113890375,0.2186673492022865,0.1954290550055465,0.13710434263288115,0.11494166670652982,0.0764439894206979,0.07395186310254503,0.1673065438102551,0.15359315556429443,0.4940411150455475,0.26422855257987976,0.0008758663316257298,0.9996140003204346,0.018767617642879486,0.508122444152832,-0.9998990297317505,0.9993336200714111
162,1,900.0,1.3465030011702286,0.47723605623003534,0.48364707827568054,0.17723861416675235,0.16620256739792505,0.2499228950344402,0.2685189446526633,0.1855659504472088,0.18322073816352213,0.14331242932044824,0.13503984964846322,0.08039477742366609,0.08387036154646248,0.16356533360748432,0.16314753859096384,0.5017722845077515,0.26435843110084534,0.00023137418611440808,0.9992190599441528,0.009929017163813114,0.497269868850708,-0.9985926151275635,0.9991480112075806
163,1,900.0,1.3648809782814904,0.4647374152191289,0.46587979793548584,0.15812421277008043,0.13926793953936625,0.22575331847689178,0.2753199290556683,0.21170429221974615,0.1967139113029018,0.13845557601007655,0.12129432809627892,0.09233601395213642,0.09264305673384884,0.1736265865710687,0.17476083527193587,0.5065656304359436,0.2676246762275696,2.424804279144155e-06,0.9998683333396912,-0.004827192984521389,0.5087348818778992,-0.9995532035827637,0.9994250535964966
164,1,900.0,1.3702893139471544,0.4695763680486801,0.4701404571533203,0.17347474535335503,0.1711106547571662,0.22030872624173053,0.256377774322863,0.19605166439147328,0.17967196780827344,0.1329413000105009,0.11905424288419997,0.08936259582064475,0.0947713686763422,0.1878609681822955,0.1790139915511552,0.5032501220703125,0.2647266089916229,0.00045554086682386696,0.9989976286888123,-0.020257093012332916,0.5026617646217346,-0.9985487461090088,0.999536395072937
165,1,900.0,1.399621706822419,0.4996177938403525,0.5008557438850403,0.18568795039383273,0.16686792142645687,0.1897938662644545,0.23557347688124694,0.19306184012066366,0.17983610691032798,0.13985252220546338,0.12297501178248217,0.09653092006033183,0.0943114908177343,0.1950729009552539,0.20043599218175173,0.49244028329849243,0.2695797383785248,0.00014874598127789795,0.9997349381446838,-0.008699069730937481,0.5132350325584412,-0.9988566040992737,0.9993972778320312
166,1,900.0,1.384697474060451,0.4867714260480594,0.4843878448009491,0.1731201799485861,0.16170252447327738,0.2134479434447301,0.22567447568356572,0.1849293059125964,0.1868121553888047,0.1414685089974293,0.12831428210432266,0.08965295629820051,0.09189005259642362,0.19738110539845757,0.20560650975360592,0.4989394247531891,0.2690950036048889,0.00039408289012499154,0.999431848526001,-0.005254840943962336,0.5185379385948181,-0.9979283213615417,0.9997742176055908
167,1,900.0,1.364193077961216,0.5049179275201788,0.5059148669242859,0.191438227562899,0.18364041121785504,0.20630867442733758,0.24249391900241143,0.17641757416447615,0.16587185699899273,0.14547502816372512,0.12888580193315152,0.08696958317686819,0.08655248186958091,0.19339091250469395,0.19255552897800837,0.498328298330307,0.2683415710926056,8.746111234358978e-06,0.9990851879119873,-0.00378489145077765,0.5132431983947754,-0.9987027645111084,0.9999804496765137
168,1,900.0,1.3315259896134468,0.5230839129443112,0.5255480408668518,0.16841496654827787,0.16204156282758955,0.2349054266127034,0.24992124243027805,0.15891632939621705,0.1620451361861237,0.13397208226645743,0.12603234169036082,0.08375320062773602,0.08729438185094987,0.22003799454860826,0.21266533501469803,0.49655911326408386,0.2692796289920807,6.133894203230739e-06,0.9995466470718384,-0.01745530776679516,0.5139425992965698,-0.9999164938926697,0.9974669218063354
169,1,900.0,1.2972635416880614,0.5406968619233818,0.5355062484741211,0.1701172088947311,0.1592882425634733,0.2564355351078979,0.27190347443846347,0.1425128710702158,0.14749856594476432,0.13024427648154233,0.12690145713130924,0.07273523934713551,0.06950108046611794,0.22795486909847737,0.22490717945587171,0.4879732131958008,0.2677594721317291,0.00012397229147609323,0.9999975562095642,-0.008812920190393925,0.5096740126609802,-0.9991864562034607,0.9997035264968872
170,1,900.0,1.2498623404581348,0.5508182075993643,0.5380228161811829,0.15913872045538918,0.16341514634156595,0.30342779358990224,0.28658412490823737,0.12399455512931568,0.1238399924742696,0.10951614899146145,0.10601091882794353,0.07870313080064348,0.08752735373161999,0.22521965103328795,0.23262246371636358,0.494630366563797,0.26802581548690796,7.529784488724545e-05,0.999875545501709,-0.017575334757566452,0.49492791295051575,-0.9972651600837708,0.9999256134033203
171,1,900.0,1.2382129375232873,0.5370629520886434,0.5367488265037537,0.14462353720468094,0.13862003914774784,0.30205343342901303,0.33242234279540833,0.11856922057849414,0.11153731197298504,0.1430779421505851,0.12380988593810716,0.07286376683594613,0.0778144429993563,0.21881209980128064,0.21579597714639534,0.5090296864509583,0.2652178108692169,0.0003486981731839478,0.9994118213653564,-0.01739473268389702,0.5049938559532166,-0.9996410608291626,0.9977918863296509
172,1,900.0,1.3092998262554165,0.5300960268241198,0.5361021161079407,0.17044077905134655,0.1628342865516243,0.22066908955362968,0.2594999441117528,0.1395955642530985,0.13276886524448495,0.14472090205945393,0.1183179755518691,0.0669089553629671,0.07157893683347795,0.2576647097195042,0.2549999917067909,0.4944974482059479,0.26996755599975586,0.00018131567048840225,0.9996814131736755,-0.006436872761696577,0.5132613778114319,-0.9995698928833008,0.999199628829956
173,1,900.0,1.2980317992585255,0.5116613239529954,0.5062371492385864,0.14521100047415836,0.13285922376945866,0.2412280701754386,0.2874519654834557,0.15659080132764344,0.1492952322086675,0.1427216690374585,0.11481839142997424,0.06661925082977714,0.07674854533420389,0.24762920815552394,0.23882664177424,0.4991680681705475,0.2678927779197693,4.909016934107058e-05,0.9999973177909851,-0.008999359793961048,0.5077755451202393,-0.9986807107925415,0.9982973337173462
174,1,900.0,1.2738670508392123,0.5330183405948206,0.533156156539917,0.1373993723563924,0.12611655338868807,0.2937644972028926,0.3461756589191692,0.14053759039432392,0.12652000179687822,0.13726292809387367,0.12094252260703242,0.07790967389821259,0.07613518135324415,0.21312593805430483,0.20411008193498795,0.4982694983482361,0.265182763338089,0.0004827270458918065,0.9996572136878967,-0.02427838183939457,0.5006885528564453,-0.9993679523468018,0.998629093170166
175,1,900.0,1.3491405155957334,0.5550578989317186,0.5512449145317078,0.1547921967769296,0.13638828461547445,0.213457732541702,0.30572916052150667,0.14751201583262652,0.12253664530356867,0.19621147865422675,0.15361884439623474,0.08679672038450664,0.08472522162366383,0.2012298558100085,0.19700184353955164,0.49765777587890625,0.273024320602417,9.988289093598723e-05,0.9999138712882996,-0.030508186668157578,0.519565224647522,-0.9999982118606567,0.9996470212936401
176,1,900.0,1.3902777387750125,0.5733312250493647,0.5636577606201172,0.15316007996309397,0.1466046351507167,0.20928802091342458,0.26082852406905765,0.14362601876057204,0.13513377302627053,0.18130093802860217,0.15683664470815986,0.09856989081962171,0.09683582395124413,0.21405505151468554,0.20376059909455116,0.4981042444705963,0.2728137671947479,4.842373891733587e-05,0.9999486804008484,-0.049660343676805496,0.5196878910064697,-0.9997087121009827,0.997917890548706
177,1,900.0,1.3474968303930084,0.5853804800176811,0.591443657875061,0.12899429709423374,0.11857548462949662,0.23698741739838872,0.2580920740091823,0.13478772517425544,0.12821224849268575,0.1736217977731511,0.16082998600494833,0.10038924594912646,0.10235211181766374,0.22521951661084458,0.23193809504602322,0.5010715126991272,0.2684227228164673,5.960449925623834e-06,0.9998308420181274,-0.06367835402488708,0.51261305809021,-0.9980489015579224,0.9995416402816772
178,1,900.0,1.3610078922864048,0.5733825609818537,0.5759612917900085,0.14958244032222304,0.146826337551376,0.218535215431232,0.22526989832437763,0.13517108861133692,0.13327574360811023,0.17448821225334418,0.1712678234028598,0.11669499667430346,0.11899775558900154,0.20552804670756042,0.20436244152427477,0.5028987526893616,0.26925128698349,0.0005243406048975885,0.9999247193336487,-0.0689358115196228,0.5127912759780884,-0.9997274875640869,0.9983294010162354
179,1,900.0,1.33213799840195,0.5788013569862297,0.5867170691490173,0.14228173307206618,0.13128280755092384,0.23916829958632702,0.25669574207101475,0.1287829305464838,0.12283007735568931,0.15937295885042455,0.14559873004377383,0.107228391029828,0.11321031070214979,0.22316568691487046,0.23038233227644847,0.4998072683811188,0.2695598304271698,0.0002583261230029166,0.9999681711196899,-0.04631003737449646,0.507932722568512,-0.999980628490448,0.9989013671875
180,1,900.0,1.313757293264166,0.58455660177171,0.5845447778701782,0.16542362768496421,0.13766973613851205,0.27655131264916466,0.33810275740173096,0.12291169451073986,0.11045477356781172,0.1357398568019093,0.1184198326200877,0.1066527446300716,0.10252329927548105,0.19272076372315036,0.19282960099637653,0.5019248127937317,0.2671050429344177,0.00013202358968555927,0.9995757937431335,-0.05424034222960472,0.5079013109207153,-0.9998148083686829,0.9996224641799927
181,1,900.0,1.3335152365390734,0.5729135009036997,0.5740454792976379,0.17588340986224796,0.14066525728162135,0.25364344180475146,0.29598545065658394,0.13246156917548413,0.12605935566772597,0.1618087442603314,0.13621912621280233,0.11579157516470354,0.12618688751289825,0.16041125973248152,0.17488392266836816,0.4993102252483368,0.2691596448421478,9.083272743737325e-05,0.9998204708099365,-0.06274592131376266,0.5125946998596191,-0.9997999668121338,0.9976130723953247
182,1,900.0,1.3572639595273057,0.5679188443929372,0.5665603280067444,0.18445863746958638,0.16140191401431686,0.23532542579075424,0.2908138701578597,0.1257603406326034,0.1147997875589952,0.1573905109489051,0.129862586182506,0.1083485401459854,0.11594532727710904,0.18871654501216545,0.18717651480921316,0.5002808570861816,0.27219510078430176,2.2662681658403017e-05,0.9997645020484924,-0.04246444255113602,0.5166180729866028,-0.9998249411582947,0.9991217851638794
183,1,900.0,1.2989741414165183,0.5797630220624753,0.5769837498664856,0.15618838992332967,0.14114635725433375,0.28378970427163197,0.300922170245024,0.11829134720700986,0.11497806125283808,0.14370208105147864,0.1281432178177877,0.11631982475355969,0.12067252613971327,0.18170865279299014,0.19413766729030324,0.511461079120636,0.2698667347431183,7.299581193365157e-05,0.9997110366821289,-0.059260230511426926,0.5090183615684509,-0.9998835921287537,0.9999234676361084
184,1,900.0,1.3610355080376442,0.5691505835844863,0.5705122947692871,0.17636887608069166,0.15080862740773043,0.2487443392342528,0.2613288884784313,0.13931659118979003,0.1347327087735063,0.16558254425689584,0.14400814922752317,0.11074516261836147,0.1223842802349926,0.15924248662000823,0.1867373458778162,0.5060617327690125,0.2733306884765625,0.00013079414202366024,0.9998157620429993,-0.05454239249229431,0.5163846015930176,-0.9989774227142334,0.999198317527771
185,1,900.0,1.345161000627219,0.5417370870233127,0.5391172170639038,0.2030970815961882,0.1877911563586224,0.2383114949374628,0.26146905641667983,0.13259380583680763,0.13013312632427476,0.13936867182846932,0.1257768233521007,0.1110035735556879,0.11072198189421656,0.17562537224538416,0.18410785565410573,0.5135457515716553,0.27358075976371765,0.00032348159584216774,0.9998555779457092,-0.04174944758415222,0.5183852910995483,-0.9985733032226562,0.9998677968978882
186,1,900.0,1.3349007434884212,0.5394806000921462,0.5311259627342224,0.17669127435556092,0.1638332025921894,0.25789664770664406,0.2736974966220678,0.15042962604380974,0.1466515169070434,0.12549921336076486,0.1170155230391224,0.10589374319254508,0.10569781453073021,0.1835894953406753,0.19310444630884674,0.5200315117835999,0.26893162727355957,9.592712012818083e-05,0.9995419979095459,-0.046878669410943985,0.5101507902145386,-0.9998189210891724,0.9982256889343262
187,1,900.0,1.3338258913574947,0.5320426043937048,0.5372692942619324,0.16900567333532399,0.16339577328030147,0.26366079426694533,0.285392083553553,0.15387677913805117,0.14813845130013595,0.12700308549815864,0.11469503829036033,0.1094854185328954,0.10690475468378294,0.17696824922862547,0.18147389889186633,0.5217313766479492,0.2700780928134918,4.3608026317087933e-05,0.9993547201156616,-0.047884587198495865,0.5100131630897522,-0.9999541640281677,0.998805046081543
188,1,900.0,1.29182936528601,0.5361768293869604,0.543140172958374,0.18089773877826526,0.16251891390145615,0.29440881988975137,0.3458732877131772,0.1303858701766228,0.1219824913872644,0.12926088423894702,0.10792034916879249,0.0971987850151873,0.0920484044477214,0.16784790190122623,0.16965655338158836,0.5128644108772278,0.26686567068099976,6.005168688716367e-05,0.9995175004005432,-0.0574675016105175,0.5035801529884338,-0.9989913702011108,0.9995249509811401
189,1,900.0,1.234171671416039,0.5181372470775834,0.5181480050086975,0.15447246409589505,0.14821470215490504,0.34185231256360965,0.3600421166427259,0.10957819744430623,0.10801701916317272,0.10392400768969806,0.0972385383122244,0.10392400768969806,0.10266891310599166,0.18624901051679293,0.18381871062098026,0.5229730010032654,0.2654283046722412,0.0002610173833090812,0.9993059039115906,-0.06522305309772491,0.4871848523616791,-0.9996702075004578,0.998565673828125
190,1,900.0,1.2955417169895136,0.5170839827788206,0.5161916613578796,0.1761766763265714,0.15233277653741795,0.2689117617667633,0.33580502158105635,0.12071549915059458,0.11172659447798115,0.13330668532027581,0.10939220594066586,0.09603277705606075,0.09267240643310136,0.2048566003797342,0.19807099502977737,0.5147534608840942,0.2721107602119446,0.0005284195649437606,0.9998757839202881,-0.05912287160754204,0.5048564672470093,-0.999387264251709,0.9989324808120728
191,1,900.0,1.3313788980229164,0.49401344220029214,0.4958511292934418,0.19730729863790253,0.1745551189862918,0.23691047948980395,0.30076544794228854,0.11510904653176915,0.1046818857162179,0.15038185969608692,0.12120058298035764,0.1100700732225809,0.10782797658868469,0.19022124242185653,0.1909689877861594,0.5067550539970398,0.2695508897304535,6.912546814419329e-05,0.9997434020042419,-0.047100234776735306,0.5164839029312134,-0.9998106360435486,0.9994226694107056
192,1,900.0,1.3755390456340189,0.5115002158344656,0.5255652070045471,0.19668219520509034,0.18352661469401224,0.2021361208953528,0.22120214971039995,0.1340756732189524,0.1296936539375606,0.15373253039427337,0.14043414847399535,0.09873877968412681,0.10204883324427204,0.2146347006022043,0.22309459993975983,0.511785626411438,0.27169784903526306,4.733128662337549e-05,0.9988857507705688,-0.058890361338853836,0.5169256329536438,-0.9995180368423462,0.9998167753219604
193,1,900.0,1.3398340950274938,0.48923735121704326,0.49097350239753723,0.19473450344367918,0.1812268838423533,0.22439457898244836,0.2631767453205848,0.1383025994223506,0.13104726038400907,0.13596978449233504,0.11404688919253908,0.11019773383692513,0.10498810392290124,0.19640079982226172,0.2055141173376125,0.5156643390655518,0.2688731849193573,0.00045124837197363377,0.9997242093086243,-0.052481647580862045,0.5128457546234131,-0.9993504881858826,0.9994752407073975
194,1,900.0,1.3838079880612142,0.49941846099868603,0.49866536259651184,0.1955323469683783,0.19137163524948528,0.19031041485349579,0.211091511644956,0.16990619862682527,0.16021694592460384,0.14234600135383424,0.12489504798756598,0.09592882699932308,0.09052853428312209,0.2059762111981433,0.22189632491026684,0.5156416296958923,0.2747472822666168,0.00017677724827080965,0.9999717473983765,-0.04808683320879936,0.5215353965759277,-0.9985538125038147,0.9998505115509033
195,1,900.0,1.3921097580510364,0.5117825829497635,0.5041152238845825,0.19177624247827055,0.17304575052571763,0.18230443503454424,0.22398810180907222,0.1790728772008023,0.17378048282541683,0.13773122353465567,0.116429943675981,0.10953866726097615,0.10127408685810343,0.19957655449075107,0.21148163430570888,0.5173363089561462,0.270879328250885,9.394400694873184e-05,0.999788224697113,-0.036187946796417236,0.5195507407188416,-0.9999016523361206,0.9986412525177002
196,1,900.0,1.4067867351691918,0.5392935916649487,0.5286227464675903,0.1777815728801981,0.16901877788601954,0.18982153530868415,0.21398300657156077,0.200836820083682,0.19292205426910466,0.1516522927162497,0.1404365527500487,0.0952096319699428,0.09399796510900349,0.18469814704124327,0.18964164341426282,0.5098921060562134,0.27607980370521545,0.0005237318691797554,0.999938428401947,-0.039021529257297516,0.5252809524536133,-0.9998061060905457,0.9995907545089722
197,1,900.0,1.4012109017037377,0.5227096620655389,0.5260817408561707,0.1797321892875715,0.17503359803122107,0.1765470618824753,0.19214557142022495,0.18356734269370775,0.17783946039855136,0.15581123244929798,0.144854521477842,0.09776391055642225,0.0978608973493253,0.2065782631305252,0.21226595132283532,0.512170135974884,0.27555710077285767,0.00018758198712021112,0.9997335076332092,-0.030796047300100327,0.5243651270866394,-0.9998959898948669,0.9997729063034058
198,1,900.0,1.370568042161297,0.5486859075739645,0.5483660697937012,0.1837404301859278,0.17648479217802734,0.2149106817353263,0.2383119963897762,0.18547211082756107,0.17726179145482782,0.12103536274152388,0.11446148587505199,0.08120670798395917,0.08039726238347135,0.2136347065257018,0.21308267171884526,0.5170124769210815,0.2713800370693207,0.00017615736578591168,0.9998155236244202,-0.011317461729049683,0.5163900852203369,-0.9992376565933228,0.9982640743255615
199,1,900.0,1.347736569830307,0.5477869875533665,0.5453272461891174,0.19339152119700748,0.16266372750222144,0.23890274314214463,0.2957181317623302,0.1708229426433915,0.15844995712604223,0.11633416458852867,0.08962853607769038,0.08104738154613467,0.08405395927351218,0.19950124688279303,0.20948568825820357,0.516369104385376,0.27153053879737854,0.00025367827038280666,0.9994673728942871,-0.0034221308305859566,0.5096662640571594,-0.9991883039474487,0.9998584985733032
200,1,900.0,1.3499528933794072,0.5272909582527242,0.5306380391120911,0.20241617357001973,0.18364637784498797,0.22078402366863906,0.2382253359213642,0.16876232741617356,0.17722795932357277,0.14176528599605523,0.12404522369848105,0.08826429980276135,0.07786931147054803,0.17800788954635108,0.198985791741046,0.5080470442771912,0.2729393243789673,0.0005898976232856512,0.9995332360267639,-0.009171364828944206,0.5146238803863525,-0.9998602271080017,0.9990378618240356
201,1,900.0,1.372242186492837,0.482883404990627,0.49064579606056213,0.2349688405161064,0.20251164997833054,0.19231106819977178,0.25309770141069987,0.16501360484508032,0.16208240737745402,0.1529009040638989,0.1062823893972941,0.09233740015799174,0.08669431179417147,0.16246818221715087,0.18933154004204997,0.5038694739341736,0.27524736523628235,5.0866719902842306e-06,0.9999262094497681,0.009870514273643494,0.5251545906066895,-0.9994904398918152,0.9998968839645386
202,1,900.0,1.34847833661518,0.48150878967555927,0.4748472273349762,0.21415711947626842,0.1925879868249734,0.22332242225859247,0.26818990245108026,0.16276595744680852,0.15856403636427063,0.1355973813420622,0.11707784640149477,0.09410801963993454,0.0879045496416604,0.17004909983633387,0.1756756783165205,0.513648271560669,0.272845059633255,0.00017547080642543733,0.9999901056289673,-0.0104711027815938,0.516537070274353,-0.9997010827064514,0.9987157583236694
203,1,900.0,1.3192751734265902,0.49033232421574136,0.49211305379867554,0.22719270166453265,0.20540898176735062,0.24079705505761845,0.28020435985248504,0.15596991037131883,0.15528944040874307,0.14452624839948783,0.1283565105608752,0.09539052496798976,0.09261682343926816,0.1361235595390525,0.13812388397127792,0.5138230919837952,0.2709771692752838,0.0004271031357347965,0.9998923540115356,-0.0162949338555336,0.5142521858215332,-0.9998322129249573,0.9994845390319824
204,1,900.0,1.3183657991642408,0.47819504873377555,0.4806303381919861,0.23562849546163014,0.20987172561672437,0.23993765471715411,0.2901226705257277,0.14871183643531677,0.1392668648808531,0.1457779407719813,0.12138560789270815,0.09287613459246355,0.09636418760685957,0.13706793802145412,0.14298894347712707,0.5173785090446472,0.2723501920700073,6.879337888676673e-05,0.9998524188995361,0.0027157028671354055,0.5131627917289734,-0.9982092976570129,0.9998329877853394
205,1,900.0,1.288092463202095,0.4625844010775276,0.4680614769458771,0.2234964782373126,0.21775865807572584,0.2750586960447896,0.28842793302886754,0.1471916200108362,0.1452088917847029,0.12687375835289869,0.11611715433861239,0.08677984468123533,0.08521381501359367,0.14059960267292756,0.14727354775849766,0.5148519277572632,0.26962724328041077,0.00019550001889001578,0.9997314810752869,0.005478764418512583,0.5070606470108032,-0.9998503923416138,0.9996496438980103
206,1,900.0,1.3129051114893624,0.47533088470661,0.4811018705368042,0.218860469952173,0.20152962508151862,0.25639426076107297,0.296260187744685,0.1517987107506758,0.14974599079187523,0.13277188604699522,0.11319117747839323,0.09555001039717197,0.09387088608921593,0.144624662091911,0.145402132814312,0.5220942497253418,0.2704632580280304,0.00064767588628456,0.9995316863059998,-0.0027698748745024204,0.507079005241394,-0.999983012676239,0.9986330270767212
207,1,900.0,1.3094076089244289,0.46844338187678614,0.4705761671066284,0.1927758930353223,0.181629016143153,0.2622231091598483,0.29531576215453936,0.15685491917780883,0.1582462843613212,0.14567950508880462,0.12564165408481853,0.08700858112153263,0.07940863825636992,0.1554579924166833,0.15975864499979797,0.5256413221359253,0.271217942237854,3.992951678810641e-05,0.9993773698806763,-0.010530421510338783,0.5058076977729797,-0.9999504685401917,0.999971866607666
208,1,900.0,1.3316914446813102,0.47596047215051857,0.4833267033100128,0.1763096168881939,0.1630195118202643,0.24837112327339067,0.2883947689631824,0.17279124315871774,0.16455389603311044,0.14255929111284857,0.11777057970888925,0.0962991920771436,0.08967554919688783,0.1636695334897055,0.17658569427766577,0.5267674922943115,0.2705792188644409,0.00023696957214269787,0.999599039554596,-0.01766189932823181,0.5080010890960693,-0.9995924234390259,0.9998422861099243
209,1,900.0,1.2843551429042492,0.46584574083370733,0.46526962518692017,0.17467560245258806,0.16463836853847505,0.2796235562526736,0.32191471748938827,0.16084414658491372,0.15261463902773587,0.12733494937972337,0.10562559121508552,0.10951090831313276,0.09955135304261073,0.1480108370169685,0.15565533068670456,0.5264918804168701,0.2689897418022156,0.00024398196546826512,0.9997057914733887,-0.007898843847215176,0.5017760396003723,-0.9976656436920166,0.9989265203475952
210,1,900.0,1.3141400382714052,0.4619887256812961,0.4662463366985321,0.17326732673267325,0.16269678804241802,0.27032703270327035,0.32464663692749424,0.15436543654365437,0.15051621867737833,0.1398139813981398,0.10729025343593597,0.10321032103210322,0.08562706158148517,0.15901590159015902,0.1692230413352883,0.5255788564682007,0.2681555151939392,9.820891136769205e-05,0.9998970627784729,-0.03159984201192856,0.5011385679244995,-0.9999671578407288,0.9991641044616699
211,1,900.0,1.3279128254142798,0.47593249249701486,0.48850661516189575,0.18776967713137926,0.18030725421313373,0.24430888260675496,0.27174486515087387,0.15875613747954173,0.15921009215943147,0.13986013986013987,0.1280486881001811,0.1032584436839756,0.0931290883455868,0.1660467192382086,0.167560012030793,0.5208780169487,0.2700364291667938,8.297670137835667e-05,0.9998237490653992,-0.018970957025885582,0.5121895670890808,-0.9990971088409424,0.9998911619186401
212,1,900.0,1.3497939553079166,0.4692602625933485,0.47403302788734436,0.16418697900179383,0.13963281732029528,0.22644296718370793,0.29726850116621845,0.1752664345256938,0.1700379217699926,0.16798564946713096,0.1295426599748786,0.12282367837923394,0.11916037119501567,0.1432942914424396,0.1443577285735994,0.5150850415229797,0.27166303992271423,0.0004832781560253352,0.9998307228088379,-0.016303297132253647,0.5146874189376831,-0.9996996521949768,0.998602032661438
213,1,900.0,1.3574596194780517,0.45921626662716214,0.455608069896698,0.1592786111579302,0.14246269398074948,0.22526546435192987,0.25824598401416454,0.16728467891454576,0.16277855888280424,0.15969998314512052,0.13750330068718247,0.09573571548963425,0.1009530919418539,0.1927355469408394,0.19805637049324537,0.5167009234428406,0.2734157145023346,0.0001370119134662673,0.9998151659965515,-0.009494651108980179,0.5191743969917297,-0.999739944934845,0.9996770620346069
214,1,900.0,1.3246846032880215,0.4629525042953507,0.4606671631336212,0.16155557053312664,0.15057240792736437,0.2480959762755274,0.28087912690450495,0.14928893981263058,0.14706944231873256,0.1643189323987329,0.14204914490660764,0.09240412482307744,0.09115469883257622,0.18433645615690503,0.18827517911021427,0.5137191414833069,0.27113670110702515,0.00011453789920778945,0.999942421913147,0.004135860130190849,0.5137830376625061,-0.9996389746665955,0.99876868724823
215,1,900.0,1.3220004958862561,0.4571674315931565,0.4535796046257019,0.16935319322587228,0.16466420177901062,0.2458681901652724,0.26646072852002123,0.13963136774807863,0.13743987422733756,0.15690675372372986,0.1455752705848047,0.08753315649867374,0.08370549453920961,0.20070733863837312,0.20215443034961625,0.5155540704727173,0.27159062027931213,2.0561919882311486e-05,0.9997630715370178,0.002213437110185623,0.5100942254066467,-0.9999768137931824,0.9996079206466675
216,1,900.0,1.2840407337935413,0.47912407280736474,0.4749842882156372,0.16574529074529074,0.15087620963160703,0.26044226044226043,0.30324998791361546,0.13882063882063883,0.13096281611892208,0.12766175266175267,0.11075993554473251,0.10094185094185094,0.10226340986513993,0.20638820638820637,0.201887640925983,0.5256510376930237,0.270723819732666,0.00025981280487030745,0.9999368190765381,0.02029368467628956,0.5063461065292358,-0.9997052550315857,0.9998100996017456
217,1,900.0,1.3151525048699548,0.4836958076536271,0.49088189005851746,0.174521020612004,0.1682924987308198,0.2364478343775538,0.2659108689718561,0.15563425043130846,0.15248873099660434,0.1409243621174975,0.11955313255574106,0.09161899573231636,0.0852855075136886,0.20085353672931988,0.20846926123129006,0.5230697989463806,0.27176228165626526,2.4992357793962583e-05,0.9999750852584839,0.01739327982068062,0.5106505751609802,-0.9997300505638123,0.99949049949646
218,1,900.0,1.3586471013954868,0.47720946525505886,0.4776071012020111,0.19960411718131432,0.18394466265116483,0.21290577988915282,0.2642187631222977,0.16278701504354712,0.15414053069575756,0.1384006334125099,0.11201461390067859,0.09493269992082344,0.09044694841903642,0.19136975455265243,0.1952344812110649,0.5244590640068054,0.27210474014282227,0.00017546303570270538,0.9999502897262573,0.016307391226291656,0.5227919816970825,-0.9999207854270935,0.9994504451751709
219,1,900.0,1.3346582089577976,0.4816903762373579,0.49159175157546997,0.20224368962293549,0.1811177670488569,0.22478446037187078,0.263641039360197,0.16266749766282332,0.15373642764010284,0.12371455282019321,0.09905972103686121,0.09255219694608913,0.08884644336561845,0.1940376025760881,0.21359860154836358,0.5294643640518188,0.27421924471855164,0.0002536271349526942,0.9998727440834045,0.04768224433064461,0.5057612061500549,-0.9999827742576599,0.9991452693939209
220,1,900.0,1.3666572062268003,0.484086517028751,0.48169466853141785,0.2271766111979406,0.19899938925937136,0.20345683552450125,0.24859557792668485,0.150317183046796,0.1460884754814864,0.1447090190309828,0.11505836934195074,0.10232600900983727,0.11270518792755639,0.17201434218994208,0.17855300006295022,0.5180125832557678,0.2761329412460327,6.61276571918279e-05,0.999380350112915,0.049430444836616516,0.5181699395179749,-0.9999890327453613,0.9995697736740112
221,1,900.0,1.3944900856206082,0.468915769916377,0.47007378935813904,0.22978553350206474,0.21007429251421153,0.18968962301851605,0.23887892206591166,0.15678699880111896,0.1520731853085886,0.16711069668309578,0.1362329129874715,0.10023977620887171,0.0936803858226486,0.15638737178633275,0.16906030130116811,0.5207955837249756,0.2752111256122589,0.00013804188347421587,0.9999786615371704,0.027891427278518677,0.5285158753395081,-0.9998875856399536,0.998999834060669
222,1,900.0,1.3986251973424397,0.4649759399974424,0.45735684037208557,0.2148340616511161,0.19824333869147379,0.20455887563481753,0.2529348383574231,0.15052556985945434,0.14722885481439782,0.18383134522262903,0.15856407972977538,0.10464154954529349,0.09440742580330758,0.1416085980866895,0.14862146260362236,0.5124037265777588,0.27631300687789917,1.0787440260173753e-05,0.9996259212493896,0.013963088393211365,0.5202491283416748,-0.9999039769172668,0.9993420839309692
223,1,900.0,1.3554352369167468,0.4686426628022808,0.4709135591983795,0.22288803491174364,0.20907316631923448,0.22406044421285742,0.2557410731284559,0.14296880088582037,0.14033797865207231,0.16309516055494042,0.1477910669144307,0.09392301178922687,0.09199547276979561,0.15306454764541133,0.155061242216011,0.5218833088874817,0.27568238973617554,7.04204139765352e-05,0.9999189972877502,0.010624337941408157,0.5174012184143066,-0.9993336796760559,0.9999468326568604
224,1,900.0,1.3336984100462803,0.4649159615825282,0.46815750002861023,0.2104678826328311,0.20182605978384527,0.24567803330689927,0.2758807517712022,0.1464710547184774,0.14301653648907003,0.16740681998413956,0.14828476462382117,0.0943695479777954,0.09188939992291792,0.13560666137985725,0.13910248740914344,0.5284606218338013,0.2732216417789459,6.528648373205215e-05,0.9997037053108215,0.011910450644791126,0.5131426453590393,-0.9999909996986389,0.9995675086975098
225,1,900.0,1.371146196482079,0.47096333119648,0.47809702157974243,0.18716146133456263,0.1685336196418868,0.23614152356805349,0.27852730833704886,0.1545465022473205,0.15042523783590014,0.14440474818485652,0.12015137369449125,0.10406822634551112,0.10343975175095212,0.17367753831969573,0.17892270873972085,0.5216746926307678,0.27208811044692993,0.00018499157158657908,0.9999193549156189,0.029499022290110588,0.5131013989448547,-0.9997444152832031,0.9993131160736084
226,1,900.0,1.2933197923037643,0.4731096824225961,0.47301551699638367,0.16332559611732433,0.13491870726862396,0.28360413589364847,0.35060155970738704,0.1539354294154885,0.1470113468484344,0.15288035450516987,0.1127120004781011,0.10097066891749314,0.09172628315255402,0.1452838151508757,0.16303010254489947,0.5283749103546143,0.2694360911846161,0.00043687582365237176,0.9997648000717163,0.012892443686723709,0.510249674320221,-0.9988372325897217,0.9978640079498291
227,1,900.0,1.32971386075663,0.4849931324934447,0.4900689125061035,0.18494128847984767,0.1728260058179993,0.2576166296413837,0.2774039947293908,0.1464614408124405,0.1482494236118962,0.1617740399873056,0.14301244948650885,0.09171691526499524,0.08416998416247051,0.15748968581402728,0.17433814219173438,0.5211861729621887,0.2704457640647888,2.418457142994157e-06,0.9999090433120728,0.01968999207019806,0.5156792402267456,-0.9997744560241699,0.9984557628631592
228,1,900.0,1.328186295554802,0.49353336833276756,0.4898017346858978,0.181784455574105,0.15546140642845205,0.25431274346132443,0.31134352030576246,0.15488777592283434,0.15018034687281626,0.15869040994249675,0.1440113860361753,0.08848080133555926,0.08158442990401808,0.1618438137636802,0.15741891045277587,0.5210608243942261,0.2745341658592224,0.00011568802437977865,0.9999546408653259,-0.003125058487057686,0.5116944313049316,-0.9989328384399414,0.9990553855895996
229,1,900.0,1.3033996951301858,0.48867470160590276,0.48622220754623413,0.17856525496974934,0.1585014279795894,0.28038029386343993,0.31211502891295656,0.14295592048401037,0.1391673021080041,0.16283491789109766,0.1413239276580823,0.08556611927398444,0.07952191205031167,0.14969749351771824,0.169370401291056,0.522680401802063,0.2702764570713043,0.000621806422714144,0.9992339611053467,0.007756381295621395,0.5104647278785706,-0.9987465739250183,0.9999169111251831
229,2,1800.0,1.3755207658911717,0.5218331800392824,0.51031893491745,0.141804788213628,0.1285198926846241,0.29097605893186,0.3067327177891116,0.14548802946593,0.13009087462790245,0.13627992633517497,0.1392075516763247,0.09392265193370165,0.09957225317284754,0.19152854511970535,0.1958767100491896,0.5202353000640869,0.26579898595809937,0.0007152484031394124,0.9920612573623657,0.0003735646023415029,0.5231602787971497,-0.9978822469711304,0.9899156093597412
230,1,900.0,1.2809937750542915,0.5136921865346994,0.510408878326416,0.15268065268065267,0.14801576732394978,0.32342657342657344,0.3513608582652538,0.1566142191142191,0.15191674974158886,0.16622960372960374,0.14219226128472884,0.07546620046620046,0.07312237089556524,0.1255827505827506,0.13339199248891348,0.5138713121414185,0.26462599635124207,0.0005027856095694005,0.9996278285980225,-0.014143645763397217,0.49796062707901,-0.9999005794525146,0.9979431629180908
230,2,1800.0,1.237368172060555,0.5092194527896191,0.5162116289138794,0.147010647010647,0.11224775565384877,0.337018837018837,0.42360246542068264,0.13022113022113022,0.11953032467865246,0.19164619164619165,0.15372237118187135,0.08353808353808354,0.07365740212435085,0.11056511056511056,0.11723968094059395,0.5023980140686035,0.2671124339103699,0.0001315614499617368,0.9987860321998596,-0.020154785364866257,0.5011007189750671,-0.9975584149360657,0.9961850643157959
231,1,900.0,1.268655308974037,0.48757501055103863,0.468410849571228,0.15765595463137996,0.1434031670675404,0.32892249527410206,0.3661028508464953,0.17807183364839319,0.16973431164464664,0.14763705103969754,0.13389788139195682,0.06880907372400756,0.06513511704614779,0.11890359168241967,0.1217266720032131,0.516396164894104,0.26311761140823364,5.2014653192600235e-05,0.9993084669113159,-0.0026761218905448914,0.4893071949481964,-0.9995628595352173,0.9999598264694214
231,2,1800.0,1.3269091098263774,0.46400326348074683,0.46038830280303955,0.17737003058103976,0.16323554000833107,0.27304499781564,0.3008082223187305,0.16273481869812145,0.15904401344427585,0.20249017038007863,0.17882491202013673,0.07754477937964177,0.07767157698422154,0.10681520314547838,0.12041573522430432,0.5166093707084656,0.2705317735671997,8.3814280515071e-05,0.9999540448188782,-0.03382142260670662,0.5134057998657227,-0.9994277954101562,0.9995667934417725
232,1,900.0,1.22092102419305,0.5023080649086462,0.503727376461029,0.14907349573183426,0.16219427477294399,0.34686654174474285,0.31379929426276254,0.16385592338122007,0.1594137439403524,0.16219029773058505,0.1590822086702892,0.07203830938996461,0.08495924101527812,0.10597543202165313,0.12055123733837374,0.5267109274864197,0.26172465085983276,0.00011725301010301337,0.9999414682388306,0.0112385218963027,0.48857975006103516,-0.9986577033996582,0.9992891550064087
232,2,1800.0,1.3052856316228632,0.5014981135911802,0.5033435821533203,0.1672541416989778,0.15993537191650906,0.28516038068382094,0.29264236984285574,0.16743038420867112,0.16877877632871188,0.1919280930560451,0.18736485560323188,0.0690870637997885,0.06879333105416616,0.11913993655269652,0.1224852952545253,0.5186120867729187,0.271093487739563,0.00010805713827721775,0.9998331069946289,-0.006605841685086489,0.5109738111495972,-0.9986640214920044,0.99678635597229
233,1,900.0,1.1097933700207314,0.4717105591850442,0.4622597396373749,0.11106053709604005,0.12319622491721956,0.433318161128812,0.39036859250208894,0.16841147018661812,0.1669714751536891,0.1242603550295858,0.1288329474564214,0.0487027765134274,0.038395457436563,0.11424670004551661,0.152235302534018,0.5227661728858948,0.2558078467845917,0.0005056535010226071,0.9980800151824951,0.03639746457338333,0.4638928472995758,-0.9989161491394043,0.9965375661849976
233,2,1800.0,1.2919391447049822,0.4661832556003123,0.4734084904193878,0.14086471408647142,0.1283530433566903,0.28637842863784285,0.3059546449119622,0.18162095149542848,0.1804633186184676,0.19293351929335192,0.17397250622671065,0.07934294126762746,0.0775769193482596,0.11885944521927785,0.13367956753790966,0.5178608298301697,0.2667509913444519,0.000779176305513829,0.9999040961265564,0.0006956679280847311,0.5104970335960388,-0.999553918838501,0.9990482330322266
234,1,900.0,1.1212544160730697,0.43572912643204875,0.447761207818985,0.11764705882352941,0.10277777787711885,0.45588235294117646,0.48611111061440576,0.11764705882352941,0.1111111111111111,0.058823529411764705,0.0500000003973643,0.10294117647058823,0.10833333303531012,0.14705882352941177,0.14166666696468988,0.5491166114807129,0.24638207256793976,0.014910346828401089,0.9948097467422485,0.04797946289181709,0.4380268454551697,-0.9618805646896362,0.9341630935668945
234,2,1800.0,1.3285373458399408,0.4674948174018186,0.46574416756629944,0.13745173745173744,0.12883400822365382,0.26574738003309434,0.26860560268456657,0.19966905681191396,0.20405234322271865,0.16756756756756758,0.1550788546902216,0.08836183121897408,0.08629252552943534,0.14120242691671264,0.15713666564940404,0.5139120817184448,0.2711356282234192,0.0006319449748843908,0.9997224807739258,-0.014062954112887383,0.5048542618751526,-0.9995522499084473,0.9991796016693115
235,2,1800.0,1.348917552665292,0.44120742736233287,0.4381956160068512,0.1606352261790183,0.1397202050664179,0.24003849855630413,0.2773308393297969,0.19268527430221366,0.18931534223976326,0.17921077959576515,0.1618438151099006,0.08652550529355149,0.08501815451006839,0.14090471607314725,0.14677164374405288,0.517240047454834,0.2711065113544464,7.579752127639949e-05,0.9996562004089355,-0.0116938017308712,0.5047088265419006,-0.9987743496894836,0.998239278793335
236,2,1800.0,1.3053891712641434,0.4560535365513393,0.45812246203422546,0.18071905822462617,0.16087487988091353,0.2609767737830099,0.30676546165006924,0.1734012090359529,0.17138520585946437,0.19193445752465796,0.17100703702587486,0.06609926821508114,0.0625113898220415,0.12686923321667196,0.12745602576163645,0.5063753128051758,0.2714715301990509,0.00040598446503281593,0.9997771978378296,-0.002411933382973075,0.5081759691238403,-0.9999563097953796,0.9990725517272949
237,2,1800.0,1.3403955444528781,0.4457465974476169,0.44987091422080994,0.15734597156398103,0.13215489710033373,0.2620326487625066,0.338031632633183,0.17935755660874145,0.1763224760430321,0.17935755660874145,0.15116956122600786,0.07856766719325961,0.06634413201408312,0.14333859926276987,0.1359773009833602,0.4989998936653137,0.26965469121932983,0.0002927685563918203,0.9999138712882996,-0.00026477655046619475,0.5084060430526733,-0.9999362230300903,0.9976614713668823
238,2,1800.0,1.3678335050405483,0.44627811624797675,0.45360928773880005,0.1616211909978092,0.14554813481240114,0.23859788886675962,0.2644657210578585,0.18412666799442343,0.1885794715913894,0.20065723959370643,0.18137208221335102,0.07468631746664012,0.07252941763884503,0.1403106950806612,0.1475051726861549,0.49842146039009094,0.27175337076187134,4.0254170016851276e-05,0.9999530911445618,0.002191303763538599,0.5168768167495728,-0.9996127486228943,0.998755693435669
239,2,1800.0,1.4025687432717815,0.43203797269877986,0.434798002243042,0.18914246196403872,0.17926051567580123,0.19578146611341632,0.23188111901797268,0.1793914246196404,0.17448627754889318,0.21542185338865838,0.18767777972770527,0.08499308437067774,0.08229945168257326,0.13526970954356846,0.14439485634705437,0.4950595796108246,0.2768951654434204,2.198627589677926e-05,0.99977046251297,-0.012021386995911598,0.5240357518196106,-0.9995693564414978,0.999985933303833
240,2,1800.0,1.349040085970003,0.41566838030834274,0.4172845184803009,0.17405446293494706,0.16900413425416097,0.24326777609682299,0.26278281592146985,0.16467473524962178,0.16387895222864482,0.20219364599092285,0.18614665965042934,0.07798789712556732,0.0761459950699292,0.137821482602118,0.14204144287536585,0.49445587396621704,0.27464988827705383,0.00010909256525337696,0.9998549818992615,0.0075935437344014645,0.5181341767311096,-0.9989044666290283,0.9992126226425171
241,2,1800.0,1.3345171236045534,0.40434749321619623,0.40078872442245483,0.18373879641485275,0.16857905937027823,0.24946649594536918,0.2878199982879417,0.15464504196898562,0.15099805358463295,0.22464077393654858,0.20234021463602353,0.08087921468203159,0.07827643569841122,0.10662967705221227,0.11198623842271242,0.4959297478199005,0.272246778011322,0.000249257282121107,0.9998431205749512,0.0053151571191847324,0.5156683325767517,-0.9998010993003845,0.9990414381027222
242,2,1800.0,1.3879005374877944,0.40556233200588315,0.4056970775127411,0.1686554311723459,0.1562091040715906,0.21675482839217616,0.2469676799728253,0.158752614097675,0.15478422594178012,0.22099889285274943,0.19965151732820416,0.09669085988436463,0.09617894817402449,0.1381473736006889,0.14620852451157534,0.5045491456985474,0.2751004993915558,0.00019378303841222078,0.9998796582221985,-0.010356682352721691,0.5229060649871826,-0.9998886585235596,0.9995256662368774
243,2,1800.0,1.326293186529303,0.4007555544738181,0.3963436484336853,0.15253527028914654,0.13763884400823787,0.26267635144573265,0.29682552158565473,0.16419891046235507,0.15697968813873064,0.21176141919262467,0.188349398254939,0.09491549099036178,0.09276382246359538,0.1139125576197793,0.1274427255488424,0.511565089225769,0.2735547125339508,7.167295552790165e-05,0.999972403049469,-0.0077775330282747746,0.5164912939071655,-0.9998519420623779,0.9973406791687012
244,2,1800.0,1.3548101623659699,0.40821338385121664,0.4027699828147888,0.14927013027782138,0.13976450311888036,0.2688745879767697,0.292685746943891,0.17728770993564588,0.1775916553674488,0.18709778684664888,0.17162721153184515,0.1065766755611364,0.10275131296321584,0.1108931094019777,0.11557957007471883,0.5147226452827454,0.27467629313468933,1.831482950365171e-05,0.9998778700828552,0.0024289507418870926,0.522156834602356,-0.999671459197998,0.9994733333587646
245,2,1800.0,1.3938632584100428,0.4098775366278217,0.4150017201900482,0.16097766540244415,0.14979046644584576,0.2360724820901812,0.27849275227690373,0.1775811209439528,0.16892048549211386,0.19039190897597977,0.17766940979127221,0.10880741677201854,0.10105803004606514,0.12616940581542352,0.1240688559477993,0.5129688382148743,0.27537333965301514,2.041350853687618e-05,0.999849796295166,-0.017545262351632118,0.5267835259437561,-0.9994631409645081,0.9990402460098267
246,2,1800.0,1.3462177136678255,0.3890136979982708,0.38866809010505676,0.1463317384370016,0.13821679891531236,0.27791068580542266,0.30780861426955675,0.16736443381180224,0.16257241987146534,0.18131977671451355,0.1696798278288116,0.10436602870813397,0.10037875528437261,0.122707336523126,0.12134358383048136,0.5081186294555664,0.2716517150402069,0.0002068469038931653,0.9998443126678467,0.010569988749921322,0.5197277069091797,-0.9992010593414307,0.9993026256561279
247,2,1800.0,1.2897435824672308,0.3786401936995063,0.3798409700393677,0.12860892388451445,0.12271040544980388,0.3387076615423072,0.3669266569667927,0.17497812773403323,0.1669023230518406,0.14660667416572928,0.12728718174083242,0.08661417322834646,0.07995771205615908,0.12448443944506937,0.1362157207345713,0.5156016945838928,0.2679658830165863,0.0002080195990856737,0.9996905326843262,0.01036693062633276,0.5087321996688843,-0.9999356865882874,0.9975472688674927
248,2,1800.0,1.3595106813583115,0.37573838821321,0.3790520131587982,0.1579021372328459,0.13772002348767268,0.27249718785151855,0.3047919638320451,0.1920697412823397,0.18916076543364427,0.171962879640045,0.156142501184703,0.08619235095613048,0.08345048976687178,0.11937570303712036,0.1287342562950632,0.5146347284317017,0.27318066358566284,3.884704347001389e-05,0.9996526837348938,-0.004642666783183813,0.5275096893310547,-0.99941086769104,0.9982860088348389
249,2,1800.0,1.3780598386594287,0.3736908061361124,0.3726745843887329,0.16020186028102118,0.13617640014274873,0.2555907381753414,0.33154538532377914,0.1856322976449634,0.17154053523658333,0.19028300019790223,0.1609811598617105,0.09667524243023946,0.08754527146381443,0.11161686127053236,0.11221124797136386,0.5090036392211914,0.27509236335754395,0.0005523471045307815,0.9999790191650391,-0.017825454473495483,0.5219247937202454,-0.9999327659606934,0.9995317459106445
250,2,1800.0,1.3892091564492783,0.4026892532331674,0.3996751308441162,0.17284779325390165,0.1557900646655434,0.2513844604799463,0.3010068637191875,0.16101694915254236,0.15836674507727969,0.18904178553448564,0.16407254960677822,0.103708675952341,0.0982385548182999,0.12200033562678302,0.12252522211291128,0.5077459812164307,0.27313676476478577,5.318904368323274e-05,0.9998382925987244,-0.0071741314604878426,0.5264285206794739,-0.9996170997619629,0.9996447563171387
251,2,1800.0,1.3706585722377673,0.3882059140039811,0.39554059505462646,0.16991170477699796,0.1628173327853488,0.2596785148290695,0.29473528371005686,0.17104369481548562,0.16083067866013198,0.18428797826579127,0.17432793305144828,0.10584106859859634,0.1004175325292018,0.10923703871405932,0.10687123926381226,0.5187026858329773,0.27167025208473206,0.00016592910105828196,0.9998670816421509,0.003668193705379963,0.5254254341125488,-0.9996770024299622,0.9976465702056885
252,2,1800.0,1.3872318937145858,0.39254364028306266,0.38842710852622986,0.18866744822196171,0.16700436259350276,0.23501367721766314,0.25874644718287193,0.16279796795623291,0.16854652922815494,0.18366549433372412,0.16696812525729404,0.1299726455646737,0.12277507005898597,0.09988276670574443,0.1159594656791904,0.5061652064323425,0.27396804094314575,0.00025718938559293747,0.9993939995765686,0.0016030006809160113,0.5308634042739868,-0.9998583197593689,0.999954342842102
253,2,1800.0,1.3364369665740157,0.3885119329492385,0.38907620310783386,0.18516070395769643,0.17121045481272887,0.2734032884408824,0.3096780984369301,0.15962984384037016,0.1563982777287816,0.15293728827563413,0.1355209841936224,0.12773692472940593,0.11805921545137951,0.1011319507560109,0.10913296937655753,0.5155801177024841,0.2708582580089569,6.738158845109865e-05,0.9999399185180664,0.013718555681407452,0.5234293937683105,-0.9993458390235901,0.9997972249984741
254,2,1800.0,1.319120765371958,0.3950868693005991,0.401195228099823,0.17793386011120865,0.17729210131878426,0.3148961076968101,0.32224991795707963,0.16183786947614867,0.15982311160086932,0.13384060091698372,0.1226716614783696,0.11140376548629402,0.1075043892174644,0.10008779631255488,0.11045881842743277,0.5103197693824768,0.26969999074935913,0.0003120791516266763,0.9997159242630005,0.034618355333805084,0.5213862657546997,-0.9996381998062134,0.9987932443618774
255,2,1800.0,1.2499787677443939,0.4242531668739668,0.42441505193710327,0.16678255686897786,0.14066444850807835,0.3604847521605245,0.4192723472627486,0.15178305354127347,0.14367390559607834,0.1363862123770736,0.1167463592527685,0.09506307738154365,0.0882796949817396,0.08950034767060694,0.09136324439858662,0.5153532028198242,0.2635992765426636,2.3422712729370687e-06,0.9996334910392761,0.015136745758354664,0.5142483115196228,-0.99991774559021,0.9994257688522339
256,2,1800.0,1.3296194624136315,0.4374738014128974,0.4426572620868683,0.177386278896346,0.1379448550882681,0.29567486950037286,0.37441300755902374,0.14382923191648023,0.13071824900169393,0.17300521998508575,0.13833712355237715,0.10393363161819538,0.09704826372944321,0.10617076808351976,0.12153850106919388,0.5120952129364014,0.26882773637771606,1.824096943892073e-05,0.9999798536300659,0.007986055687069893,0.5232930779457092,-0.9997835159301758,0.9995718002319336
257,2,1800.0,1.320240924422431,0.4414497515684624,0.4425014853477478,0.1539578794480755,0.13366828082988258,0.3182280319535222,0.35541435467741533,0.14074074074074075,0.13302701076219778,0.16499636891793754,0.14805851394213226,0.09876543209876543,0.09402898512509368,0.1233115468409586,0.13580285466327838,0.5087496042251587,0.2675611972808838,9.243946260539815e-05,0.9997519850730896,0.010868541896343231,0.518787145614624,-0.9996676445007324,0.9977574348449707
258,2,1800.0,1.3850686623274915,0.44476388535409606,0.43887579441070557,0.19305981595092025,0.15597218899409662,0.24539877300613497,0.3281916381484276,0.14637653374233128,0.14141140599153976,0.18989647239263804,0.15387919394895216,0.10592407975460123,0.09685153702677658,0.11934432515337423,0.12369403589020726,0.5110389590263367,0.27097856998443604,0.00027626962400972843,0.9998241066932678,0.0008472431800328195,0.5320631265640259,-0.9997451305389404,0.9969661235809326
259,2,1800.0,1.3726683040487617,0.440030223183518,0.44037166237831116,0.19743385717127512,0.1841408716025945,0.2727272727272727,0.30718126975984683,0.13427491545653472,0.1324294685107769,0.1621245275512234,0.14599092665362906,0.10393873085339168,0.09799554054970397,0.12950069624030236,0.13226192292344874,0.5044562816619873,0.27166035771369934,8.107562462100759e-05,0.999932587146759,-0.015377397648990154,0.5215836763381958,-0.9999752640724182,0.9992705583572388
260,2,1800.0,1.4042073041034366,0.4383718074546747,0.4394584596157074,0.19340920925388677,0.18607683662655355,0.26831808376106525,0.27574630499920827,0.13226214386669644,0.13506937025644747,0.17964740013389868,0.17132289983442628,0.10458974931190955,0.10503350732156931,0.12177341367254334,0.12675108096179513,0.5057375431060791,0.2705855071544647,0.00014404668763745576,0.9999173879623413,-0.019584957510232925,0.5260664820671082,-0.9998111128807068,0.99983811378479
261,2,1800.0,1.3795541470777903,0.4509165680919251,0.44834786653518677,0.2023936170212766,0.18653144767970725,0.2527482269503546,0.2896876766087755,0.14973404255319148,0.1508697680616028,0.17367021276595745,0.15910061492334343,0.11187943262411347,0.10502894445613987,0.10957446808510639,0.10878154827043117,0.5060160160064697,0.2721022069454193,2.7403100830269977e-05,0.9999872446060181,-0.0012816361850127578,0.5343917012214661,-0.9995323419570923,0.9997683763504028
262,2,1800.0,1.3686890904246185,0.47087743497765183,0.4813883900642395,0.1878653261631985,0.164482560828194,0.265372924947393,0.3025029961711237,0.15419686696282442,0.1536708485570306,0.16214636427402385,0.14521631790598333,0.11292962356792144,0.11986634489606862,0.11748889408463876,0.11426093164159976,0.4980360269546509,0.2689029276371002,0.000582322827540338,0.9999706149101257,0.006408970803022385,0.5341767072677612,-0.999943196773529,0.9993622303009033
263,2,1800.0,1.3776132545260094,0.49522931523364594,0.4956449568271637,0.19030908354703738,0.16282295331032964,0.24159805641787016,0.26562735863387826,0.15211229585639088,0.16145821162513327,0.17438250776083142,0.1666952105171369,0.11634498582804698,0.11175117113066689,0.12525307058982318,0.13164509478285505,0.4993434250354767,0.267226904630661,3.2933749025687575e-05,0.9991217851638794,-0.006864768452942371,0.5260827541351318,-0.9996376633644104,0.9987690448760986
264,2,1800.0,1.3912091090847571,0.5074523548464063,0.5038301348686218,0.17664788363255143,0.16835791331213165,0.23561787445944174,0.2394274984271109,0.17219237321451972,0.18515308702017025,0.1614467304416197,0.14613132367574286,0.11925042589437819,0.11871668562183268,0.13484471235748918,0.1422134919430117,0.5033133625984192,0.2725240886211395,0.00020310538820922375,0.9995555281639099,-0.011264755390584469,0.5334088206291199,-0.9992177486419678,0.9991384744644165
265,2,1800.0,1.3884555750192251,0.5163653094889032,0.5266119241714478,0.18310104529616725,0.16862002897081133,0.21698606271777005,0.24798216167209527,0.1720383275261324,0.17091261771698552,0.20792682926829267,0.1944632250005247,0.09965156794425087,0.09345673963894659,0.12029616724738676,0.12456522700063659,0.5037262439727783,0.27441030740737915,6.274631596170366e-05,0.9999220371246338,0.011165865696966648,0.5330273509025574,-0.9999275207519531,0.9998666048049927
266,2,1800.0,1.3829709718553282,0.5333476254165049,0.5270630121231079,0.17649880095923262,0.16691804064512766,0.232326139088729,0.24687017157912705,0.17304556354916067,0.17424019593231066,0.19059952038369304,0.17864698492888254,0.09016786570743406,0.0879771983477899,0.1373621103117506,0.1453474085667622,0.49425581097602844,0.26914986968040466,3.589883272070438e-05,0.9998591542243958,0.0020073866471648216,0.5302573442459106,-0.9999842643737793,0.9999817609786987
267,2,1800.0,1.365554062117779,0.5423100151865006,0.539935290813446,0.16567400024310197,0.15280048711555225,0.2511243466634253,0.2611956251721671,0.15825938981402699,0.16214496685523652,0.1927798711559499,0.18783474041001277,0.08484259146712046,0.08582667171399166,0.14731980065637534,0.1501975087330397,0.49742355942726135,0.26690673828125,5.815633267047815e-05,0.9997926950454712,0.0188571959733963,0.528937816619873,-0.9993419647216797,0.9996037483215332
268,2,1800.0,1.4021022108483765,0.5391342420444167,0.5371443033218384,0.14792528519493545,0.14241970132687107,0.22000752162467094,0.23758991502106047,0.18114579415820484,0.17661522428925486,0.20458819104926665,0.18881571335474276,0.10668170991600852,0.10625855707910997,0.13965149805691363,0.14830088892896087,0.5020765662193298,0.26814356446266174,0.00018560394528321922,0.9999013543128967,-0.005008597392588854,0.5344969034194946,-0.9999505281448364,0.9997308254241943
269,2,1800.0,1.4189143998439073,0.541869770532676,0.5479827523231506,0.14969313387034905,0.14028804445879073,0.18037974683544303,0.19159709379109147,0.1713655542769467,0.16997907311871985,0.2483697736862294,0.2322823235974936,0.09944380514000767,0.09751720102028145,0.15074798619102417,0.1683362640136229,0.4952751398086548,0.2749088704586029,4.1286566556664184e-05,0.9996045827865601,-0.0013943659141659737,0.5392284989356995,-0.999619722366333,0.9988173246383667
270,2,1800.0,1.3548018190610085,0.5370953161984879,0.5380794405937195,0.1352514116698037,0.12549327036553776,0.2251949448776553,0.2503781499098368,0.1650981446625437,0.16088118220354514,0.2301694003764453,0.21318637285183661,0.08779241731648292,0.08402598159713694,0.1564936810970691,0.16603504307210673,0.5058900713920593,0.2720724642276764,0.00028516072779893875,0.9996228814125061,-0.007556283380836248,0.5358679294586182,-0.9995443224906921,0.999703049659729
271,2,1800.0,1.3834117512036395,0.5292153667750678,0.5286617279052734,0.1418279569892473,0.12267088074800726,0.2167741935483871,0.2838023644938571,0.15397849462365593,0.14971888203055267,0.2364516129032258,0.19413498050645964,0.09774193548387097,0.08910239054453614,0.1532258064516129,0.1605705016765872,0.5008969902992249,0.272144079208374,8.743012585910037e-05,0.9999500513076782,0.006095917429775,0.5331632494926453,-0.9992848038673401,0.9999042749404907
272,2,1800.0,1.4543046276978773,0.5164502693455719,0.5137125253677368,0.17667748917748918,0.15327681937311047,0.1672077922077922,0.1900603545223373,0.15196608946608947,0.15768537352315684,0.23575036075036074,0.22243034982685678,0.10497835497835498,0.10317492774373013,0.1634199134199134,0.17337217501080848,0.4989190697669983,0.2775171399116516,5.6195958677562885e-06,0.999845564365387,0.011522786691784859,0.541956901550293,-0.9999421238899231,0.9989131689071655
273,2,1800.0,1.4219488311809918,0.5215424302525666,0.5194897055625916,0.1743486973947896,0.15324391124556738,0.19192230615076306,0.2572152931296128,0.14529058116232466,0.14008586256615477,0.20695236627100355,0.17943711204349014,0.10582703869277016,0.09654564803366701,0.17565901032834902,0.17347217298150788,0.49372541904449463,0.2754844129085541,2.526072785258293e-05,0.9999306201934814,0.0044518462382256985,0.5402525663375854,-0.9999714493751526,0.9994528293609619
274,2,1800.0,1.4316746996124263,0.5185859448261216,0.5099766254425049,0.17881758309082554,0.15984321422281725,0.19183642211671006,0.22166034004205146,0.1465002297442181,0.14936934248442765,0.1811916066778986,0.17694153415905858,0.10223617705621076,0.09349850137756742,0.19941798131413693,0.19868706771407765,0.4992809593677521,0.2759478986263275,5.275873263599351e-05,0.999853789806366,0.0009297367068938911,0.5387665033340454,-0.9996224641799927,0.9996323585510254
275,2,1800.0,1.401546228818304,0.5160163554624003,0.5158995985984802,0.1527819249527222,0.1434833580603393,0.22066288444311735,0.25419103298259016,0.14511794565541952,0.13958059877941636,0.18224345575793768,0.17012236085358107,0.1078929033542351,0.10712316569841082,0.19130088583656812,0.1854994836256623,0.49807408452033997,0.27277424931526184,0.0005016671493649483,0.9998162984848022,0.0003983429342042655,0.5349146127700806,-0.999095618724823,0.9983289241790771
276,2,1800.0,1.4211819609334646,0.5187339556993112,0.5132079720497131,0.15330578512396695,0.14186692339780826,0.19369834710743802,0.2363541465419347,0.13894628099173553,0.1338312896348512,0.20278925619834712,0.1842073413122508,0.10929752066115703,0.10025825759511008,0.20196280991735538,0.20348204151804497,0.4973379671573639,0.27528131008148193,3.3586042263777927e-05,0.9998427033424377,0.017280403524637222,0.5402795672416687,-0.9980886578559875,0.9995672702789307
277,2,1800.0,1.427510944161292,0.4970456875714079,0.4881484806537628,0.14943156974202013,0.14165280771626412,0.19818539571491037,0.2436426116076321,0.15926978574551814,0.15207321445254415,0.1888937472671622,0.17372947773938563,0.09619588981198077,0.09080352381596953,0.20802361171840839,0.1980983646682045,0.500247597694397,0.2760782241821289,0.00014010019367560744,0.9998201131820679,0.021374624222517014,0.54506915807724,-0.9999038577079773,0.9999790191650391
278,2,1800.0,1.4498592537171684,0.48876661699631313,0.48094290494918823,0.13290915517850832,0.12279504279042201,0.19388476493460588,0.23125153903738366,0.15986214209968186,0.15591446244116497,0.18911276069282432,0.17273341822901683,0.1052492046659597,0.0949684737458894,0.21898197242841994,0.2223370637561231,0.49625399708747864,0.2758610248565674,0.00014782648941036314,0.9999059438705444,0.02975020557641983,0.5452055335044861,-0.9998112916946411,0.9997904300689697
279,2,1800.0,1.4370698645795008,0.5118629868397239,0.5106632113456726,0.1226391954868776,0.1154743254702544,0.1719401520726024,0.18382042230706302,0.1594309541329409,0.16365737231673322,0.18101545253863136,0.17177882815536374,0.12288447387785136,0.1237607968355888,0.2420897718910964,0.24150825491499683,0.49539926648139954,0.27855440974235535,6.932405813131481e-05,0.999928891658783,0.01741429977118969,0.5465165972709656,-0.9998867511749268,0.9999293088912964
280,2,1800.0,1.4077791824369046,0.4907779184650407,0.4855998158454895,0.12334443211246762,0.12059054042260073,0.19570847206807251,0.19964632080758746,0.15723270440251572,0.15767590706270454,0.16773954864964855,0.15381952642099256,0.12075471698113208,0.11743087369554199,0.23522012578616353,0.25083683159057274,0.4800325334072113,0.2750139832496643,2.3628549570275936e-06,0.9999384880065918,0.020689643919467926,0.5392230153083801,-0.999891996383667,0.9996002912521362
281,2,1800.0,1.3711905587293534,0.5000532020664139,0.49994271993637085,0.12239641657334827,0.11360179753311556,0.22721164613661815,0.2647388303760201,0.14669652855543114,0.1364643561221684,0.16898096304591265,0.1607512543091764,0.1057110862262038,0.1028189214238392,0.229003359462486,0.22162484023568038,0.4843311607837677,0.2694782018661499,0.0002919401740655303,0.9995825886726379,0.039790332317352295,0.532173216342926,-0.9997649788856506,0.9997038841247559
282,2,1800.0,1.3863674493730402,0.5178383435208374,0.527894914150238,0.12645076750280793,0.12249494760556365,0.18541744664919504,0.21742328580321757,0.14853987270685137,0.1509331275333158,0.17877199550730064,0.16272229742671007,0.12364283040059902,0.11513802010568541,0.237177087233246,0.2312883215255075,0.49094486236572266,0.2736522853374481,6.17302066530101e-05,0.9999810457229614,0.03737430274486542,0.5379331111907959,-0.9993292689323425,0.9995646476745605
283,2,1800.0,1.373008688875019,0.5766640509569132,0.5798969268798828,0.1336870487953379,0.12851725165192324,0.20544489866921806,0.23069949893842848,0.13925371836131165,0.14016094526635042,0.16073758371749153,0.15053066089115205,0.10759328520483605,0.1015307760561903,0.25328346525180484,0.2485608671959555,0.4845149517059326,0.2727397382259369,2.608919567137491e-05,0.9999223947525024,0.012675878591835499,0.5359730124473572,-0.9995575547218323,0.9993857145309448
284,2,1800.0,1.3825445956871159,0.587977724037997,0.585568368434906,0.14837928464977646,0.13806544662993472,0.2092026825633383,0.24469464862794324,0.1478204172876304,0.15240211969950293,0.18321535022354696,0.16519943881878385,0.11102831594634874,0.10558223229295745,0.20035394932935915,0.19405611393087782,0.4921717047691345,0.27286672592163086,8.648043149150908e-05,0.9998193383216858,-0.0034965192899107933,0.5353406667709351,-0.9992554783821106,0.9996747970581055
285,2,1800.0,1.4177585734799856,0.5785546642453021,0.576339066028595,0.13696325212007,0.13098649065214593,0.1690671692017768,0.20351987891117262,0.15217391304347827,0.1523989638524821,0.22068919100821108,0.20147384675725294,0.09839816933638444,0.09401605342149214,0.22270830529007943,0.21760476640545423,0.48597949743270874,0.2748796045780182,0.00014157533587422222,0.9999069571495056,0.0017093988135457039,0.5488760471343994,-0.9998877644538879,0.9997926950454712
286,2,1800.0,1.4193384108790694,0.5790792352415236,0.5798259377479553,0.1320048729550992,0.12647370507273126,0.17420814479638008,0.21844852472847917,0.16916115558649494,0.16266703438542163,0.18865297598329273,0.173880901035978,0.10903237034458754,0.10317452269221546,0.2269404803341455,0.2153553120851745,0.49267077445983887,0.2734276354312897,0.0003305009158793837,0.9995373487472534,0.021490169689059258,0.5467617511749268,-0.9999976754188538,0.9997826814651489
287,2,1800.0,1.3850984343084864,0.6154152187648594,0.6150244474411011,0.12114904246461282,0.11389363027319434,0.19473355537052456,0.24381806758120475,0.18338884263114072,0.17211408497984484,0.16413405495420483,0.1502971258582203,0.10741049125728559,0.10111877395354646,0.22918401332223148,0.21875831735398932,0.49127233028411865,0.2729807496070862,5.577476986218244e-05,0.9997093081474304,0.014311159029603004,0.5364137887954712,-0.9994643330574036,0.9998996257781982
288,2,1800.0,1.4196512002935429,0.6278661250366805,0.6284647583961487,0.14040146390151936,0.1321789458272243,0.19197072196961296,0.21097047163255248,0.150937118775646,0.15178981048082663,0.17633359210380392,0.1620224695443623,0.12287900632139293,0.12193114017987104,0.21747809692802483,0.22110716233516323,0.4868629276752472,0.2723855674266815,3.681138332467526e-05,0.9998854994773865,-0.01697554439306259,0.5459091663360596,-0.99996018409729,0.9995979070663452
289,2,1800.0,1.4319805443109694,0.6137739881583765,0.6043973565101624,0.14043185729932717,0.12966432175982778,0.17735878579252073,0.23674453342197938,0.1598341417618526,0.1520615635770521,0.190736973869504,0.16398207209706506,0.1274448443123142,0.12237803999448253,0.2041933969644813,0.19516946914959313,0.48719316720962524,0.2756594717502594,3.684886542032473e-05,0.9998512864112854,-0.004820643458515406,0.5474929809570312,-0.999879002571106,0.9993010759353638
290,2,1800.0,1.4418080124239054,0.5561730819593645,0.5576770901679993,0.1340066906845085,0.1332481886838751,0.16713844570252187,0.1989365365069306,0.1453937210499228,0.1413071800448644,0.19743952650540403,0.18207461231242816,0.13156201749871332,0.12905504151778616,0.2244595985589295,0.2153784409341156,0.4928366243839264,0.2767903506755829,5.567018888541497e-05,0.999977707862854,0.01644407957792282,0.546428382396698,-0.9998354315757751,0.999748945236206
291,2,1800.0,1.4102483145371378,0.5526974110317695,0.5495127439498901,0.1256753912006175,0.12231686203468345,0.20686267630341731,0.22988853033743573,0.1336748298365027,0.13172378753449637,0.20082801206932846,0.1896962139943252,0.13234159006385518,0.12993992076577462,0.20061750052627886,0.19643468533328462,0.49429768323898315,0.2757013738155365,4.782716860063374e-05,0.9999185800552368,0.007011427544057369,0.5414528250694275,-0.9996558427810669,0.9995497465133667
292,2,1800.0,1.426070537101148,0.5639164770345243,0.5659224390983582,0.12621582293022898,0.12032418395302338,0.19636976334533202,0.22106282298890934,0.13487018457532357,0.13430004419761665,0.2036455541089071,0.19037983598173636,0.1486558933905185,0.14960196691416375,0.19024278164968983,0.18433114596455052,0.49172988533973694,0.27483662962913513,4.850754703511484e-05,0.9999661445617676,-0.009074343368411064,0.5463103652000427,-0.9999063014984131,0.9995740652084351
293,2,1800.0,1.411980539104073,0.5547537235530664,0.551121175289154,0.10961932050757266,0.10664435514100581,0.20744985673352437,0.2371809200326445,0.1452312730249693,0.13565758643982917,0.17552189930413425,0.16864435723334806,0.15873925501432665,0.1557419059314784,0.2034383954154728,0.1961308752216941,0.4951159954071045,0.274563193321228,0.00019860932661686093,0.9999918341636658,0.01782294549047947,0.5379117131233215,-0.9992867112159729,0.9998753070831299
294,2,1800.0,1.3991548024282958,0.5574792311454364,0.5621981620788574,0.12658759315629264,0.12355701756230082,0.2184318253385116,0.2318842267502401,0.15912669255799308,0.1663882223637005,0.16972814107274062,0.16434365885253746,0.13928833840663377,0.13513156207576782,0.18683740946782829,0.17869531239545333,0.4964342713356018,0.27216798067092896,1.8643391740624793e-05,0.9998587369918823,0.01271202601492405,0.5313946604728699,-0.9999896883964539,0.9993865489959717
295,2,1800.0,1.44640824982597,0.5859660202354889,0.588639497756958,0.1425803085637624,0.13843251388590896,0.17820675262726393,0.20362138087593357,0.14310203473205635,0.14708287080870608,0.18893940523216815,0.18191389779856063,0.16173511217112618,0.15196071846220885,0.18543638667362303,0.17698861816868192,0.49742764234542847,0.27494752407073975,9.088716615224257e-05,0.9999852180480957,-0.0003989643882960081,0.5473993420600891,-0.999076783657074,0.9995168447494507
296,2,1800.0,1.4222515890594107,0.580925133237715,0.5853356122970581,0.11851933216168717,0.11222393266907038,0.1937609841827768,0.22287917291065365,0.14674868189806678,0.14780897786121072,0.17234182776801407,0.16456902047140234,0.16113796133567662,0.14976388195744936,0.20749121265377857,0.20275501413021352,0.4976421594619751,0.2748294174671173,0.0002322132495464757,0.9999458193778992,-0.007078018970787525,0.538038432598114,-0.9997986555099487,0.9994460344314575
297,2,1800.0,1.4400221464649732,0.595242196706173,0.5940294861793518,0.13398770104068117,0.129409341541263,0.20139545884578997,0.20308048662052675,0.14096499526963102,0.1494284352480856,0.17336802270577106,0.16568719436404902,0.14995269631031222,0.15217262087613717,0.20033112582781457,0.20022192134993846,0.49938496947288513,0.2739296853542328,0.00035435924655757844,0.9996655583381653,-0.0035672932863235474,0.5405802726745605,-0.9997240304946899,0.9992004632949829
298,2,1800.0,1.4153279515422177,0.5818140069227358,0.5844879746437073,0.12257640486362142,0.11380035775218636,0.20391061452513967,0.24102211513267097,0.14837331580676963,0.16078943680858493,0.20276043378245154,0.19525786496377293,0.14968780808412752,0.12369707950614524,0.17269142293789025,0.1654331458366396,0.5009441375732422,0.2740420997142792,9.322057303506881e-05,0.9994776248931885,-0.0023172800429165363,0.5389437675476074,-0.999619722366333,0.9988384246826172
299,2,1800.0,1.4277295210828813,0.5817347299127054,0.5887740850448608,0.13714700996677742,0.12848737250963074,0.19414451827242524,0.27108427419185127,0.1336171096345515,0.12936378345987778,0.2073297342192691,0.17398879021661778,0.14898255813953487,0.13190380259450962,0.17877906976744187,0.1651719770275128,0.4985242187976837,0.27270668745040894,1.410128879797412e-05,0.9998561143875122,-0.013512866571545601,0.5440628528594971,-0.9999568462371826,0.9998085498809814
300,2,1800.0,1.4552343576261313,0.6138616611546822,0.6107462048530579,0.14673576732673269,0.14117870803164717,0.17790841584158415,0.21656244341107692,0.14650371287128713,0.1471439915157831,0.20173267326732675,0.18767601022955455,0.17713490099009901,0.1633930155599062,0.1499845297029703,0.14404583125203202,0.49715039134025574,0.2756986618041992,2.1123765691299923e-05,0.9999462962150574,-0.00047548278234899044,0.5482378005981445,-0.9995005130767822,0.9994237422943115
301,2,1800.0,1.4348781476568864,0.5759519934840287,0.5702840685844421,0.13946859411585055,0.13166366160866674,0.2031965794563779,0.230278179903435,0.1370253486714853,0.14801164394145516,0.17316502086938818,0.1595868547182967,0.175404662526723,0.15812600976082541,0.1717397943601751,0.172333650067321,0.4960200786590576,0.27538493275642395,3.0297721309580083e-07,0.9997735619544983,0.010451932437717915,0.5430139899253845,-0.9998321533203125,0.9995075464248657
302,2,1800.0,1.4438060375709054,0.5942516817581056,0.5948218703269958,0.15364163712536255,0.1496891424884973,0.18030937802126973,0.2187864128799448,0.14340960360941024,0.1353501996680436,0.1720109571382533,0.15210290488008044,0.16902997099581052,0.15583683432788054,0.18159845310989364,0.1882345057555533,0.49682295322418213,0.27552303671836853,0.0001059216883732006,0.9999542236328125,0.0006468488718383014,0.540898859500885,-0.9997949004173279,0.9994512796401978
303,2,1800.0,1.4308664807182323,0.568716205828612,0.5738879442214966,0.13565326109606168,0.12933226027555447,0.20473015211502396,0.22371976949369102,0.1608668472598458,0.16358087143829222,0.17951656595123985,0.1726030601542634,0.13638257970410503,0.13200460895183605,0.18285059387372368,0.1787594296863628,0.5046067833900452,0.2726123034954071,9.78138850769028e-05,0.9999829530715942,-0.018427038565278053,0.5358919501304626,-0.9999571442604065,0.9998972415924072
304,2,1800.0,1.4731417981928576,0.595474604814847,0.594804584980011,0.1703726422327864,0.16357616729355148,0.1753565404079129,0.1923026800255015,0.16354853550069007,0.16744854500746367,0.16232172979604356,0.1556700752142724,0.14123600674743136,0.13897655031943287,0.1871645453151357,0.18202598213977808,0.49510014057159424,0.2767816185951233,0.00012635448365472257,0.9999573230743408,-0.009616220369935036,0.5458540916442871,-0.999933660030365,0.9995826482772827
305,2,1800.0,1.4449054758320565,0.5380335380056664,0.5417278409004211,0.17058159811262694,0.16354391824078415,0.20781618627551543,0.236329114187751,0.15006667350497488,0.14465401819712648,0.15745204636372961,0.1453294863202426,0.1380654426094984,0.13731820248979165,0.17601805313365473,0.17282526056430414,0.4910469055175781,0.2761177718639374,0.00015738118963781744,0.9999460577964783,-0.009189470671117306,0.5389872789382935,-0.9993963241577148,0.9999457597732544
306,2,1800.0,1.4553750323127297,0.5429859127084457,0.5484837293624878,0.1728235294117647,0.170419976884869,0.19364705882352942,0.21284622096073494,0.14988235294117647,0.1436791376213257,0.14388235294117646,0.13466490402386147,0.16564705882352943,0.16118067201016556,0.17411764705882352,0.17720908849904332,0.491256445646286,0.2772783637046814,5.81838539801538e-05,0.9996341466903687,0.009654979221522808,0.5402711629867554,-0.999978244304657,0.9999604225158691
307,2,1800.0,1.4767546185455869,0.5763554034783386,0.5805943608283997,0.17398873527905787,0.1638942807178713,0.1746031746031746,0.23363953564404996,0.1518689196108551,0.15075028709203694,0.15145929339477726,0.1296470269928053,0.17982590885816693,0.1613204181928873,0.16825396825396827,0.1607484513603492,0.4907078146934509,0.2758220434188843,0.000491708517074585,0.9999120235443115,-0.007053774781525135,0.5468451380729675,-0.9997957348823547,0.9998410940170288
308,2,1800.0,1.4723506311884127,0.5789324435960561,0.5807008743286133,0.16036461850101283,0.1599056693707108,0.16458474004051316,0.18438935339861764,0.1260972316002701,0.1354003634575559,0.1797771775827144,0.1734524655318368,0.1975016880486158,0.17837490394224995,0.17167454422687373,0.16847724429902894,0.49733471870422363,0.27783381938934326,5.4815964176668786e-06,0.9999492168426514,0.00020518808742053807,0.5501508712768555,-0.9999171495437622,0.9999140501022339
309,2,1800.0,1.4418149072106576,0.539336697784277,0.5411884784698486,0.15499457111834963,0.14627180245493693,0.19227289178429244,0.22462557769482747,0.12721679334057184,0.1353318662180417,0.1534563879840753,0.1373170595909018,0.17119073470865,0.15645946027980906,0.2008686210640608,0.1999942337614831,0.4862232506275177,0.2760421335697174,0.00021638382168021053,0.9999095797538757,0.009420376271009445,0.5389062762260437,-0.9993265271186829,0.9999912977218628
310,2,1800.0,1.456840219731239,0.5317156711854095,0.5382310152053833,0.15303051032973047,0.14522645420387553,0.19188671500889315,0.2245016142649584,0.12094677794499932,0.12219259720270349,0.16534409631960598,0.15479766686312027,0.14913120809960323,0.13624399366406922,0.21966069229716786,0.2170376738012731,0.48355427384376526,0.2758544385433197,0.00011695338616846129,0.9999694228172302,0.005313710309565067,0.545244574546814,-0.9996871948242188,0.9998890161514282
311,2,1800.0,1.4173885213651907,0.5156312910837034,0.5093327760696411,0.13922004445342492,0.14154813512741157,0.20872903616892302,0.2235217032506705,0.1281066882198424,0.12701367591027557,0.14982824813093554,0.1477341056028933,0.15003030915336432,0.1427393890493165,0.2240856738735098,0.21744299105943257,0.48550188541412354,0.27456551790237427,9.223535926139448e-06,0.9996244311332703,0.010567963123321533,0.5337181687355042,-0.9995113015174866,0.9999791383743286
312,2,1800.0,1.4009258904479296,0.5279479137748972,0.5302775502204895,0.13708572993700355,0.13713475727377505,0.20364283757874554,0.2210835480978697,0.1317447274719255,0.13946819689894216,0.13968775677896467,0.12807132027251777,0.14598740071213367,0.13219982639963399,0.24185154752122706,0.24204235105726132,0.4791974127292633,0.27298468351364136,7.582926627947018e-05,0.999711275100708,-0.029013020917773247,0.5311337113380432,-0.9992699027061462,0.9989874362945557
313,2,1800.0,1.4664342234540022,0.5266271241068012,0.5323207378387451,0.15245092411893008,0.13798905225446612,0.18333142004362302,0.22759402753604666,0.11054987946274825,0.11143156262449658,0.17690276661692114,0.16662222613656522,0.16898174721616346,0.14674814156330984,0.20778326254161406,0.2096149898851156,0.48611825704574585,0.2762782871723175,4.001722572866129e-06,0.9993923306465149,-0.03415394574403763,0.5371430516242981,-0.9996380805969238,0.9999712705612183
314,2,1800.0,1.4639533902809785,0.5115298418119955,0.5118013620376587,0.13843452545975418,0.12469138029334015,0.15931984104981056,0.22464946148896328,0.1136678680343776,0.11237500010803615,0.19268089825339618,0.17316109758324524,0.17281212457259032,0.15169731547607776,0.22308474263007116,0.21342574505033743,0.48654791712760925,0.28166401386260986,0.0001246394676854834,0.9999373555183411,-0.02869177982211113,0.5463824272155762,-0.99996018409729,0.9996057748794556
315,2,1800.0,1.4516577809843962,0.5308803466506605,0.5305657386779785,0.12901037123194728,0.12671419543268636,0.19782882620916933,0.2136833445949685,0.1138896966172337,0.11345998898199158,0.17165842783754967,0.16665564266622976,0.17669865270912086,0.1694903771062219,0.21091402539497917,0.20999645121790195,0.48133909702301025,0.27790728211402893,1.4744464351679198e-05,0.9996034502983093,-0.037810828536748886,0.5408603549003601,-0.9998562932014465,0.9999790191650391
316,2,1800.0,1.4599323031669416,0.4908080153905442,0.4966159164905548,0.1343049534175814,0.12534414454476966,0.19232543123328105,0.23159664457099416,0.10903053223872336,0.1100961180622125,0.18430034129692832,0.17641041306258387,0.15967161700950097,0.15093566040022172,0.22036712480398488,0.20561701935921808,0.4821414649486542,0.27598637342453003,3.560670666047372e-05,0.9999244213104248,-0.03058519959449768,0.5409607887268066,-0.9999235272407532,0.999261736869812
317,2,1800.0,1.4057860258287145,0.5225631016056712,0.5251524448394775,0.13012477718360071,0.11820195035793814,0.2137551990493167,0.26396650719672093,0.09818775995246583,0.10405164160692158,0.17349970291146763,0.16358309958503262,0.1532976827094474,0.1299178784649439,0.2311348781937017,0.22027892278844285,0.47909653186798096,0.27317580580711365,0.0002487379824742675,0.9998534321784973,-0.04054083302617073,0.5302272439002991,-0.9989970326423645,0.9984232187271118
318,2,1800.0,1.4216110629183119,0.5217882263729411,0.5216991305351257,0.13045711350796096,0.12429919784158182,0.21738572162300976,0.23899862569391395,0.10195172059578839,0.10026133748717708,0.17411402157164868,0.17961304816202225,0.15434001027221367,0.1467992330949298,0.22175141242937854,0.2100285577203751,0.4815009534358978,0.2712516784667969,4.5344251702772453e-05,0.9999514818191528,-0.008975600823760033,0.5303535461425781,-0.9994582533836365,0.999605655670166
319,2,1800.0,1.4372338225366423,0.5389273782158464,0.5391800999641418,0.14235180619573373,0.14140027345511735,0.22188873405509701,0.25769061407073346,0.11244506377961196,0.11393949639297153,0.1417086504448494,0.11929016442181299,0.17043627398434988,0.16104562152432028,0.21116947154035803,0.20663383013504438,0.48520657420158386,0.2714995741844177,0.00022146166884340346,0.9999021887779236,-0.02399660460650921,0.5330474972724915,-0.999944269657135,0.999667763710022
320,2,1800.0,1.4528917437226299,0.5483584118658131,0.5412043333053589,0.15974351826038471,0.14593045525372175,0.18613511755413065,0.24598754670396436,0.11235015333147477,0.11262924935139657,0.1539819719356937,0.13499702117392443,0.14292352011894804,0.12431922045628206,0.24486571879936808,0.23613650706071085,0.48731520771980286,0.27779462933540344,0.00020850753935519606,0.9999802112579346,-0.016236018389463425,0.5374403595924377,-0.9998913407325745,0.999510645866394
321,2,1800.0,1.4570260506591528,0.5577102652526614,0.5694303512573242,0.17642526964560862,0.15986412524719443,0.21813779440898085,0.2567680273824289,0.1296500110059432,0.12776893553291402,0.13746423068456967,0.1352332701927351,0.14968082764692933,0.13940989371539966,0.1886418666079683,0.18095574792932795,0.4752238392829895,0.27392998337745667,3.439397187321447e-05,0.9991354942321777,-0.04923877865076065,0.5343760251998901,-0.9998306632041931,0.9978271722793579
322,2,1800.0,1.4852940954636258,0.5742232838886702,0.5855777859687805,0.15821715251373045,0.15403224007000535,0.2123996620194339,0.23261515856210466,0.13762146176594847,0.13881680721510967,0.14205745669623995,0.13333918820060411,0.159801436417406,0.1489372954847952,0.18990283058724122,0.19225931046738104,0.48281753063201904,0.2770600914955139,0.00014233340334612876,0.9999467730522156,-0.04384255036711693,0.5369169116020203,-0.999919593334198,0.9998797178268433
323,2,1800.0,1.458942647201724,0.5586019109507077,0.5520602464675903,0.18866501454584636,0.17433035333172253,0.21732571921129187,0.2715468536235526,0.1336062924253852,0.13082689244555296,0.13996336601659304,0.12613286755480466,0.1447042344574938,0.13010881356697096,0.17573537334338973,0.1670542194773963,0.4826180040836334,0.273644357919693,9.441996371606365e-05,0.9996720552444458,-0.03971932455897331,0.5340461134910583,-0.9999181628227234,0.999672532081604
324,2,1800.0,1.4745356233770566,0.48259057389488835,0.49300509691238403,0.13882702301410543,0.13705491436085007,0.20723300456039878,0.24393010598232934,0.1643864672817902,0.16181084418113198,0.15314455403542263,0.13660283269610005,0.09735921094495704,0.09286686925086099,0.23904974016332592,0.2277344335287276,0.4891515374183655,0.2783753573894501,6.620112981181592e-05,0.9998936653137207,-0.0033807524014264345,0.5313090682029724,-0.9990668892860413,0.999629020690918
325,2,1800.0,1.457133358472014,0.4923451970991933,0.4870927333831787,0.1186399217221135,0.11412126613655552,0.19202544031311156,0.2104768105587367,0.15349804305283757,0.15906666337072067,0.1533757338551859,0.13523942869551456,0.11338062622309197,0.10752491225567916,0.2690802348336595,0.2735709189827934,0.4905170202255249,0.2768475115299225,0.00013667023449670523,0.9998393058776855,-0.01818264089524746,0.5419310331344604,-0.9971852898597717,0.9990423917770386
326,2,1800.0,1.4270238605272554,0.47597974068585763,0.47598060965538025,0.11897071490094746,0.11320769377751717,0.21683893195521103,0.25869853490996025,0.14071920757967268,0.14404320230548023,0.16289836347975883,0.1480837708508534,0.11186477174849267,0.10805038474184779,0.2487080103359173,0.22791641341434113,0.4936029314994812,0.2723170220851898,0.00025130630820058286,0.999843955039978,-0.015432973392307758,0.5262125134468079,-0.999967098236084,0.999941349029541
327,2,1800.0,1.4742109333692208,0.4772364394918819,0.4739856421947479,0.1323529411764706,0.13103847805481633,0.16840607210626185,0.21718368383338923,0.11891208096141682,0.12331138618871712,0.193943706514864,0.17477717338300092,0.11345667299177735,0.10341720164133988,0.2729285262492094,0.2502720768987365,0.4978492558002472,0.2779901921749115,2.22726475840318e-06,0.9998888969421387,-0.02259344607591629,0.5418760180473328,-0.9988625049591064,0.9999253749847412
328,2,1800.0,1.4632128531314603,0.4939735008386244,0.49864280223846436,0.11439259696790707,0.11418120381095272,0.18025201811380193,0.23169428980839613,0.11862571372317385,0.11726152493542483,0.17611734593423903,0.15662332937571002,0.12463083284111046,0.11907910081607333,0.28598149241976767,0.26116055125344295,0.4936091899871826,0.2778789699077606,0.0002210174861829728,0.9998710751533508,-0.027979860082268715,0.5392684936523438,-0.9999444484710693,0.9995739459991455
329,2,1800.0,1.4702729305750888,0.505954609185103,0.5074720978736877,0.11610915492957746,0.117259751853125,0.17702464788732394,0.20635009194260365,0.1288732394366197,0.13901110505522707,0.19339788732394367,0.17320191760581333,0.12764084507042253,0.1153552847081973,0.25695422535211265,0.24882184883503367,0.49125581979751587,0.274225115776062,8.340187923749909e-05,0.9995881915092468,-0.013983089476823807,0.539134681224823,-0.9998993873596191,0.9990358352661133
330,2,1800.0,1.4866279917117258,0.5214205368776025,0.5176671147346497,0.12524830109775223,0.12230370331374213,0.18515420805018296,0.21743646304893782,0.141871406168322,0.14003296979221075,0.1564035546262415,0.14671077311372743,0.1294302143230528,0.12394709003820618,0.2618923157344485,0.24956900069317567,0.493079274892807,0.2756909132003784,5.4177147831069306e-05,0.9999681711196899,-0.017673423513770103,0.543419599533081,-0.9998782277107239,0.9986343383789062
331,2,1800.0,1.4399244447717028,0.5086702136843262,0.5071622133255005,0.10427436641028874,0.09945347163738778,0.22708359601563485,0.24275922209487122,0.1506745681502963,0.15576163267579465,0.14210061782877317,0.1320555474965226,0.11965704198713907,0.12066457419448395,0.2562098096078679,0.24930555190093978,0.4819679260253906,0.27346938848495483,9.859868441708386e-05,0.9993313550949097,-0.008497480303049088,0.5332013964653015,-0.9997367858886719,0.9990725517272949
332,2,1800.0,1.4131386869218368,0.47227224018322284,0.4771585762500763,0.11509279794560523,0.11543579076756463,0.23602194467141357,0.2538778055738131,0.11275825843352398,0.11437506785476231,0.15197852223648886,0.14390156933264284,0.11626006770164585,0.11410262358309041,0.2678884090113225,0.2583071428881267,0.4916912317276001,0.2690078914165497,0.0003140413318760693,0.9999144077301025,-0.010926921851933002,0.5290828943252563,-0.9997922778129578,0.9999104738235474
333,2,1800.0,1.4465099817377565,0.47712452266643207,0.47518226504325867,0.11206643869076698,0.1115023491263354,0.19345383488031265,0.25095324827964477,0.09897410845139228,0.10411129152788372,0.1719589643380557,0.15419088894026628,0.12594040058622374,0.11518057868414888,0.29760625305324867,0.26406164344172095,0.4910662770271301,0.27811941504478455,3.757575177587569e-05,0.9995071887969971,0.00025903666391968727,0.5397771596908569,-0.999611496925354,0.9993624687194824
334,2,1800.0,1.4335265924707132,0.5021371250160632,0.5052720308303833,0.10988671472708549,0.10462906955294936,0.2188465499485067,0.24173447600886325,0.1145211122554068,0.11053907185902537,0.1380020597322348,0.13097221657489755,0.13470648815653966,0.13506627009230956,0.2840370751802266,0.2770588959119549,0.4820909798145294,0.27623626589775085,1.9887809685315005e-05,0.9999905824661255,-0.01555305253714323,0.5312252044677734,-0.9998511075973511,0.9988762140274048
335,2,1800.0,1.4655338219274,0.5018473301167329,0.5047160387039185,0.11717983918415376,0.11308303781959242,0.20592272994704844,0.23333180541832174,0.11443420278485977,0.11347502459297222,0.17130809962737792,0.16074224942188634,0.14051774857815258,0.14313920929496518,0.2506373798784075,0.23622867345226212,0.4897307753562927,0.2757115066051483,2.045389737759251e-05,0.999902606010437,-0.013806534931063652,0.539708137512207,-0.9999390840530396,0.9996235370635986
336,2,1800.0,1.4612030281508264,0.48001462121452104,0.4772765636444092,0.10380165289256198,0.10305812816506185,0.2,0.22851573949640946,0.13801652892561983,0.14083459940045465,0.1575206611570248,0.15341925811964566,0.1621487603305785,0.1463416112985296,0.23851239669421487,0.2278306635198988,0.49639803171157837,0.2761375904083252,0.00025590290897525847,0.9999046325683594,-0.004478070419281721,0.5358384251594543,-0.9998545050621033,0.9991570711135864
337,2,1800.0,1.471070013722973,0.48914593482316404,0.4860173463821411,0.108789760963674,0.10376243793689702,0.19781667607754563,0.2499347262539909,0.13777526821005082,0.15114075011260242,0.16158479201957462,0.13705958240328311,0.1577263316393751,0.15174880983466868,0.23630717108977978,0.20635369345855786,0.49727383255958557,0.2773617208003998,5.232220792095177e-05,0.9996899962425232,-0.02203679084777832,0.5342928767204285,-0.999839186668396,0.9998185634613037
338,2,1800.0,1.4669653006865193,0.520048639845855,0.5212641954421997,0.10335235378031384,0.10113092479211963,0.18994293865905848,0.22461830075860134,0.12496433666191155,0.12993711506141523,0.1768188302425107,0.16173706192545148,0.1631241084165478,0.15349875817100808,0.24179743223965763,0.22907783929140427,0.4900902509689331,0.2770270109176636,0.000187983489013277,0.9997469782829285,-0.026658225804567337,0.5382724404335022,-0.9997676610946655,0.9999765157699585
339,2,1800.0,1.4549824907558853,0.5242244516783859,0.5299076437950134,0.11255513547574039,0.11013733259936372,0.19486452425960932,0.2040271734002614,0.12578764965343414,0.13050440646479058,0.15304032766225584,0.14810000012270175,0.17178638941398866,0.17185727894351954,0.24196597353497165,0.23537380846936298,0.4879092574119568,0.27553123235702515,0.00012216050527058542,0.9998335838317871,-0.030198369175195694,0.5342844128608704,-0.9997267127037048,0.9995174407958984
340,2,1800.0,1.4387761891206017,0.5390561834511781,0.5503847002983093,0.11583011583011583,0.11628143070068746,0.20307041735613166,0.21977804932740996,0.14340871483728626,0.14434507354238638,0.14258135686707116,0.13648921878961043,0.1458907887479316,0.1435134671603524,0.2492186063614635,0.23959276047955336,0.48697346448898315,0.2746627926826477,8.47487899591215e-05,0.9998496770858765,-0.04449237138032913,0.5312418341636658,-0.9998484253883362,0.9994077682495117
341,2,1800.0,1.4345616401912529,0.5658428178730246,0.5663444399833679,0.09702457956015524,0.10145986369740381,0.17388960758947822,0.19553140943226568,0.12979732643380767,0.14099955631204977,0.16052177662785683,0.14076748261963112,0.16235446313065977,0.1530643813149621,0.27641224665804226,0.2681773066236875,0.49204686284065247,0.2763186991214752,6.310198659775779e-05,0.9996026158332825,-0.027159608900547028,0.536622166633606,-0.9992187023162842,0.9995942115783691
342,2,1800.0,1.4599430607878547,0.5708695376565727,0.5779945254325867,0.09251479036268541,0.09753856073981575,0.17019634742347595,0.19423562284900645,0.1250964588870788,0.13032298778495618,0.17045357112235274,0.15353886150137452,0.18211437880476722,0.17174006007274978,0.2596244533996399,0.2526239070520973,0.4816838502883911,0.27727070450782776,2.8334264356999483e-07,0.9999138712882996,-0.04310300946235657,0.541135847568512,-0.9998083710670471,0.9996986389160156
343,2,1800.0,1.4727604320980434,0.5667867527418162,0.564843475818634,0.10941080801360242,0.11018115781396029,0.1733569897242552,0.19059806871548182,0.13602424780069491,0.14448522867290706,0.17890145634656612,0.1686217827234798,0.16404228579877284,0.15862754914589516,0.23826421231610853,0.22748621292827587,0.48310548067092896,0.27829810976982117,3.93757363781333e-05,0.9999874234199524,-0.04071877524256706,0.5391281247138977,-0.9996953010559082,0.9991110563278198
344,2,1800.0,1.4322026159785408,0.5957319230381581,0.5922826528549194,0.11953167544018878,0.11396045402537584,0.18732982392448722,0.2309654785784517,0.14712288981666363,0.15395777608691572,0.16736249773098566,0.15214539454971543,0.12597567616627336,0.11715305208883398,0.2526774369214013,0.23181784467070735,0.47542262077331543,0.2764343023300171,1.2562105439428706e-05,0.9999630451202393,-0.01675179786980152,0.5349274277687073,-0.9992770552635193,0.9997670650482178
345,2,1800.0,1.444920922322804,0.5978516780791979,0.5984123945236206,0.126680358476475,0.12609220753605482,0.17167662434652725,0.20253058515917718,0.14712471994025392,0.14514370410424698,0.18101194921583272,0.17175197447185253,0.11930545182972367,0.11483854853505265,0.25420089619118746,0.23964298019361582,0.48282235860824585,0.2768625319004059,2.10008929570904e-05,0.999954342842102,-0.0321120023727417,0.5331851840019226,-0.9997805953025818,0.9994809627532959
346,2,1800.0,1.4551901256765118,0.5924445870073088,0.5845118761062622,0.13606870229007634,0.13559021730781565,0.16879770992366414,0.1996141604455807,0.17003816793893128,0.170584874844995,0.15171755725190839,0.13763474003418694,0.11688931297709923,0.11086886154454934,0.2564885496183206,0.2457071458228724,0.48467156291007996,0.2743077278137207,5.3240997658576816e-05,0.9996224045753479,-0.029277505353093147,0.5365288257598877,-0.998504102230072,0.9996438026428223
347,2,1800.0,1.4509113163715743,0.5828145269556237,0.5891999006271362,0.12620423892100194,0.13352264482929416,0.18827415359207267,0.19564852184826562,0.17987888797137352,0.1870898835316052,0.16666666666666666,0.156210167220282,0.08670520231213873,0.08911381746979714,0.25227085053674647,0.2384149651007559,0.48121383786201477,0.27229931950569153,4.2776686314027756e-05,0.9998977184295654,-0.024244198575615883,0.5276055932044983,-0.999909520149231,0.9995167255401611
348,2,1800.0,1.4800116329970778,0.5561852991840993,0.5611245632171631,0.11635606848926308,0.11649218030478871,0.1830479614038407,0.2097319752165824,0.16535805505628606,0.1684332675139903,0.1990350960174061,0.18723812217335165,0.10718002081165452,0.10382304820778432,0.22902279822154953,0.21428140658350261,0.48252958059310913,0.2727890610694885,9.784066787688062e-05,0.9999648332595825,-0.0069913100451231,0.5317609310150146,-0.9991892576217651,0.9994553327560425
349,2,1800.0,1.4819724643637404,0.5515601423716978,0.5457978248596191,0.11875483704531774,0.12023398498422225,0.17937913836099406,0.2113524519471658,0.15504342591796372,0.16547269857270488,0.19545962679508128,0.17278766705447593,0.10387823544586809,0.10159284657776269,0.24748473643477514,0.22856035086366844,0.48247960209846497,0.27486652135849,1.1617259588092566e-05,0.9999834299087524,-0.01865748129785061,0.5413785576820374,-0.9998283386230469,0.9999450445175171
350,2,1800.0,1.4540941208766622,0.5762152458139548,0.5662874579429626,0.1296359305886356,0.13595151941309358,0.1967789497561529,0.23610307617738072,0.1483497788363389,0.15118823225451125,0.18623114438017466,0.1671176763207208,0.10332312577974367,0.09467234631425808,0.2356810706589543,0.2149671495200355,0.4862052798271179,0.269256055355072,0.00022383137547876686,0.9999778866767883,-0.019938398152589798,0.5354799032211304,-0.9998384118080139,0.9999384880065918
351,2,1800.0,1.4570590094897475,0.5465671007544967,0.553326427936554,0.10241980866629151,0.10113757473778293,0.19335959482273496,0.22360964179853532,0.1505908835115363,0.16686125086965056,0.17535171637591446,0.16263065041075817,0.11671356218345526,0.10534052808130336,0.26156443444006755,0.24042035410196969,0.47922399640083313,0.2743656635284424,3.1509247492067516e-05,0.9999198317527771,-0.032209161669015884,0.5345221757888794,-0.9998250007629395,0.9998651742935181
352,2,1800.0,1.4264432303856804,0.5308671498166923,0.5303004384040833,0.10649834787765822,0.11552418006961773,0.16156909260357535,0.19503852700430913,0.11886808438532577,0.12381242896815874,0.17309158688469034,0.15879252487373904,0.1251376768618148,0.11760507375863813,0.31483521138693554,0.2892272653255372,0.49408644437789917,0.27620595693588257,2.5879548047669232e-05,0.9999809265136719,-0.017861895263195038,0.5402754545211792,-0.9995273947715759,0.9998663663864136
353,2,1800.0,1.403198495080419,0.5172805309470898,0.5192943811416626,0.0891731219600072,0.10137607162304231,0.16807782381552874,0.21904023607634107,0.12520266618627274,0.13493804428798312,0.1587101423166997,0.1373939479765005,0.12150963790308053,0.11900594632501443,0.3373266078184111,0.28824575371111855,0.49134182929992676,0.2770146429538727,3.9794264012016356e-05,0.9998857378959656,-0.026564327999949455,0.5446162819862366,-0.999929666519165,0.9997190237045288
354,2,1800.0,1.370409814986194,0.528260002520194,0.5249559283256531,0.09060299969390878,0.09012154674522332,0.16335067850219365,0.22118415112591677,0.1111111111111111,0.1200487091520368,0.15916743189470461,0.14435946067301955,0.11774308744005714,0.11536718692961766,0.35802469135802467,0.30891894537418585,0.4888884425163269,0.2776370644569397,3.310525471533765e-06,0.999908983707428,-0.020722413435578346,0.5474953055381775,-0.9997991919517517,0.9999030828475952
354,3,3000.0,1.4049624633789062,0.5245946570287777,0.5139240622520447,0.0725,0.07511214659414657,0.16,0.16220669450462774,0.1425,0.14151138683487774,0.1675,0.16591614899522308,0.12,0.11894409929100619,0.3375,0.3363095237801187,0.5093486309051514,0.2898857593536377,0.0007106048287823796,0.994475245475769,-0.1180475726723671,0.5559929013252258,-0.9981860518455505,0.9901368618011475
355,2,1800.0,1.4173720608456346,0.5296493663435354,0.5296458005905151,0.08775022031977842,0.08609167116881193,0.17978093919174115,0.22950289650480857,0.12614881027319652,0.13492942678894765,0.15963741659322675,0.1498232988377239,0.13747954173486088,0.13427030612922916,0.30920307188719626,0.26538240057047874,0.48641887307167053,0.2761649489402771,4.52317253802903e-05,0.9993325471878052,-0.018523652106523514,0.543342113494873,-0.9998816847801208,0.9999666213989258
355,3,3000.0,1.3717723825124388,0.4880096435546875,0.5071684718132019,0.061103351955307264,0.06680061462645658,0.20740223463687152,0.28734816865468876,0.125,0.1373666308273832,0.1424581005586592,0.11522829253475185,0.14804469273743018,0.12945411346198388,0.3159916201117318,0.2638021798947357,0.4886643886566162,0.27350643277168274,0.0002799713984131813,0.9997939467430115,-0.0556483194231987,0.5439960956573486,-0.9999545216560364,0.9965699911117554
356,2,1800.0,1.423148258804997,0.5423328424984994,0.5429971814155579,0.08080808080808081,0.08370295953596411,0.17296037296037295,0.18938595395184307,0.131002331002331,0.13804425962391637,0.1599067599067599,0.15535776558049472,0.1407925407925408,0.13645074982361927,0.3145299145299145,0.29705831148416245,0.4812825620174408,0.2761808931827545,0.00014765301602892578,0.9996612668037415,-0.013299629092216492,0.5384151339530945,-0.9994804263114929,0.9997507333755493
356,3,3000.0,1.4161883895476464,0.5136384846527905,0.5173020362854004,0.07398877213185548,0.07748642703961603,0.17907010220238953,0.2030437264314879,0.11587735713257521,0.12116519351182889,0.1612206707931481,0.1531506237519261,0.14308334532891895,0.140628065486394,0.3267597524111127,0.3045259637787471,0.49078524112701416,0.275258332490921,2.4568844310124405e-05,0.9992157220840454,-0.02001284435391426,0.5455150008201599,-0.9994381070137024,0.9997619390487671
357,2,1800.0,1.40982705721161,0.5332534611104618,0.5281035304069519,0.08806029353431179,0.08263586157789475,0.19000396667988892,0.20547537298250335,0.1297104323681079,0.14105466008787232,0.16818722729075763,0.16022601849333656,0.11701705672352242,0.11353441840180964,0.30702102340341136,0.2970736684565834,0.4920768141746521,0.26992642879486084,2.280554099343135e-06,0.998571515083313,-0.027693763375282288,0.5308668613433838,-0.9995293021202087,0.997336745262146
357,3,3000.0,1.390006820958115,0.5197283290611839,0.5095363855361938,0.07789013391637059,0.0761775312180852,0.1829734900245969,0.1938661794287909,0.11738179830554796,0.11926473538056036,0.17600437277944794,0.17256647908087827,0.12913364307187755,0.12798426926395723,0.31661656190215903,0.31014080562772806,0.48113301396369934,0.27618542313575745,0.00024492680677212775,0.9999580979347229,0.002287859795615077,0.534607470035553,-0.9999622702598572,0.999624490737915
358,2,1800.0,1.398139138698979,0.48115431313696205,0.4679930806159973,0.07317073170731707,0.0702888258557316,0.21867115222876365,0.24792173925985345,0.15138772077375945,0.1539447205441388,0.1438183347350715,0.12641214072133888,0.11101766190075694,0.12372215444233987,0.30193439865433136,0.2777104191765974,0.47018641233444214,0.2701890468597412,0.0005669092060998082,0.9997541308403015,-0.02950422838330269,0.5167441368103027,-0.9884592890739441,0.9987279176712036
358,3,3000.0,1.3833059395215788,0.5166196574312123,0.5158652067184448,0.07969613259668508,0.08189582923614361,0.1935082872928177,0.2156193756304587,0.1255524861878453,0.12792686535880488,0.15290055248618784,0.14381536033116282,0.1302486187845304,0.1210681485496767,0.3180939226519337,0.30967442089375335,0.4890613853931427,0.2709448039531708,7.607900624861941e-05,0.9996350407600403,-0.015627054497599602,0.5300139784812927,-0.9992843270301819,0.9994968175888062
359,2,1800.0,1.4563474550351991,0.4960394191333809,0.5064194202423096,0.09203296703296704,0.08721446744249804,0.1401098901098901,0.16465505654984172,0.1401098901098901,0.18098528570585323,0.17582417582417584,0.15715724196983455,0.13873626373626374,0.13789439406230217,0.3131868131868132,0.2720935542696703,0.49346673488616943,0.2696256637573242,0.0010884033981710672,0.99456787109375,-6.747704173903912e-05,0.5413268208503723,-0.9974794983863831,0.9971170425415039
359,3,3000.0,1.4055026579063192,0.5498825295850516,0.554929256439209,0.0917848251975322,0.09026107070365996,0.19060504383591298,0.2033778129491936,0.12533824006927158,0.1297102169195133,0.1395172637731356,0.13184164222400854,0.14059963199480463,0.14242429670705017,0.312154995129343,0.30238496049657443,0.4920477569103241,0.2749638259410858,0.00028772695804946125,0.9999220371246338,-0.015369638800621033,0.5372123718261719,-0.9996855854988098,0.9999436140060425
360,3,3000.0,1.4139284115773005,0.5474596349911998,0.550000011920929,0.11849710982658959,0.12257021210679454,0.17369009882528436,0.19370429570438635,0.09388402013798247,0.1016712556126409,0.13779600969606565,0.13589282297288247,0.1495431661383554,0.1451462629533604,0.3265895953757225,0.30101515064993534,0.4838733375072479,0.2778376042842865,0.00011770445416914299,0.9996597766876221,-0.024868875741958618,0.5518198013305664,-0.9996222853660583,0.9999746084213257
361,3,3000.0,1.34012562908386,0.5477457812529769,0.5448864698410034,0.12339216272808855,0.13421620213872248,0.18830391863595572,0.22580389069539109,0.09811546515106193,0.10619019522027631,0.1274304516900987,0.11754902991508343,0.123691295243793,0.10802076681556473,0.3390667065510021,0.308219915214962,0.475102961063385,0.2771073877811432,1.2327586773608346e-05,0.9994761347770691,-0.022192679345607758,0.5410593748092651,-0.9998466968536377,0.9994055032730103
362,3,3000.0,1.368054789741896,0.5384531705786051,0.5278869867324829,0.11987515959710597,0.12043102952962378,0.2011632855724216,0.23624744935599323,0.08511845651865513,0.09011400994388975,0.14626188111788907,0.140632625162081,0.15491559086395235,0.1445145642268523,0.2926656263299759,0.2680603217815599,0.4708881378173828,0.27041202783584595,0.0003389112825971097,0.9998617172241211,-0.0362556092441082,0.53440260887146,-0.9997001886367798,0.9996693134307861
363,3,3000.0,1.4167645346728175,0.5122624184025534,0.5125481486320496,0.1383780801765355,0.13846203240965146,0.16761677087164398,0.2206914435373998,0.07502758367046708,0.07414565844644151,0.15088267745494668,0.14491337622850392,0.17506436189775654,0.15423647228081844,0.29303052592865025,0.2675510170971849,0.47927409410476685,0.2778242230415344,7.018876203801483e-05,0.9999746084213257,-0.017158949747681618,0.5520817637443542,-0.9997828602790833,0.9999245405197144
364,3,3000.0,1.4074746433692642,0.5210466016921322,0.5203539729118347,0.129228998849252,0.1301952052302983,0.19758342922899885,0.2229478902539499,0.08319907940161105,0.08816147599384694,0.12543153049482164,0.1252863451219372,0.19309551208285386,0.17907074178829258,0.2714614499424626,0.25433834161167507,0.4822026789188385,0.27525150775909424,6.538067827932537e-05,0.9999234676361084,-0.045171260833740234,0.5415863990783691,-0.9999717473983765,0.9996826648712158
365,3,3000.0,1.4159639042240395,0.5027311018550807,0.49912208318710327,0.13450398262128893,0.14010511372006412,0.14871469949312094,0.19370734273810022,0.0832729905865315,0.09904154087069678,0.12101737871107893,0.12006633255624204,0.20999275887038377,0.17698744599792018,0.30249818971759596,0.27009222411697664,0.49741309881210327,0.2822934091091156,0.00024044934252742678,0.999933123588562,-0.03772558644413948,0.5562734007835388,-0.9998943209648132,0.9998359680175781
366,3,3000.0,1.418841505492434,0.5116025300180865,0.510490357875824,0.1428403893514718,0.1456221805253924,0.17415269145068604,0.201354487225622,0.09335053359915563,0.10400198074318076,0.12607013017473906,0.12195338928582893,0.1802509675149525,0.1598236752611005,0.283335287908995,0.2672442869588754,0.49187415838241577,0.2756596505641937,0.0001447103131795302,0.9999915957450867,-0.06135617196559906,0.5546340346336365,-0.9996264576911926,0.9996150732040405
367,3,3000.0,1.4141984319233056,0.48527279884242697,0.4878377318382263,0.1289793239251723,0.13089416029763656,0.17755169018706926,0.20438306503119652,0.09131933048900558,0.09786523245689434,0.1361995405316705,0.13092918322321245,0.20233016081391533,0.1849179961298672,0.26361995405316707,0.2510103628611929,0.48722296953201294,0.27420511841773987,3.341314732097089e-05,0.9998756647109985,-0.05630987882614136,0.5490688681602478,-0.9999656677246094,0.9999117851257324
368,3,3000.0,1.4374240377924472,0.4728591629451427,0.471003919839859,0.13443165575866997,0.13836457768200588,0.14661852102610395,0.16397286403618141,0.08485669149176259,0.09027075569726206,0.13887008199804407,0.13406170996075725,0.20928308132099602,0.19132836348886387,0.2859399684044234,0.28200172913492955,0.4886099398136139,0.2794835567474365,5.3590589232044294e-05,0.9999598860740662,-0.039874304085969925,0.5575804114341736,-0.9999552965164185,0.9995580911636353
369,3,3000.0,1.4452644764186784,0.5013623541754645,0.4956265389919281,0.15802611367127495,0.16872508992864055,0.15610599078341014,0.18143855932647843,0.08362135176651306,0.08849375509055037,0.14564132104454686,0.1368565095074708,0.18548387096774194,0.16818928134456612,0.27112135176651303,0.2562968048022937,0.4876478314399719,0.2767966687679291,3.51812741428148e-05,0.9998795390129089,-0.047266606241464615,0.555223822593689,-0.9999411702156067,0.9995946884155273
370,3,3000.0,1.425057320565501,0.4823100867584435,0.47989460825920105,0.14505862646566164,0.14296423750743747,0.19151312116136238,0.2249665349439967,0.09860413176996091,0.1085441237804657,0.13590173087660526,0.1299536831011955,0.17185929648241205,0.15094433657271428,0.2570630932439978,0.24262708409419034,0.478090763092041,0.2745285928249359,0.00019277157844044268,0.9996814131736755,-0.05205851420760155,0.5436105728149414,-0.9998785853385925,0.9981415271759033
371,3,3000.0,1.426286479446415,0.47396461744815255,0.47291234135627747,0.13470146102525124,0.1346170762052604,0.1629085381302255,0.1982488987937884,0.08470568364158433,0.11056515104595184,0.12971877375221688,0.12188564171306329,0.1753230301494806,0.14766465194297623,0.31264251330124143,0.2870185802989599,0.48567304015159607,0.2787753641605377,0.00014928283053450286,0.9998971223831177,-0.034730907529592514,0.5497128367424011,-0.999902069568634,0.999697208404541
372,3,3000.0,1.4205987658402595,0.4792187865338267,0.46843573451042175,0.1433836642491975,0.14812138380684514,0.17084769944120795,0.20956441822431338,0.09570800142670313,0.11139756120688254,0.13422898585186066,0.11924293056699216,0.16656759006063487,0.14314867371191145,0.2892640589703959,0.2685250324830553,0.48598477244377136,0.27880457043647766,1.6941282865445828e-06,0.9990699887275696,-0.05597822740674019,0.5540574193000793,-0.9994359612464905,0.9996458292007446
373,3,3000.0,1.4040661357409467,0.47237951114332793,0.48220571875572205,0.14040660736975857,0.14015314076799448,0.20533672172808132,0.22892882004871126,0.10381194409148665,0.10075008433645585,0.12109275730622618,0.12023328448087398,0.14891994917407878,0.14262401492879054,0.2804320203303685,0.26731065543717386,0.4836370348930359,0.27348873019218445,0.00026037520729005337,0.9998197555541992,-0.06527413427829742,0.5377576947212219,-0.9994490146636963,0.9999157190322876
374,3,3000.0,1.4452043887824821,0.480165376848131,0.48753461241722107,0.12123183691173281,0.12123718394416584,0.16406419431793537,0.1934111031791085,0.09672522229451312,0.10506658524110056,0.1595098677076556,0.15600338386278143,0.17664281067013662,0.1600645342344707,0.28182606809802646,0.26421720953837297,0.48880401253700256,0.2771924138069153,0.00014326904783956707,0.9999075531959534,-0.04770021140575409,0.5520581603050232,-0.9999974966049194,0.9997365474700928
375,3,3000.0,1.43574103289903,0.45002667280366876,0.4587472677230835,0.1419797318046883,0.14053210854393594,0.15743678984542941,0.17704420940613363,0.10512846760159689,0.11693920583679927,0.1018527996724332,0.10343792324068335,0.17401985873682055,0.15680917902532138,0.31958235233903165,0.3052373739471264,0.4897750914096832,0.2794295847415924,0.00034362523001618683,0.9999217987060547,-0.04707909747958183,0.5489568114280701,-0.9997113943099976,0.9994808435440063
376,3,3000.0,1.442789453125,0.45309247881452613,0.4526869058609009,0.1392,0.13363578182112193,0.19965714285714287,0.21588861648914637,0.1216,0.1263106643864514,0.11142857142857143,0.10489333313344881,0.16434285714285715,0.15808181623201606,0.26377142857142855,0.26118978793781544,0.49172231554985046,0.2768906056880951,2.1562761958193732e-06,0.9997957944869995,-0.07380492240190506,0.5447118878364563,-0.999778151512146,0.9997849464416504
377,3,3000.0,1.4490758261881453,0.4610039636236304,0.4673757255077362,0.13539833391998124,0.1386362374531591,0.19429778247096094,0.22575092469769498,0.11134577026868474,0.12552223513142466,0.11556963510500998,0.11088438965533898,0.1718878329226798,0.15366482947562665,0.2715006453126833,0.24554138358675565,0.4917246997356415,0.27636051177978516,6.689988367725164e-06,0.9999145269393921,-0.07171132415533066,0.547738790512085,-0.9999744892120361,0.9997295141220093
378,3,3000.0,1.434775517861201,0.45983904921336705,0.46380090713500977,0.13544086455913545,0.12995716425626688,0.20008079991920008,0.2645929982485274,0.0912029087970912,0.10524014688592723,0.10574689425310575,0.10198303992433903,0.16604383395616604,0.12940557678228165,0.30148469851530146,0.2688210739026578,0.4937938451766968,0.27831393480300903,2.918691825470887e-05,0.9999085664749146,-0.05605946108698845,0.5559930801391602,-0.9995256066322327,0.999752402305603
379,3,3000.0,1.474669706770153,0.45429060719764036,0.4469904899597168,0.1357559926244622,0.13532961143088015,0.17217271051014135,0.1915712660242193,0.11063306699446834,0.12178081289905357,0.11862323294406883,0.1144790309473754,0.1795482483097726,0.15914898975925185,0.28326674861708667,0.2776902889392197,0.497771292924881,0.28058865666389465,6.044877227395773e-05,0.9999902844429016,-0.05198793113231659,0.5545745491981506,-0.9996334314346313,0.9995276927947998
380,3,3000.0,1.428211062851463,0.45957468220279124,0.46446138620376587,0.1318494765632368,0.12593317879101582,0.22361595774780724,0.2702746079372053,0.1237385645572008,0.13460391505513683,0.10591342072998208,0.09977010357069002,0.17825143827218712,0.15099278985118053,0.23663114212958597,0.21842540479477152,0.495358943939209,0.27450183033943176,0.0004897875478491187,0.9999996423721313,-0.06684219837188721,0.5425447225570679,-0.9996415972709656,0.9997745752334595
381,3,3000.0,1.439088206224802,0.4767019757417659,0.47359800338745117,0.1413280287960595,0.1359508443698942,0.21284455811310032,0.24210727053390285,0.1399071705977077,0.14901965273621334,0.11660509614473809,0.11133165859631551,0.1694610211234252,0.15132280214061505,0.21985412522496922,0.210267771623059,0.49423274397850037,0.2753385603427887,0.00016612077888567,0.999613881111145,-0.07505113631486893,0.5478616952896118,-0.9999880194664001,0.9999973773956299
382,3,3000.0,1.4033179075509397,0.4771401214892785,0.4704752266407013,0.13514870121721673,0.12225346933546474,0.235537708620906,0.28839598795517174,0.13903877525410968,0.16174655157974077,0.10754172418120216,0.10463320831799766,0.1661438072531058,0.139945938083049,0.21658928347345965,0.18302484472857608,0.5002365708351135,0.27209222316741943,0.00010033975559053943,0.9999902248382568,-0.07580757886171341,0.5454991459846497,-0.9998297691345215,0.9987740516662598
383,3,3000.0,1.4327346311646816,0.4823751192229388,0.4835573136806488,0.14164882226980727,0.1382749785528457,0.20160599571734475,0.22582781641833632,0.13586723768736617,0.15062413443763872,0.11295503211991435,0.1099821859425193,0.16349036402569594,0.13970584371197173,0.24443254817987153,0.23558504093668822,0.4965915381908417,0.27909380197525024,7.918183109723032e-05,0.9999973177909851,-0.07547274231910706,0.5445593595504761,-0.9995908737182617,0.9994421005249023
384,3,3000.0,1.3850280336880076,0.4595305071206416,0.4468652606010437,0.12688515081206497,0.1231319922600227,0.2517401392111369,0.2884974634057392,0.1273201856148492,0.13449655154006124,0.1148491879350348,0.10528754365226459,0.14428654292343387,0.13185749500974334,0.23491879350348027,0.216728954132169,0.49970173835754395,0.27279695868492126,3.4592445445014164e-05,0.999211311340332,-0.08941958099603653,0.5400275588035583,-0.9998968243598938,0.9996174573898315
385,3,3000.0,1.410696914285655,0.45863142142773966,0.45799458026885986,0.12953367875647667,0.1269257407402082,0.20074398830875514,0.22728457998162363,0.12036667995217218,0.1324702968749313,0.12860369337053276,0.12244867404715971,0.1590275009964129,0.14330241950355865,0.2617244586156503,0.2475682888525185,0.5028517842292786,0.2805500328540802,2.5213601475115865e-05,0.9999253153800964,-0.055544059723615646,0.5511575937271118,-0.9998064041137695,0.9998956918716431
386,3,3000.0,1.424103641554346,0.4378788350374989,0.4315490424633026,0.12273361227336123,0.13051464263201304,0.16469084146908414,0.2277669568211385,0.11180846118084611,0.11227879334057468,0.1285448628544863,0.1216507441477144,0.1816596931659693,0.13967741213003432,0.2905625290562529,0.26811145092852506,0.5099615454673767,0.28326475620269775,0.00015355819778051227,0.9999456405639648,-0.06645917147397995,0.5522421002388,-0.9999931454658508,0.9989937543869019
387,3,3000.0,1.4294661689410637,0.4869805507972592,0.4873536229133606,0.1312113579116098,0.1305533386198793,0.1976185024043966,0.2424240797866018,0.13727959697732997,0.14738345216742452,0.13281428898557363,0.11982731872423719,0.14288985573620333,0.12036351342237339,0.25818639798488663,0.2394482972794838,0.5044999122619629,0.2777178883552551,0.00016541693184990436,0.9997336864471436,-0.043343450874090195,0.5522258281707764,-0.999943733215332,0.9998488426208496
388,3,3000.0,1.4161662800419903,0.49679387469941594,0.4922294020652771,0.13909520594193112,0.14454542748058158,0.21580013504388926,0.2394595901167542,0.11289669142471304,0.11698264555950637,0.12518568534773802,0.11415792930429142,0.13841998649561107,0.12134425368577735,0.2686022957461175,0.26351015385308907,0.5023747086524963,0.2787763774394989,8.35259270388633e-05,0.9999176859855652,-0.044939685612916946,0.5566654801368713,-0.999945342540741,0.9991971254348755
389,3,3000.0,1.4108239178731408,0.47813668756581523,0.4697655737400055,0.16000520765525322,0.15375812927190674,0.23330295534435622,0.26565280737911995,0.12888946751725036,0.13271690873678674,0.10389272230178362,0.09919501811960525,0.13461788829579482,0.12283885855468274,0.23929175888556178,0.2258382779378986,0.4978560507297516,0.2780527174472809,0.00015809301112312824,0.9999572038650513,-0.0598793625831604,0.5531352162361145,-0.9999139308929443,0.9999372959136963
390,3,3000.0,1.4013486851080472,0.4532921318502559,0.44522589445114136,0.15110593713620488,0.14826232580667392,0.23841676367869616,0.2698311431266841,0.14342258440046565,0.1529878783324755,0.09580908032596042,0.09439748451985232,0.11641443538998836,0.1023326225626118,0.2548311990686845,0.23218854565170233,0.5050069689750671,0.27727851271629333,3.050620944122784e-05,0.9998361468315125,-0.04668612405657768,0.5560476779937744,-0.9997941255569458,0.9991387128829956
391,3,3000.0,1.3933403338056796,0.47022964197193856,0.47010791301727295,0.14215476699444207,0.13905769972272247,0.18989596693743765,0.25202719386721023,0.10773834972210346,0.1342328831325518,0.08507909362975631,0.07933804841914856,0.13160894969360126,0.10624010479736054,0.34352287302265927,0.2891040700610064,0.49395135045051575,0.2801133692264557,8.276112930616364e-05,0.9999479651451111,-0.02653447538614273,0.5616909861564636,-0.9999459981918335,0.9998546838760376
392,3,3000.0,1.4032545857622525,0.47410724787497727,0.48139864206314087,0.12830629840713137,0.12708400691200078,0.17309659506064592,0.19871259730490792,0.1182230016074821,0.13411775776760718,0.09330702908081251,0.09188415403231928,0.12604120999561597,0.1085455427916105,0.36102586584831214,0.33965594119155434,0.4992765188217163,0.2835657000541687,0.00015771578182466328,0.9998812079429626,-0.027249164879322052,0.5611667633056641,-0.999894917011261,0.9999536275863647
393,3,3000.0,1.3722279776208894,0.4780972960127375,0.4763357639312744,0.13529221827575072,0.13081169447719113,0.2340975137229577,0.27210738951523744,0.11559573781078462,0.12470085850508741,0.08701969648046497,0.08307608463685895,0.09896674200839523,0.08763440030687966,0.32902809170164676,0.30166957255874544,0.4901362359523773,0.28187018632888794,4.604535934049636e-05,0.9999589920043945,-0.041418660432100296,0.551939845085144,-0.9997411370277405,0.9998996257781982
394,3,3000.0,1.3696875428355229,0.43916829890735387,0.439653605222702,0.11950586339629397,0.118727756605434,0.17160504878703786,0.23752551901062588,0.1198639333989795,0.1179433756761092,0.10751051830632889,0.09911517147962338,0.0998120132485901,0.08276648989503162,0.3817026228627697,0.3439216873331759,0.48929059505462646,0.2809838652610779,5.274602153804153e-05,0.9999330043792725,-0.038880955427885056,0.5530920624732971,-0.9999985694885254,0.9995609521865845
395,3,3000.0,1.3868444438648555,0.43119753249886766,0.43288108706474304,0.13237969240945924,0.13742937019917723,0.18794443525715232,0.19805541752575104,0.12171324623780387,0.12591563496418684,0.10517612039027617,0.10341317696372872,0.09376550355548206,0.08832754789430287,0.35902100214982635,0.3468588524528533,0.4861584007740021,0.2789868414402008,1.1348984116921201e-05,0.9998967051506042,-0.04623664915561676,0.5539311766624451,-0.9992953538894653,0.9997113943099976
396,3,3000.0,1.3685880031706263,0.43715644467391696,0.4385037124156952,0.13935276912916314,0.13782069068785444,0.1952070950089631,0.2266478052096988,0.12170959524483442,0.13654404319777763,0.10255684498537598,0.09810833898223886,0.08680064156995942,0.08215925982862507,0.35437305406170394,0.3187198620938052,0.48722103238105774,0.2810162603855133,1.606699515832588e-05,0.9999591112136841,-0.043277911841869354,0.5522401332855225,-0.9994269013404846,0.999869704246521
397,3,3000.0,1.3289454938671004,0.4324559997199755,0.42838054895401,0.13453209082556766,0.1312822714107846,0.22877017981362383,0.2512456152698492,0.13531959574747343,0.12838079848376155,0.09646935293345583,0.09635817831170863,0.07756923480771755,0.07603877419505625,0.3273395458721617,0.31669436232883974,0.4782741963863373,0.2752974033355713,2.9984097636770457e-05,0.9998663663864136,-0.05101156607270241,0.5452122092247009,-0.999972403049469,0.9999203681945801
398,3,3000.0,1.3250597135288509,0.4310133074810397,0.4321473240852356,0.13245844269466317,0.12693376424506075,0.1952755905511811,0.2371579760150188,0.11714785651793526,0.12435124846748674,0.09623797025371829,0.08785157082884444,0.07699037620297462,0.06791789682518054,0.38188976377952755,0.35578754361840875,0.48039790987968445,0.27685514092445374,8.499808609485626e-05,0.9999396800994873,-0.04066997393965721,0.5566421747207642,-0.9998617172241211,0.9995613098144531
399,3,3000.0,1.2818251768916877,0.4357313707103044,0.4353616237640381,0.12082890541976621,0.11322675648985837,0.20106269925611053,0.2548225783525398,0.12359192348565357,0.13144905906643328,0.09160467587672688,0.08420159026520145,0.07247608926673751,0.05841454214888568,0.3904357066950053,0.3578854736770814,0.47724485397338867,0.27925071120262146,1.066114600689616e-05,0.9996687173843384,-0.04688321426510811,0.5508881211280823,-0.9994204640388489,0.9987843036651611
400,3,3000.0,1.3257717055110765,0.45034735532977405,0.44441261887550354,0.1380181528960419,0.13327348252971655,0.18957612052025827,0.2521400458675808,0.13764386637971368,0.12803435564917032,0.0998409282305605,0.08932623751795192,0.07345372882941892,0.06331519970583616,0.3614672031440067,0.3339106787297443,0.48093104362487793,0.2782812714576721,7.635626388946548e-05,0.9997872710227966,-0.03327898681163788,0.5501587986946106,-0.9999513626098633,0.9996367692947388
401,3,3000.0,1.3310179649793041,0.42346657320579384,0.4253416061401367,0.14039589442815248,0.13698157587236617,0.18499511241446726,0.2459052974118792,0.145405669599218,0.14455659361866208,0.09836265884652981,0.09153540706031599,0.0680596285434995,0.05381091813394596,0.36278103616813295,0.3272102079028306,0.47697821259498596,0.2784966826438904,0.00020174057863187045,0.9996975064277649,-0.05856656655669212,0.5516489148139954,-0.9999420642852783,0.9998011589050293
402,3,3000.0,1.2723678242700924,0.4050565802074948,0.400551974773407,0.11343176089305006,0.10763793984512902,0.24000720201656464,0.3019407637044594,0.1317969031328772,0.12903286953520146,0.07742167806985956,0.06765141064053043,0.07544112351458408,0.06634378810855557,0.36190133237306443,0.32739322816612415,0.4711237847805023,0.27522701025009155,0.0005353190936148167,0.9998829364776611,-0.0647747665643692,0.540971577167511,-0.9994723200798035,0.9991728067398071
403,3,3000.0,1.3457152265843337,0.4158321138135516,0.414104700088501,0.12835365853658537,0.1258176906517744,0.1861788617886179,0.2087908910009998,0.11605691056910569,0.12985053700121665,0.09349593495934959,0.08272629875281941,0.09928861788617886,0.08260845597281301,0.3766260162601626,0.3702061266203768,0.4861220419406891,0.2805987596511841,0.00015350083413068205,0.9999502301216125,-0.035918738692998886,0.5556862950325012,-0.999834418296814,0.999849796295166
404,3,3000.0,1.3411704956136719,0.36025023650717014,0.36136242747306824,0.13432390054506085,0.12812676584491453,0.19338460389755843,0.23164706712245056,0.0813111326812514,0.08668218180843441,0.10064959307100724,0.0935690546129483,0.09967893675800792,0.0875399859800129,0.39065183304711415,0.3724349446312393,0.47858431935310364,0.27957963943481445,2.231219332315959e-05,0.9998738765716553,-0.041924603283405304,0.5544904470443726,-0.999802827835083,0.9999305009841919
405,3,3000.0,1.356673265325612,0.36585149276588835,0.36441028118133545,0.14796605603448276,0.13928993246648713,0.1794854525862069,0.22606468245806643,0.07543103448275862,0.08034796214737597,0.09577047413793104,0.0930447533888679,0.11018318965517242,0.09913892443064996,0.3911637931034483,0.3621137451085526,0.4830182194709778,0.2811698019504547,6.212019798113033e-05,0.9998614192008972,-0.035891853272914886,0.5582207441329956,-0.999836266040802,0.9992085695266724
406,3,3000.0,1.3438576309205426,0.38219986594444566,0.3812841773033142,0.1593649692027414,0.1646570664367782,0.1693415459356294,0.18953719218762957,0.07625574737572656,0.08517111092003557,0.08085364795697059,0.07728668306992044,0.10497093779821288,0.09394389939008414,0.4092131517307192,0.3894040479955521,0.4802357852458954,0.27941009402275085,1.4512958159684786e-06,0.9999899864196777,-0.03788604214787483,0.556570291519165,-0.9995410442352295,0.9999644756317139
407,3,3000.0,1.3019353651591634,0.44839304439452937,0.4453386962413788,0.153658765108217,0.15238730531616754,0.18017427152628127,0.21173053598325955,0.06493019769511853,0.06496246912601998,0.08788531809238265,0.08382770425919309,0.1056872481963834,0.09526037306650624,0.4076641993816172,0.3918316122488536,0.47300592064857483,0.27432888746261597,0.0001262451260117814,0.9998166561126709,-0.038972921669483185,0.5476652383804321,-0.9998779892921448,0.9997856616973877
408,3,3000.0,1.3401185771196091,0.41028543964730607,0.41380929946899414,0.1479858548585486,0.1430883108627228,0.1354551045510455,0.1789900645271058,0.068650061500615,0.06868211388974149,0.08625461254612546,0.08436963129901348,0.129920049200492,0.11627067742567787,0.4317343173431734,0.4085992019957385,0.47683706879615784,0.27906516194343567,2.9145343432901427e-05,0.9997463822364807,-0.031834203749895096,0.5524649620056152,-0.9998317956924438,0.999658465385437
409,3,3000.0,1.3089493121737075,0.4148343108567396,0.4168590009212494,0.13080487016485293,0.12318604939012986,0.16291347915095356,0.21212829260055271,0.08091800452537443,0.08201271869496998,0.09503286283805625,0.09560778677666991,0.09858851416873182,0.0831693694042606,0.431742269152031,0.40389578313341695,0.4688447117805481,0.2769118845462799,9.377451351610944e-05,0.9999187588691711,-0.04198148474097252,0.5525151491165161,-0.9994686841964722,0.9998408555984497
410,3,3000.0,1.306155243551996,0.39409542750070087,0.3987751305103302,0.12055118775889763,0.11581329334544109,0.16637078366725844,0.19518706331123065,0.07912756784174486,0.08138733790227713,0.09147011581705977,0.0857350638386527,0.10448896779102207,0.09590606272522187,0.43799137712401726,0.42597117887717656,0.47131019830703735,0.27519872784614563,9.982609481085092e-05,0.9995563626289368,-0.04167872294783592,0.5532739758491516,-0.9999925494194031,0.999645471572876
411,3,3000.0,1.2848076284447045,0.3796438938781643,0.37895023822784424,0.10890690972454929,0.10595729582433677,0.1284766436565914,0.14843207266758582,0.07479391461698277,0.07631075156456318,0.10381341733127807,0.10076186623421961,0.09744655183968903,0.09160283187926557,0.4865625628309095,0.4769351818300291,0.47954514622688293,0.28044426441192627,7.540894148405641e-05,0.9999316930770874,-0.032651387155056,0.5566486120223999,-0.9998963475227356,0.9999756813049316
412,3,3000.0,1.2492421225420116,0.3892831048917284,0.3946440517902374,0.09991580129104687,0.09905139539950615,0.14921882308915707,0.1767720665960363,0.07774347460005614,0.07503479936256131,0.1000093554121059,0.1003099990403957,0.08522780428477875,0.07934390832068301,0.48788474132285525,0.4694878312808175,0.4751553535461426,0.27837395668029785,0.00019327749032527208,0.9998708963394165,-0.054218873381614685,0.5540524125099182,-0.9998045563697815,0.9993854761123657
413,3,3000.0,1.2951400071300803,0.3975218256370207,0.40381094813346863,0.11031427968782957,0.10489611517251969,0.1709554946213879,0.22094733430955188,0.08247205230963932,0.08040490800827169,0.11221261337270617,0.10878097888516251,0.08616325669689939,0.07738765136357811,0.43788230331153766,0.40758301226091614,0.4699733853340149,0.27731722593307495,2.847925316018518e-05,0.9998527765274048,-0.05537295714020729,0.5502292513847351,-0.9999711513519287,0.9996045827865601
414,3,3000.0,1.381855085509258,0.4071476011717606,0.4069127142429352,0.12273040680303378,0.11859555391277388,0.1801884624224316,0.19076476403683854,0.0877959089864399,0.08554576415083556,0.13169386347965986,0.12425302092022829,0.09813835899793151,0.09706945294758261,0.37945299931050336,0.3837714440317411,0.4762881100177765,0.2788555324077606,8.499453542754054e-05,0.9999240636825562,-0.058278247714042664,0.5572820901870728,-0.9997434616088867,0.9990288019180298
415,3,3000.0,1.2936832619449807,0.4276716451923395,0.4194280505180359,0.09994059994059994,0.09747390865350944,0.20270270270270271,0.2436692350562012,0.08241758241758242,0.08013996416260358,0.10647460647460648,0.10227950526390249,0.10216810216810217,0.09096178342141925,0.4062964062964063,0.38547560344236403,0.4735049903392792,0.27542179822921753,0.00037491830880753696,0.999911904335022,-0.06718404591083527,0.5473376512527466,-0.999354898929596,0.9996805191040039
416,3,3000.0,1.2697678511409822,0.44644090973729744,0.43758174777030945,0.08817265369870794,0.08409972682001506,0.21652704813289791,0.2747860402673669,0.08476501490841971,0.0890613326600875,0.0907283827914241,0.08371387189615889,0.10734062189407922,0.09244296676638353,0.4124662785744711,0.3758960615899881,0.4726077616214752,0.27422529458999634,0.0002766027464531362,0.9996828436851501,-0.07191023975610733,0.5427391529083252,-0.9999706745147705,0.9998084306716919
417,3,3000.0,1.2916010886260467,0.3545975374815098,0.35544949769973755,0.07012600767003209,0.06661831772404109,0.1343820928230414,0.1959702308023435,0.08194411833763794,0.0909682305251446,0.09031854112859043,0.08651651751035594,0.14447835955232058,0.12088726227474848,0.47875088048837755,0.4390394411633664,0.48251742124557495,0.28051328659057617,3.844568823296868e-07,0.9997638463973999,-0.048248134553432465,0.5595663785934448,-0.9991723299026489,0.9998191595077515
418,3,3000.0,1.2649644309539687,0.36154196589619875,0.3658984303474426,0.06993287245766958,0.06896828162944423,0.1546939184450456,0.20548640469574297,0.09117322913535718,0.08324459511653004,0.09197475202885483,0.09193402489752514,0.1075042580903717,0.0885444335515737,0.48472096984270113,0.4618222601091839,0.47322651743888855,0.2811128497123718,0.00010761814337456599,0.9998098611831665,-0.04554632678627968,0.5591117143630981,-0.9998641014099121,0.9999964237213135
419,3,3000.0,1.3283480348214656,0.3354291045578526,0.3361571133136749,0.06362862815543159,0.06494620832958797,0.17764961709369387,0.21716477649680146,0.09662475181998677,0.09579922090731242,0.0991774605275598,0.09145266464312218,0.12281365226434716,0.11161628967714074,0.4401058901389808,0.41902083994603523,0.4815819561481476,0.27701234817504883,7.392283441731706e-05,0.9999119639396667,-0.028818080201745033,0.5591922402381897,-0.9999396800994873,0.9998009204864502
420,3,3000.0,1.2956121890209058,0.3734238239782133,0.37327781319618225,0.06034675199047548,0.05519714561134058,0.16325619465734056,0.20263666934474464,0.09561723342510603,0.09571123722795478,0.09732867028796785,0.0894024970364848,0.11221072996502716,0.10159447148486173,0.47124041967408287,0.45545797929461346,0.4911251962184906,0.2824915945529938,3.8295511330943555e-05,0.9998644590377808,-0.0024395252112299204,0.5597027540206909,-0.999983549118042,0.9999150037765503
421,3,3000.0,1.3485245597501456,0.35044944267110006,0.3457047939300537,0.06769230769230769,0.06717317886745364,0.18442890442890442,0.24587118199708852,0.1006993006993007,0.10176707723273912,0.10806526806526806,0.09728701936921393,0.11794871794871795,0.10102334251495394,0.42116550116550117,0.38687820001855083,0.49158892035484314,0.28233176469802856,1.0251288813378778e-06,0.9999396204948425,-0.02320602536201477,0.5618330240249634,-0.9998525381088257,0.9993548393249512
422,3,3000.0,1.294809806657995,0.3839094138317302,0.3821059763431549,0.06553433445108617,0.06411317062200098,0.16438256305583904,0.20486630548765553,0.0882781746610293,0.08972299112005229,0.10482577635223793,0.10043779547744887,0.10373232249599067,0.09388565343700189,0.47324682898381687,0.4469740838558404,0.48659026622772217,0.28282448649406433,0.00015296495985239744,0.9999036192893982,-0.010329551994800568,0.5657063722610474,-0.999672532081604,0.9999665021896362
423,3,3000.0,1.3388564307536555,0.3779440404901418,0.37403011322021484,0.08055045871559632,0.08005022962025668,0.18614678899082568,0.21489231270027384,0.1018348623853211,0.09932143563256424,0.09596330275229357,0.09054094821286236,0.1189908256880734,0.1096893635277786,0.41651376146788993,0.40550571030626426,0.4960764944553375,0.27991560101509094,0.0001061496659531258,0.9999256134033203,-0.019330566748976707,0.5641433596611023,-0.9994729161262512,0.9999920129776001
424,3,3000.0,1.3078982527736072,0.3844792853194271,0.3899172842502594,0.060453887011105746,0.05860989288393842,0.19159826170931918,0.22068925021433156,0.12592950265572186,0.11634428067528123,0.10526315789473684,0.09798658208690274,0.09550941574118783,0.08869131644964087,0.42124577498792853,0.4176786776899052,0.4872468411922455,0.28061333298683167,1.729499490465969e-05,0.9998582005500793,-0.01991543173789978,0.5596475601196289,-0.9997420310974121,0.9997663497924805
425,3,3000.0,1.344804775521634,0.38351834541417157,0.3768872916698456,0.09204397242407304,0.08461407468104658,0.16526923793553194,0.22725989514242184,0.10694987888950996,0.11752912505136195,0.09586361095584126,0.08267862839294819,0.10014905906465436,0.09003640864177062,0.4397242407303894,0.39788186809045084,0.49182650446891785,0.2831847369670868,9.645878890296444e-05,0.9999797344207764,-0.01663227006793022,0.5621630549430847,-0.9996229410171509,0.999611496925354
426,3,3000.0,1.3702076691052048,0.4030766963110443,0.39839890599250793,0.08152594887683966,0.07944494927263575,0.18009295120061966,0.21454800416209602,0.107571649883811,0.10579993892317115,0.09953524399690163,0.09582381432632768,0.11125096824167312,0.10183242664417498,0.42002323780015494,0.40255086667159445,0.49359065294265747,0.28441375494003296,0.00023712965776212513,0.9998583197593689,-0.028811022639274597,0.563856840133667,-0.9999070167541504,0.9998974800109863
427,3,3000.0,1.446009288269148,0.40134759517183094,0.40157386660575867,0.10453241537578888,0.10191005035275787,0.20504876649454962,0.24303624262954002,0.1389558232931727,0.14505001966387152,0.11371199082042456,0.10099889034497905,0.10074584050487664,0.08902036307405357,0.3370051635111876,0.319984433934798,0.48557713627815247,0.2820351719856262,0.0003765689325518906,0.9993190765380859,-0.04194078966975212,0.5629076361656189,-0.9996969103813171,0.9999823570251465
428,3,3000.0,1.4282071004276085,0.4056665529274117,0.4122624397277832,0.08058807514293494,0.07707501278807216,0.2408113258916417,0.2653875166083218,0.139531717941737,0.1411583077926117,0.09978219439150558,0.08686727037133694,0.11843179961884019,0.11205593007984718,0.3208548870133406,0.31745596235981016,0.4907536208629608,0.28263676166534424,0.00013749030767939985,0.9999629855155945,-0.04486029967665672,0.5634349584579468,-0.9999489188194275,0.9997649192810059
429,3,3000.0,1.453568442865502,0.38334414336866934,0.3883586525917053,0.08503356588126892,0.08077447711337923,0.2215348163748848,0.2552627698023778,0.16124786099776228,0.1534969955933445,0.1203106489403712,0.1106438805063387,0.11965249440568645,0.11142340465940297,0.2922206134000263,0.2883984723251568,0.47792181372642517,0.27812403440475464,1.529701694380492e-05,0.9999445080757141,-0.04316804185509682,0.5578985810279846,-0.9992913007736206,0.9998973608016968
430,3,3000.0,1.5197714653056038,0.36965152925011696,0.3655165433883667,0.10644312311141436,0.0997961494147576,0.16580563407739546,0.19558505697446074,0.16268642167852618,0.15364732008190485,0.14231406569841115,0.12616271940001728,0.13510088702602593,0.13372276393918459,0.2876498684082269,0.29108599018967496,0.49009281396865845,0.28556501865386963,0.00011336402531014755,0.9999944567680359,-0.015169408172369003,0.560721755027771,-0.9997445344924927,0.9988957643508911
431,3,3000.0,1.4293490546002714,0.34571945222086925,0.344835102558136,0.10153154118025061,0.09887598473939116,0.1431937453143408,0.15808324886381142,0.15315411802506157,0.15223049418261228,0.11256292170932848,0.10472196654947931,0.10677947949020028,0.10476392335107161,0.3827781942808183,0.3813243823136342,0.48919448256492615,0.28334179520606995,0.00016173488984350115,0.9999001026153564,-0.00044187161256559193,0.5620149970054626,-0.9997376799583435,0.9993338584899902
432,3,3000.0,1.4195063625120152,0.32963961535341124,0.33571672439575195,0.1131171291652736,0.1067863181801613,0.15490917196032541,0.1920553147375986,0.14944834503510532,0.14700677843182566,0.08347264014265017,0.07901168044624673,0.11334002006018054,0.10320719465790498,0.38571269363646493,0.3719327135462627,0.49423062801361084,0.2837071418762207,1.203700048790779e-05,0.9997800588607788,-0.003101193346083164,0.5541287660598755,-0.9989979863166809,0.9999455213546753
433,3,3000.0,1.356398764395907,0.36003443933589196,0.3606060743331909,0.09761388286334056,0.09272195877769844,0.16314647790843703,0.18375746742893248,0.1660006850097043,0.16686899908280062,0.06564676332914716,0.06265121827725463,0.09978308026030369,0.09895268756098768,0.4078091106290672,0.3950476688723262,0.49390068650245667,0.2813546061515808,0.00010175377974519506,0.9999539256095886,0.002127974759787321,0.5607271194458008,-0.9994939565658569,0.9997537136077881
434,3,3000.0,1.3285233412331683,0.3896989700005054,0.38583093881607056,0.113925370022931,0.1072459518149051,0.14561184073379196,0.17666249289661795,0.13518865957890347,0.14120268100974298,0.062122159683135295,0.05740466527501262,0.09829059829059829,0.09373585223451136,0.44486137169064,0.42374835676921,0.49176284670829773,0.28285789489746094,0.0002780553186312318,0.9999392628669739,0.0036993958055973053,0.5627049207687378,-0.9992774128913879,0.9995049238204956
435,3,3000.0,1.3585003038570702,0.4012361259915072,0.3974810540676117,0.11256335022672713,0.10787928346835121,0.1877834089090424,0.19872343888061408,0.13443584955988264,0.13464722647694,0.05988263536943185,0.0583316321424054,0.0940250733528941,0.09228608450845621,0.4113096825820219,0.4081323345232331,0.48591676354408264,0.2805914580821991,0.00018685884424485266,0.9999396204948425,0.0014652995159849524,0.5562946796417236,-0.9995511770248413,0.9992680549621582
436,3,3000.0,1.3206201676322893,0.3945757132617858,0.3846447169780731,0.1156335573811302,0.1092795808109894,0.1650485436893204,0.19637229094263847,0.13766492407269107,0.14754370087657204,0.062111028130445604,0.05616786412672066,0.08712969878018421,0.0835139014602739,0.4324122479462285,0.40712266178280554,0.49305087327957153,0.2822202444076538,0.00024594840942882,0.999837338924408,-0.006820989307016134,0.553383469581604,-0.9992045760154724,0.9997081756591797
437,3,3000.0,1.3186493629193137,0.37095806080188,0.37258607149124146,0.11290155975622353,0.10239706540268914,0.13428364838343146,0.1954130947396908,0.1382088627207933,0.13436521534521642,0.061667183142237375,0.05246923233506035,0.09306889784113212,0.07771581791359362,0.4598698481561822,0.43763957426374966,0.49829819798469543,0.28377529978752136,9.013058297568932e-05,0.9999666810035706,0.01118753757327795,0.56697678565979,-0.9999991655349731,0.9999493360519409
438,3,3000.0,1.3201435814864708,0.38017025548196004,0.38793644309043884,0.10270325619496211,0.09857544971410932,0.16731517509727625,0.2181564189535565,0.12287528158918698,0.1328661613160413,0.059696907638746674,0.0581578002183209,0.08703665779234078,0.07851939010040841,0.4603727216874872,0.4137247796975636,0.5008511543273926,0.2853854298591614,1.1883162187587004e-05,0.9999107122421265,0.005743863061070442,0.5621645450592041,-0.9989895224571228,0.9999455213546753
439,3,3000.0,1.2761000157289282,0.3795608391535244,0.3719032406806946,0.0896867400944071,0.08586390790134123,0.16649978543842084,0.20951500797211314,0.1363181233013875,0.13187307420643754,0.05721642111285939,0.05156505589888969,0.08139035903304248,0.07676064265138072,0.4688885710198827,0.4444223113698377,0.4955097734928131,0.2820819616317749,3.978555469075218e-05,0.9997900724411011,-0.0016795373521745205,0.5608367323875427,-0.9998509883880615,0.999596118927002
440,3,3000.0,1.2550926770373223,0.35542523177372537,0.35254141688346863,0.07800290436346034,0.07194038385737328,0.1217066592905055,0.17703142240589628,0.10656247839015283,0.11694245100969619,0.05891708733835834,0.05788134878310201,0.11008920544913907,0.09485582246169035,0.5247216651683839,0.48134857148224186,0.49423983693122864,0.28373029828071594,1.1441068636486307e-05,0.9999986290931702,0.012045225128531456,0.5570109486579895,-0.9998241662979126,0.999995231628418
441,3,3000.0,1.2336405683283187,0.402679443359375,0.4059078097343445,0.07430825090772505,0.07220670363255609,0.11118066858645298,0.14558686486935277,0.09916113684737698,0.10884883076643821,0.04407161637661199,0.04277165854515746,0.13528233379241267,0.11971892186660144,0.5359959934894203,0.5108670203198941,0.4946138262748718,0.2873501777648926,2.862726614694111e-05,0.9999208450317383,0.02589840441942215,0.5643543004989624,-0.9998921751976013,0.9999960660934448
442,3,3000.0,1.2611781819485417,0.4127115140166809,0.41003262996673584,0.07588474517608376,0.07663491356342388,0.1434628363762222,0.17669553383323083,0.099593320065761,0.11121152870433275,0.04940728562775807,0.045548937357726964,0.1267630007787488,0.11341379903061735,0.5048888119754261,0.4764952875106682,0.5029958486557007,0.2852559983730316,1.347237775917165e-05,0.9999809861183167,0.029927683994174004,0.5673310160636902,-0.9999608397483826,0.9998183250427246
443,3,3000.0,1.3126641213867534,0.4100673402493068,0.41673436760902405,0.0831343415583267,0.08336552044810618,0.1327496241266472,0.15509835788159107,0.10736711771469001,0.1130415905704417,0.051560979923940924,0.052720786065139705,0.13832139382683292,0.1276107564679327,0.4868665428495622,0.4681629885667886,0.5039826035499573,0.28231245279312134,0.0001170555769931525,0.9999711513519287,0.028259385377168655,0.5659891366958618,-0.9997555017471313,0.9998846054077148
444,3,3000.0,1.3398659699472564,0.3822553423210509,0.39124855399131775,0.07867991321228732,0.07361679681021745,0.1439990864451296,0.180350641895162,0.11465113623387005,0.1228990560264774,0.06257850862167409,0.06151413034963373,0.1459403905447071,0.12802787244110372,0.45415096494233187,0.4335915024774057,0.5024002194404602,0.2886000871658325,0.00027291683363728225,0.9999934434890747,0.05391395464539528,0.5561381578445435,-0.9995571970939636,0.9993464946746826
445,3,3000.0,1.434790045782319,0.3253843220616047,0.3225494921207428,0.07502359232463039,0.07458474071370866,0.17851525636992766,0.2160792318504467,0.1300723497955332,0.13389938705630727,0.09138093740169864,0.082875502644482,0.1637307329348852,0.1478270912730033,0.36127713117332494,0.3447340464620521,0.5055176019668579,0.28704914450645447,4.0938914025900885e-05,0.999898374080658,0.05221398174762726,0.5603143572807312,-0.9985465407371521,0.9997972249984741
446,3,3000.0,1.4908076527976282,0.2927898780499842,0.3004421889781952,0.08442521631644005,0.07560002931016924,0.18566131025957971,0.22985337095063307,0.11718170580964153,0.1331782952976418,0.11087762669962917,0.10456329383709458,0.20185414091470952,0.17118789788270905,0.3,0.2856171127217523,0.5043071508407593,0.2801664471626282,0.00010421714250696823,0.999733030796051,0.036277804523706436,0.5577366352081299,-0.999471127986908,0.9999817609786987
447,3,3000.0,1.5190258557313732,0.27982752552772744,0.27471649646759033,0.08456891817682592,0.08348375396098691,0.1437985408331372,0.15056541513591892,0.12473523181925159,0.13173742866911042,0.11571350121597239,0.11075253539171234,0.21291284223738918,0.208209809479564,0.3182709657174237,0.3152510573627074,0.5053322315216064,0.2863587439060211,4.4917152990819886e-05,0.9999979734420776,0.03996982052922249,0.5621263384819031,-0.9997392296791077,0.9999438524246216
448,3,3000.0,1.5129201682034101,0.33232411233752335,0.3297860324382782,0.08739904856731939,0.07887552160138964,0.1705940922668437,0.21121027825254732,0.16572629715676512,0.1832248462370396,0.15930965814802522,0.13808942900668542,0.16727514105542649,0.13423981045879632,0.2496957628056201,0.25436011444354173,0.5060216784477234,0.2843568027019501,3.016189111804124e-05,0.9998918175697327,0.025116702541708946,0.5576449036598206,-0.9998407363891602,0.9999842643737793
449,3,3000.0,1.5364759665256542,0.32758663296490603,0.32842621207237244,0.10020572604148809,0.09295655506750022,0.1594376821532659,0.19475242395948103,0.13415052288702212,0.14088156480170375,0.15798045602605862,0.14965698362926663,0.17306703240185153,0.15113583106082673,0.2751585804903137,0.27061664148122166,0.5069546103477478,0.285174161195755,3.229320645914413e-05,0.9999868869781494,0.05707208812236786,0.5573059916496277,-0.9992278814315796,0.9999548196792603
450,3,3000.0,1.5150418567553472,0.3458420619054322,0.34156492352485657,0.10482551799345692,0.09867731108299721,0.17093784078516902,0.2181744085220705,0.14558342420937842,0.15305583440863818,0.14558342420937842,0.1321571431606469,0.15635223555070885,0.1367217348340288,0.2767175572519084,0.26121356799161843,0.5055928826332092,0.28877970576286316,0.00014879585069138557,0.9999919533729553,0.05279150232672691,0.5558937788009644,-0.9993113279342651,0.9996912479400635
451,3,3000.0,1.5228891948657135,0.3833206771662721,0.3798905611038208,0.10248530197755211,0.10150192315355674,0.22675040085515766,0.24395462479378666,0.13375200427578834,0.13100080104659215,0.13174772848743987,0.12768309267255834,0.15927311598075894,0.15053051598722328,0.24599144842330303,0.24532904234628283,0.5071864128112793,0.28583967685699463,3.7543330108746886e-05,0.9999938011169434,0.05742599070072174,0.5569014549255371,-0.9992848038673401,0.9996815919876099
452,3,3000.0,1.5442425537109374,0.39216486116671795,0.39216017723083496,0.09383333333333334,0.08916424539611376,0.21483333333333332,0.24757185367938536,0.13683333333333333,0.13952931059627086,0.1435,0.13747291111175028,0.175,0.15686830566951204,0.236,0.2293933735469677,0.49980318546295166,0.2862066626548767,4.242201248416677e-05,0.9992033243179321,0.06707292050123215,0.5548267364501953,-0.9992314577102661,0.9992794990539551
453,3,3000.0,1.529272407479051,0.3921644574432478,0.39435648918151855,0.09903991915108641,0.08509714919114371,0.16540340239178036,0.22013321074074182,0.1800572679804615,0.2052951163269373,0.14030655213070575,0.12513981787987602,0.20532255347818765,0.1593172684029107,0.20987030486777833,0.20501743745839046,0.5102531909942627,0.28557705879211426,1.492211868026061e-05,0.9998576641082764,0.06686162203550339,0.5576280355453491,-0.9977089166641235,0.9995388984680176
454,3,3000.0,1.5482294845661246,0.37441998738733506,0.36988508701324463,0.09890687408030271,0.09442102444928144,0.1582930418330881,0.2126820498318195,0.1508303552659239,0.15221156683631,0.1392684464998949,0.13208969549591484,0.22892579356737439,0.1906012499549015,0.22377548875341602,0.21799441343177275,0.5060908198356628,0.28686267137527466,3.108817327301949e-05,0.9999940395355225,0.05785676836967468,0.5574780702590942,-0.9970617294311523,0.999971866607666
455,3,3000.0,1.5601445613198845,0.3691159974417998,0.36480650305747986,0.10768855656697009,0.10198011183428467,0.15295838751625487,0.1758638922732931,0.1440182054616385,0.1508432264452389,0.13572821846553967,0.13259741801477853,0.2222041612483745,0.20029370390437345,0.23740247074122237,0.23842164752803136,0.5055913329124451,0.2855641841888428,1.852073000918608e-05,0.9999790191650391,0.06165188178420067,0.5587029457092285,-0.9995691180229187,0.9999618530273438
456,3,3000.0,1.5355668796422988,0.38645662349874643,0.3816891312599182,0.12048475371383893,0.11976767061811909,0.15465207193119623,0.16467130051545123,0.12572322126661453,0.1292969560781068,0.11266614542611415,0.11114473914590413,0.23010164190774043,0.22127505235888076,0.2563721657544957,0.25384428128353803,0.5003952383995056,0.28546836972236633,0.00011574128438951448,0.9999256134033203,0.06148695945739746,0.5542481541633606,-0.9993852972984314,0.9999173879623413
457,3,3000.0,1.5318272671544928,0.4126403556269978,0.41479355096817017,0.11910308677926616,0.11827679359662976,0.17744127353911862,0.19499009958394878,0.1258008153756552,0.135833971488352,0.10803727431566686,0.10547782985464701,0.20374684527276257,0.18902668970270958,0.2658707047175306,0.25639461577371286,0.49894580245018005,0.28363823890686035,0.00029609983903355896,0.9998267889022827,0.07216919958591461,0.555691123008728,-0.9997685551643372,0.9998661279678345
458,3,3000.0,1.5297088223845166,0.420816208577768,0.420134574174881,0.11742516427354588,0.11047412176150696,0.1880019469457289,0.21543010420086683,0.13081041615964956,0.13407004853283067,0.11925042589437819,0.11655554308654785,0.16901922608907277,0.1539115698043192,0.2754928206376247,0.2695586126139285,0.501639187335968,0.28496894240379333,6.683413812424988e-05,0.9999411106109619,0.05890711024403572,0.5576925873756409,-0.9984614253044128,0.9998922348022461
459,3,3000.0,1.5005632811308343,0.42346248564192485,0.4209458529949188,0.09548505186089079,0.09113579303583995,0.19066503965832826,0.21884336737551702,0.137431360585723,0.13140083202226785,0.11333129957291031,0.10966676948366945,0.1720561317876754,0.15373047469953743,0.2910311165344722,0.2952227633831683,0.503168523311615,0.2842654287815094,0.0003134341968689114,0.9999460577964783,0.07150484621524811,0.553364634513855,-0.9989252090454102,0.9992144107818604
460,3,3000.0,1.480770593110848,0.4605227137628783,0.4642385244369507,0.10164176351226711,0.09322966507777236,0.26046854823833243,0.3063651472910027,0.11289429994465966,0.11532956457620674,0.11953514111787493,0.11251095272397682,0.13927319682715367,0.11866516396487695,0.26618705035971224,0.25389950636616443,0.4885934889316559,0.28621190786361694,0.00011436347995186225,0.9999266862869263,0.07886292040348053,0.5505229234695435,-0.9973899126052856,0.9997539520263672
461,3,3000.0,1.4987723732136229,0.4393213371872631,0.44397270679473877,0.11002227171492204,0.09518815283382816,0.20237564959168522,0.30374426592645143,0.09992576095025983,0.1072393857982167,0.12100965107646622,0.10925691345994007,0.18307349665924277,0.1455685972339977,0.2835931700074239,0.23900268474756597,0.508948028087616,0.28549906611442566,0.00023915621568448842,0.999995768070221,0.08060599118471146,0.5587100982666016,-0.999432384967804,0.9997117519378662
462,3,3000.0,1.5107799437699045,0.4562557243807177,0.4432868957519531,0.10777070063694268,0.09445167866106897,0.20203821656050955,0.2641177597907,0.10292993630573248,0.12548632712746402,0.12203821656050956,0.11198804537776813,0.18025477707006368,0.14827147867827212,0.28496815286624205,0.25568471036472673,0.49856996536254883,0.28615885972976685,8.379346400033683e-05,0.9999641180038452,0.07089889049530029,0.5540741682052612,-0.9999145269393921,0.9999397993087769
463,3,3000.0,1.5386512418243468,0.4541813689846229,0.4485880136489868,0.1272639691714836,0.1225255676728017,0.16358381502890174,0.249857629686262,0.0964354527938343,0.08173407623046561,0.13911368015414258,0.13003163561427153,0.1684971098265896,0.13337138785671793,0.30510597302504816,0.2824797029394812,0.5061908960342407,0.2862457036972046,0.00031800102442502975,0.9998486638069153,0.07517939805984497,0.5556113123893738,-0.9996059536933899,0.9999935626983643
464,3,3000.0,1.517088663169502,0.4616677592119833,0.4615604877471924,0.12789964258182074,0.12100252898669206,0.1482935033989768,0.2032808069799972,0.09131684070362324,0.08746363151167232,0.13469759618753943,0.13048625467385816,0.13960333590300653,0.11785267680771015,0.3581890812250333,0.33991410104007014,0.49850431084632874,0.2880796194076538,5.5557818996021524e-05,0.9998431205749512,0.08482113480567932,0.5571364760398865,-0.9993111491203308,0.9997663497924805
465,3,3000.0,1.5362884429428876,0.45970666771832563,0.45499762892723083,0.14161961481939825,0.1310832503016143,0.21486580555340706,0.29566075317566975,0.08848325469873927,0.0825974338955542,0.1251450228169232,0.11823275628724618,0.13342099156934023,0.10417523322398613,0.296465310542192,0.2682505731159294,0.5009005665779114,0.2891661524772644,5.3775784181198105e-05,0.9999980926513672,0.09433292597532272,0.5546093583106995,-0.9998840689659119,0.9999587535858154
466,3,3000.0,1.500940888402089,0.47940010166741776,0.48080918192863464,0.1549416425741514,0.1428878156426103,0.2681229253667416,0.33311101530004417,0.09165863582824714,0.09172543431838037,0.13052789377877716,0.11899440292844803,0.11136095941749652,0.09188890419342671,0.24338794303458613,0.22139242761709044,0.4943883419036865,0.28498801589012146,0.00019046172383241355,0.99992835521698,0.09077420830726624,0.5563014149665833,-0.999572217464447,0.9998527765274048
467,3,3000.0,1.5407743829238043,0.5023395922200946,0.5011852979660034,0.1538031766302179,0.14162118038972757,0.2613935669247346,0.3133468297043472,0.0956181658552159,0.09323983631685884,0.15595817702929204,0.1426322670267015,0.13153483917311837,0.11299744027080624,0.20169207438742118,0.19616244629155868,0.5018555521965027,0.28595441579818726,5.5061449529603124e-05,0.9999417662620544,0.08653028309345245,0.5529205203056335,-0.9999411702156067,0.9998093843460083
468,3,3000.0,1.4829297668912658,0.5108797516473544,0.5045583248138428,0.14316392269148176,0.13301799996696753,0.32876572246650987,0.3702053148395338,0.0816034359341446,0.0818003325814336,0.14694754064832805,0.13692946767896663,0.10604356273647612,0.09248480774663971,0.19347581552305962,0.18556207718645878,0.5033535957336426,0.28604546189308167,0.0001131690078182146,0.999751627445221,0.09618338942527771,0.549755334854126,-0.999255895614624,0.9996597766876221
469,3,3000.0,1.4819102169082918,0.5084960805302186,0.5169978141784668,0.15832642152796977,0.14095826799823288,0.3065155285227168,0.3709893531829504,0.08284950695788407,0.07789088008072848,0.14146161644088104,0.13245251836476488,0.11814579301446872,0.0963720110139755,0.19270113353607962,0.18133696935934787,0.4978976547718048,0.2859317362308502,0.0002633831463754177,0.9996143579483032,0.09539029747247696,0.54864901304245,-0.9995896220207214,0.9999513626098633
470,3,3000.0,1.4767179501733818,0.5146402412747287,0.5219027400016785,0.19267786374787696,0.18280741549310203,0.29967918475183997,0.3312276522510975,0.0768069447065484,0.07449958926349515,0.15050009435742592,0.1480580701843474,0.09199849028118513,0.08430196825847644,0.1883374221551236,0.17910530454948145,0.4896368682384491,0.28628790378570557,0.00016890029655769467,0.9998856782913208,0.0689442977309227,0.5527283549308777,-0.9993325471878052,0.9996333122253418
471,3,3000.0,1.4846448009037128,0.5270529902485847,0.516343891620636,0.2004622186495177,0.19136435690444265,0.3091840836012862,0.35118409662652333,0.08410369774919614,0.07895357659040268,0.12721061093247588,0.1212631400602183,0.0912379421221865,0.07930449629063835,0.18780144694533762,0.1779303335277747,0.4915384352207184,0.2853761315345764,6.434166425606236e-05,0.9998112320899963,0.09603466093540192,0.5513932108879089,-0.9991739392280579,0.999902606010437
472,3,3000.0,1.4975586495975404,0.5413333062713724,0.5430855751037598,0.16063440422936154,0.14336815923149795,0.3176087840585604,0.40996826131625524,0.10075233834892233,0.08475184177356962,0.13043920292801953,0.11565565687230023,0.11173241154941033,0.08942200067328822,0.1788328588857259,0.15683408013308872,0.487697958946228,0.28515341877937317,0.0002134696114808321,0.9997519254684448,0.08845338970422745,0.5535322427749634,-0.9991371035575867,0.9999396800994873
473,3,3000.0,1.4662066502470699,0.5485679387949465,0.5458113551139832,0.17308965699907297,0.1356048691515377,0.32737385776718314,0.4486012397162749,0.0966759369619918,0.08008383100337534,0.14064362336114422,0.12350981337386625,0.10435703880280757,0.07320127478936493,0.1578598861078003,0.13899897196558086,0.483574777841568,0.28214386105537415,7.388107769656926e-05,0.9996370673179626,0.08437197655439377,0.5546910762786865,-0.9982041120529175,0.9995778799057007
474,3,3000.0,1.3630804426121552,0.5539276529947916,0.5577777624130249,0.1296980230284597,0.10591429846370835,0.4334129915272648,0.48988615284297565,0.08994134260265045,0.0858975601812064,0.1296980230284597,0.12109354775731485,0.07277862263741039,0.06253589072946017,0.14447099717575496,0.13467255002533457,0.49022817611694336,0.2824263870716095,0.0001934440224431455,0.9999052286148071,0.08133216202259064,0.5536808371543884,-0.9989320635795593,0.9992172718048096
475,3,3000.0,1.4901659610863585,0.5243985409115565,0.5274488925933838,0.15847568988173455,0.13859426031885172,0.31971090670170826,0.38624503354651746,0.11195795006570303,0.10884895708308641,0.15335085413929042,0.13774661733569682,0.097634691195795,0.08725691088546728,0.15886990801576872,0.1413082208303803,0.4890812933444977,0.2859857976436615,0.0003048120124731213,0.9996810555458069,0.09271202236413956,0.5537275671958923,-0.9987143874168396,0.9998565912246704
476,3,3000.0,1.4940081499635054,0.48032129061179124,0.4795626699924469,0.20409656181419167,0.16636660501853218,0.2746891002194587,0.3953927829649962,0.08778346744696415,0.08031363100060025,0.15093879541575225,0.1298512660626679,0.08705193855157278,0.06302662029301186,0.19544013655206047,0.16504909466019163,0.4955940842628479,0.28371453285217285,0.00023302707995753735,0.999515175819397,0.09402897953987122,0.5523079037666321,-0.9984289407730103,0.9997565746307373
477,3,3000.0,1.465407789088829,0.49920265174463124,0.4991277754306793,0.177900435197962,0.15090469284430857,0.3084598237978983,0.4013748785157115,0.0888440717545908,0.077943029906347,0.16919647595796625,0.15262783376087818,0.0822630294023989,0.06740253837398673,0.17333616388918374,0.149747026598768,0.48983585834503174,0.2836136519908905,2.024954665102996e-05,0.9995178580284119,0.0976601094007492,0.5481176972389221,-0.999214768409729,0.9997891187667847
478,3,3000.0,1.5371759180827773,0.43913474349663334,0.4369884133338928,0.21067556296914094,0.19476173416550935,0.24720600500417014,0.290682174028548,0.11659716430358633,0.10781648352290545,0.17998331943286072,0.17726970902697187,0.08115095913261051,0.07399775188164198,0.16438698915763136,0.15547214737442336,0.4902929365634918,0.289470911026001,0.0001466300163883716,0.9998157620429993,0.09468496590852737,0.5495901703834534,-0.9996263980865479,0.9999842643737793
479,3,3000.0,1.5131849858219868,0.36761896165231156,0.3673900067806244,0.22109712937475423,0.2098859350005776,0.25314589068029886,0.27767107036641536,0.12642548171451043,0.12474067320561791,0.12377113645300826,0.12180201951279117,0.08385764844671648,0.07997555613181587,0.19170271333071176,0.18592474578278215,0.4909934401512146,0.28711622953414917,4.990815432392992e-05,0.9998360872268677,0.10705296695232391,0.5525318384170532,-0.9994213581085205,0.9999244213104248
480,3,3000.0,1.4870601400918664,0.3538962190557806,0.34787753224372864,0.1913937988988699,0.18028977394889828,0.29527673138220806,0.32457566300740726,0.13445378151260504,0.13417523371578838,0.12865835989568242,0.12287142940558037,0.0808461315560707,0.07748642772627871,0.16937119675456389,0.16060147219604698,0.48853638768196106,0.2847716510295868,4.199849354336038e-05,0.999915361404419,0.1138836070895195,0.5444808006286621,-0.9989731311798096,0.9999643564224243
481,3,3000.0,1.4386957184242735,0.3592709199115452,0.3645240068435669,0.15792798483891346,0.141832337696224,0.3379658875552748,0.41528354772883563,0.13202779532533165,0.11528973770552504,0.1266582438408086,0.11659739713005324,0.07201516108654453,0.059773035972863355,0.173404927353127,0.15122394376649873,0.4914296567440033,0.2839406430721283,1.5087353858689312e-05,0.9999268651008606,0.10690183192491531,0.5468608140945435,-0.9950606822967529,0.999793291091919
482,3,3000.0,1.5460432844744196,0.34916399150495264,0.35482171177864075,0.20369733447979363,0.18518604623160767,0.21444539982803096,0.28530380975070296,0.14840928632846087,0.14614612502374774,0.12837489251934653,0.12233562561688456,0.10429922613929493,0.0902008221624576,0.20077386070507308,0.17082757121459946,0.4932892620563507,0.2867744266986847,0.00027795578353106976,0.9998247623443604,0.10397583991289139,0.5477513074874878,-0.9995387196540833,0.9999431371688843
483,3,3000.0,1.4727819742848778,0.38165425254858076,0.3848527669906616,0.1808577537416677,0.16587609369983197,0.28436674632121745,0.3318185732355675,0.13356810464092567,0.13402301677238915,0.14249779901899132,0.1379454388897761,0.07634259841529367,0.06911327675497977,0.18236699786190416,0.1612236006474555,0.49629026651382446,0.28557202219963074,0.00010858329915208742,0.999258816242218,0.09977982193231583,0.5510510206222534,-0.9992767572402954,0.9997888803482056
484,3,3000.0,1.4529586310083928,0.37659459731903583,0.3717607855796814,0.1896551724137931,0.15761256146182645,0.31131163390267486,0.39155003675796,0.1264904930712214,0.11815668298776501,0.13116339026748308,0.12543348909446414,0.06654850145020948,0.054628127233676424,0.1748308088946181,0.15261910246430796,0.49112221598625183,0.2828110456466675,0.00011869679292431101,0.9996553063392639,0.09804203361272812,0.5482540130615234,-0.9970414638519287,0.9996747970581055
485,3,3000.0,1.4427458491559062,0.3773950516785159,0.38478419184684753,0.20360051435919416,0.18016309745341597,0.31047292470352905,0.38181170779290624,0.12016002286040862,0.10895579551308482,0.12230318616945278,0.1166912008861247,0.06758108301185883,0.0595989937684988,0.1758822688955565,0.15277920458596947,0.4982350170612335,0.28554290533065796,2.9381365038716467e-06,0.9996728301048279,0.1034337729215622,0.5457512140274048,-0.9993961453437805,0.9999920129776001
486,3,3000.0,1.4417787034985687,0.38287344779322335,0.3851870000362396,0.21167536782154722,0.1991642989105789,0.2968675842429995,0.33177986406314947,0.12790697674418605,0.1307811786659364,0.12850023730422402,0.12343760147939291,0.062411010915994304,0.06041912481961561,0.17263882297104888,0.1544179320613267,0.49427342414855957,0.2845924496650696,0.0002746617828961462,0.9999896287918091,0.0973295345902443,0.5421719551086426,-0.9999954104423523,0.9999067783355713
487,3,3000.0,1.477589466391717,0.3555259584275393,0.3586925268173218,0.2508455467869222,0.23900188023669888,0.2300826756858324,0.2712734369822639,0.16131153701615933,0.15898765535862364,0.10606914693724163,0.10623815045649009,0.0559000375798572,0.05237235971253852,0.19579105599398722,0.172126517253385,0.5004658102989197,0.2854484021663666,6.125161598902196e-05,0.9998988509178162,0.0923781618475914,0.5499467253684998,-0.9995799660682678,0.9998189210891724
488,3,3000.0,1.4350525027501282,0.36158990016437237,0.3593815267086029,0.23335611756664387,0.2121097298000055,0.2764183185235817,0.3245029105907995,0.1697881066302119,0.16608785855325126,0.07969924812030076,0.07461800050606307,0.04483937115516063,0.03941098956376541,0.19589883800410116,0.1832705109861153,0.502798318862915,0.286548912525177,0.0002790061989799142,0.9997016191482544,0.09100592881441116,0.5521544814109802,-0.9998142123222351,0.9998844861984253
489,3,3000.0,1.4153997208799818,0.35813918491041935,0.350423663854599,0.25376707505985074,0.2381784857567779,0.2758766370933671,0.3078630426561558,0.1619490212646106,0.1570495877139454,0.06562455992113787,0.06353116456001355,0.0504154344458527,0.04753575913592166,0.19236727221518096,0.18584196017718563,0.5007535815238953,0.2892623543739319,1.2073137440893333e-05,0.9995208382606506,0.08556418865919113,0.5532075762748718,-0.9997401237487793,0.9998835325241089
490,3,3000.0,1.4605715737844498,0.3482475337640903,0.34990060329437256,0.2640959170447181,0.2394830743144595,0.21732555627565348,0.2819795391557822,0.18600129617627997,0.18931358453351277,0.0704255778785915,0.07096391403280451,0.06740116655865197,0.05382864687286749,0.19475048606610498,0.1644312410905735,0.505009114742279,0.28952765464782715,3.547241794876754e-05,0.9999037384986877,0.08429897576570511,0.5549809336662292,-0.9997476935386658,0.9999920129776001
491,3,3000.0,1.4577478267909487,0.33005546468738595,0.3362901508808136,0.2779918529120335,0.24394540893199193,0.21259495761312341,0.313766930783764,0.14840911593085984,0.14921163254071426,0.0550478916657492,0.0482275638684495,0.07882858086535285,0.06172093294765296,0.2271276010128812,0.1831275309274273,0.5024647116661072,0.28767815232276917,8.557686669519171e-05,0.9999352693557739,0.08482562750577927,0.5566328763961792,-0.9999326467514038,0.9998815059661865
492,3,3000.0,1.4163767496744792,0.36621507750234794,0.36574849486351013,0.29654461062403303,0.26352610326487513,0.23904074265085096,0.3305740744614151,0.10323190648100396,0.10018301821787595,0.05801959773078907,0.054546419520023245,0.0665291387313048,0.05498016226088601,0.2366340037820182,0.1961902222749245,0.5034921169281006,0.28767290711402893,0.0001529522705823183,0.999981701374054,0.09541213512420654,0.5565523505210876,-0.9992318153381348,0.9999423027038574
493,3,3000.0,1.3965875873543065,0.34509418811078457,0.3473879396915436,0.3075464243382062,0.29413767733683316,0.17945476096404583,0.2454212506754018,0.11489529830106678,0.10539934873035278,0.037613591465823784,0.03411385338241768,0.06819438956934018,0.06222265984531441,0.2922955353615172,0.25870521002968017,0.5009943842887878,0.2848033607006073,1.60175022756448e-05,0.9999550580978394,0.0711541697382927,0.5612758994102478,-0.9998088479042053,0.9999034404754639
494,3,3000.0,1.3668731316587979,0.2842000420140465,0.28036487102508545,0.30909304511278196,0.28817232128165066,0.21146616541353383,0.25685767732155323,0.10526315789473684,0.10856373166126923,0.047932330827067667,0.04865319382038683,0.06696428571428571,0.06435433614936538,0.259281015037594,0.2333987397657747,0.502514660358429,0.2874602675437927,6.22024672338739e-05,0.9999952912330627,0.08391934633255005,0.5621249079704285,-0.9981737732887268,0.9995760917663574
495,3,3000.0,1.3814071596359194,0.27645845616117437,0.2778327465057373,0.31768822393822393,0.27922275955215065,0.20620173745173745,0.29177940448943046,0.10521235521235521,0.10476086491056151,0.044642857142857144,0.048130636066167895,0.05912162162162162,0.05371939897756805,0.2671332046332046,0.22238693600412143,0.49840065836906433,0.28381767868995667,0.0004346141067799181,0.9998951554298401,0.06612958759069443,0.5560997724533081,-0.9998392462730408,0.9999642372131348
496,3,3000.0,1.3488753319400706,0.24967042711046006,0.24213992059230804,0.30022537025112683,0.2602512846433879,0.25579523502897616,0.34068372592841883,0.10914359304571797,0.10216040730399666,0.035093367675466836,0.033632200753178285,0.062298776561493886,0.05310563215232829,0.2374436574372183,0.21016674921869,0.49819377064704895,0.285174697637558,0.00015273495228029788,0.9999538064002991,0.07241614162921906,0.5576131939888,-0.9960853457450867,0.9999066591262817
497,3,3000.0,1.3339643277599884,0.26865458112194,0.2672678828239441,0.27812312011229195,0.2581379333001196,0.2955684780429116,0.33739381578729216,0.10206536996190094,0.10122358010440109,0.043513134148786846,0.04390033402520192,0.048726689392420294,0.04572139755102257,0.2320032083416884,0.21362293923196268,0.5015185475349426,0.2873278856277466,8.381390216527507e-05,0.9996516704559326,0.0785241350531578,0.5494316220283508,-0.9979628920555115,0.9999698400497437
498,3,3000.0,1.37598026602514,0.2556137147712432,0.25864177942276,0.30795998260113094,0.2740786926327938,0.21041757285776425,0.2904035714285632,0.1046107003044802,0.10481911554556418,0.03577642453240539,0.034829815128435464,0.05654632448890822,0.0480755382600274,0.284688995215311,0.24779326700461599,0.4989233613014221,0.28580719232559204,0.0001330755912931636,0.9997773170471191,0.056571487337350845,0.564408004283905,-0.9997292160987854,0.9999549388885498
499,3,3000.0,1.3290844977150547,0.28989305563926177,0.2912069857120514,0.34309847107879826,0.2929889774914157,0.22313696140275846,0.3186082826837866,0.10060943012937025,0.09518800405560061,0.037314230728108626,0.038772164752696826,0.0446915428204854,0.038791604849922515,0.251149363840479,0.2156509661665777,0.4932706654071808,0.2875296473503113,0.00011903732956852764,0.9999444484710693,0.059821806848049164,0.5662780404090881,-0.9996052980422974,0.9998660087585449
500,3,3000.0,1.3013313400232291,0.3000425127218273,0.3063622713088989,0.36295220491153946,0.3400077356669137,0.24082387113810405,0.2759900850079992,0.10668074993398469,0.10859803860964035,0.03287562714549776,0.03437336193166628,0.03868497491418009,0.03631517252097959,0.21798257195669396,0.20471560626280083,0.4934750497341156,0.28706878423690796,5.0753344112308696e-05,0.9996739029884338,0.07175463438034058,0.5558140873908997,-0.9992538094520569,0.9999887943267822
501,3,3000.0,1.345642783253774,0.2985244952888705,0.30396974086761475,0.34255371696715237,0.31188006719573586,0.21128673746604099,0.2765173121770353,0.1022474685107434,0.10458920984764986,0.037910595208693505,0.03813237012606396,0.04494937021486787,0.03652200328632035,0.26105211163250186,0.23235903736719465,0.5013445615768433,0.2879568934440613,0.0002131342189386487,0.9999567866325378,0.07228098809719086,0.562005877494812,-0.9979905486106873,0.9992103576660156
502,3,3000.0,1.3460568480949764,0.3266994003841308,0.3336104154586792,0.30527740189445196,0.2753572568194363,0.27821380243572397,0.32282453251337795,0.12422192151556156,0.13148338552739464,0.036535859269282815,0.0332320747649859,0.04573748308525034,0.04059866294827671,0.21001353179972937,0.19650408742652853,0.5006354451179504,0.28819718956947327,0.0016178914811462164,0.9998668432235718,0.06940316408872604,0.5619332790374756,-0.9999322295188904,0.9994933605194092
503,3,3000.0,1.3430269661705252,0.3249117733980323,0.3226712644100189,0.29898862199747156,0.28286582618243233,0.27939317319848295,0.31999313503436344,0.11040876527602192,0.11647293780579901,0.036451748841129374,0.03199662353732031,0.059839865149599665,0.05396899430292041,0.21491782553729458,0.1947024831371645,0.501544713973999,0.285599946975708,7.882418867666274e-05,0.9999988675117493,0.06764798611402512,0.5601317882537842,-0.9998218417167664,0.9992270469665527
504,3,3000.0,1.4285014059821268,0.3207833539214396,0.3177579343318939,0.3159769008662175,0.28877974833546777,0.1861405197305101,0.23814028356509453,0.11087584215591915,0.10371621008892758,0.05514918190567854,0.05383766971037377,0.0629451395572666,0.057931575890575064,0.2689124157844081,0.2575945124095613,0.5023185610771179,0.28604230284690857,5.653368862112984e-05,0.9999861717224121,0.050156425684690475,0.5652936100959778,-0.9997449517250061,0.9999901056289673
505,3,3000.0,1.4299809853195844,0.3241130274959624,0.31880640983581543,0.34790931989924434,0.3304177524265414,0.15889168765743072,0.1909811189017778,0.11254408060453401,0.11373923454819142,0.06075566750629723,0.05882632256765902,0.06337531486146096,0.05866584522872627,0.25652392947103275,0.24736972632710405,0.5056110620498657,0.2889103889465332,0.00014619620924349874,0.9999517202377319,0.04186248034238815,0.5634422898292542,-0.9993324279785156,0.9993019104003906
506,3,3000.0,1.287822406921594,0.4078157657865209,0.41318193078041077,0.4772572980312288,0.4630836087524349,0.14147997284453495,0.16311722586795802,0.08377460964019008,0.08762599186559054,0.044670739986422264,0.04229807696696788,0.06042090970807875,0.05766725013048391,0.19239646978954514,0.1862078464165647,0.5018181800842285,0.28618675470352173,8.534369408152997e-05,0.9998793005943298,0.056843552738428116,0.559041440486908,-0.9999793171882629,0.9998824596405029
507,3,3000.0,1.1395473098457403,0.4409768956246485,0.45314982533454895,0.5430205354821939,0.5269126383213001,0.1585651156745516,0.1844626760198796,0.07798284377436963,0.07753641395731593,0.03197296594749155,0.032301888690885044,0.05068884845334026,0.04719029535435581,0.13776969066805303,0.13159608765626352,0.49807435274124146,0.2844066917896271,0.0006010843790136278,0.9999570250511169,0.081826351583004,0.5562753677368164,-0.9979347586631775,0.9996281862258911
508,3,3000.0,0.9740634185285927,0.4274660468540309,0.4341104328632355,0.6531542336291677,0.6056786641897078,0.11801391220916287,0.16772345449436696,0.07147997121611897,0.0789401642271916,0.021587910769968816,0.02120288203195574,0.053969776924922046,0.04653093944750731,0.08179419525065963,0.07992389560927057,0.49509212374687195,0.28574860095977783,0.0002287546667503193,0.9996244311332703,0.06424511224031448,0.5561519265174866,-0.9993818402290344,0.9999688863754272
509,3,3000.0,0.9722040685017904,0.4377282155842319,0.4155484437942505,0.6625,0.6399872698101231,0.10791666666666666,0.128702431715827,0.06875,0.07348750414506752,0.023125,0.024732627725283705,0.053125,0.05410415331626993,0.08458333333333333,0.07898601328742878,0.5018939971923828,0.2911508083343506,6.18223421042785e-05,0.9994109272956848,0.06215270236134529,0.573174774646759,-0.9996098875999451,0.9981797933578491
510,3,3000.0,0.987251503684304,0.44535993638825694,0.451620876789093,0.6499393939393939,0.6106092390097156,0.11296969696969697,0.1434451430762161,0.06787878787878789,0.07049438387230557,0.02109090909090909,0.021057759077535557,0.053575757575757575,0.055820799176717124,0.09454545454545454,0.09857267578751006,0.4974309802055359,0.2863917350769043,0.00022762919252272695,0.9997780919075012,0.05796879902482033,0.5625059604644775,-0.999744176864624,0.9993373155593872
511,3,3000.0,1.0124532195171032,0.4462084699358259,0.4505714178085327,0.6139809096013475,0.5924927250542971,0.13279056709713644,0.15891433123985324,0.08478382930937675,0.08605665894333732,0.021897810218978103,0.02405834912504478,0.06316676024705221,0.05707458054811164,0.08338012352610892,0.08140335508935588,0.5050179362297058,0.2886471748352051,0.00024584736092947423,0.9996576309204102,0.048743341118097305,0.5589524507522583,-0.9969199299812317,0.9997156858444214
512,3,3000.0,1.0363465597185544,0.4323388033983659,0.42984694242477417,0.5862284820031299,0.5395106091157867,0.15461658841940532,0.20160411377411636,0.09546165884194054,0.09109727086254248,0.025039123630672927,0.02645612133757573,0.057589984350547734,0.0552950883277496,0.0810641627543036,0.08603679658222912,0.4994458258152008,0.28474196791648865,8.904654532670975e-05,0.9994032382965088,0.07917432487010956,0.5571552515029907,-0.9985576868057251,0.9999278783798218
513,3,3000.0,1.0352330987124405,0.44634552935380306,0.4418855607509613,0.6071302506177197,0.5803778110805684,0.13413342746205437,0.17778397786912545,0.08365690081186022,0.07211888232050635,0.018708083303918106,0.017209718059356546,0.056830215319449345,0.044875372109506845,0.09954112248499823,0.10763423856093636,0.5006548762321472,0.29081448912620544,0.0003478106518741697,0.9999269843101501,0.07700546085834503,0.554654598236084,-0.998112142086029,0.9995819330215454
514,3,3000.0,1.028424660914945,0.4760827683834985,0.4937278926372528,0.6148521082441787,0.5911058525765364,0.13845185651353054,0.1650954547741498,0.07142857142857142,0.07813030067997942,0.01919446192573946,0.017708221333508398,0.0670232850849591,0.06209077026569218,0.08904971680302076,0.08586940037013385,0.5000866055488586,0.29058966040611267,3.071683386224322e-05,0.999566376209259,0.07537951320409775,0.5631940960884094,-0.9973891973495483,0.9995898008346558
515,3,3000.0,1.0062621931491067,0.46479134947858,0.46519577503204346,0.6403335860500379,0.6171605751982915,0.11190295678544351,0.136159683660737,0.06853677028051554,0.07084193310524102,0.0221379833206975,0.023188852552391906,0.056103108415466264,0.05116991245395282,0.10098559514783927,0.10147904302938573,0.4997578263282776,0.2855614423751831,0.0001385668438160792,0.9995071887969971,0.07982002943754196,0.5530478358268738,-0.9992470741271973,0.9998830556869507
516,3,3000.0,0.916985080666738,0.5123020903125962,0.5152509808540344,0.6905721192586624,0.6636991015500086,0.05842062852538275,0.07787600011620975,0.064464141821112,0.07202034138285515,0.013430029546065002,0.01470283768866219,0.06674724684394305,0.06163085202366318,0.1063658340048348,0.11007086723860121,0.503510057926178,0.2875537872314453,6.758012750651687e-05,0.9996902942657471,0.06440282613039017,0.5643931031227112,-0.9997146725654602,0.999875545501709
517,3,3000.0,0.8984907536758591,0.5483558485478204,0.5446799993515015,0.6907296303464293,0.6631676597617138,0.07509192955293206,0.09894583871341456,0.07296303464292626,0.07956245169743204,0.010450938649119411,0.010465253011322166,0.06696342171472808,0.06339521713970561,0.0838010450938649,0.08446357967641181,0.5019931197166443,0.28630009293556213,1.0395973731647246e-05,0.9994789958000183,0.07394498586654663,0.5580446720123291,-0.9986315369606018,0.9999287128448486
518,3,3000.0,0.9118367124283221,0.5324463478493183,0.5300777554512024,0.6840718168341294,0.6419615697347344,0.08482951737769726,0.12008909523565164,0.06374567616537638,0.06744197946571376,0.01021248558721792,0.009012034739010208,0.062427936089606326,0.0629301033521329,0.09471256794597266,0.09856521747275711,0.5006395578384399,0.28774842619895935,0.00015640737547073513,0.999810516834259,0.08602354675531387,0.5568752884864807,-0.999826967716217,0.9999802112579346
519,3,3000.0,0.7632934055971295,0.5378783987988934,0.5477263331413269,0.766318887105404,0.7401461751852975,0.051230604601391116,0.06941566691020166,0.05390583199571963,0.06063555648726667,0.006554307116104869,0.008707732003869194,0.05176565008025682,0.04566046229971975,0.0702247191011236,0.07543440711364524,0.4987742006778717,0.28511953353881836,0.00019058585166931152,0.9993953108787537,0.06065855920314789,0.5646070241928101,-0.9997482895851135,0.9999853372573853
520,3,3000.0,0.6975951818845921,0.5645480596998391,0.5650086998939514,0.7834304391075743,0.7504807687077841,0.03993178911467955,0.06951680271234341,0.048458149779735685,0.054084669155872414,0.005684240443370754,0.0053990463977102434,0.053147648145516556,0.052677423925533734,0.0693477334091232,0.06784128910075606,0.4982215166091919,0.2862095832824707,0.0003381845017429441,0.9999644160270691,0.06002526730298996,0.5636792182922363,-0.9999020099639893,0.9995012283325195
521,3,3000.0,0.7724341423439108,0.5730990020322128,0.5647887587547302,0.7521015611597186,0.7295264018409675,0.06227483273288729,0.08787500563893313,0.0490650197289415,0.05113747337716686,0.007033796534568536,0.00840314061575191,0.05129524789843884,0.0423082584345151,0.0782295419454452,0.08074972009266547,0.5002561211585999,0.2889089286327362,8.418690413236618e-05,0.9996229410171509,0.0686357244849205,0.5572542548179626,-0.9997710585594177,0.9999812841415405
522,3,3000.0,0.7522545828212975,0.5877411981160134,0.5869525671005249,0.7678666430218124,0.7394683945250079,0.05532895903528994,0.08318445759564409,0.053555594963646036,0.06074517622493659,0.007802801915233197,0.009185250595869263,0.04876751197020748,0.0438778239807852,0.06667848909381095,0.06353889707775695,0.5028979778289795,0.28910455107688904,0.0001883952209027484,0.9998288154602051,0.08695895969867706,0.5630549788475037,-0.9986637234687805,0.9992012977600098
523,3,3000.0,0.807840207806152,0.5883913192923609,0.5849542617797852,0.7273746147380219,0.699910752198903,0.06388344073970299,0.09145956378807772,0.07453068086298684,0.07495979131345894,0.009246287475483329,0.007570684561509522,0.04847296161389745,0.049494808503277046,0.07649201456990753,0.07660439963477374,0.4959765672683716,0.2870819866657257,0.00046449105138890445,0.9994962811470032,0.058451782912015915,0.5633296966552734,-0.9997105002403259,0.999527096748352
524,3,3000.0,0.8224378474741094,0.5985330490096719,0.6061286926269531,0.7386431859115469,0.715497494502662,0.050830498298979385,0.06851991101232614,0.060836501901140684,0.07111706832639038,0.007804682809685812,0.009151047640885264,0.06764058435061036,0.06291929673418277,0.07424454672803682,0.07279518178355342,0.5004932880401611,0.28731784224510193,0.0002781062794383615,0.9996514320373535,0.06539841741323471,0.5641247034072876,-0.9994645118713379,0.9996753931045532
525,3,3000.0,0.8445649445391898,0.5859654253063271,0.590969979763031,0.7193705507680779,0.6989923094621336,0.05357811914574747,0.08348810064205323,0.06800299737729487,0.07121178501667874,0.007868115399025852,0.010996724038596618,0.06669164481079055,0.05587950081692535,0.08448857249906332,0.07943158002361243,0.5000197291374207,0.28492891788482666,2.065865737677086e-05,0.9999892711639404,0.07360894978046417,0.5620766878128052,-0.9981030225753784,0.9997460842132568
526,3,3000.0,0.9117556610637855,0.5854512698958981,0.5772877931594849,0.6836616454229433,0.6527607499725069,0.07207415990730012,0.09936186357657309,0.07161066048667439,0.08045815218373632,0.009501738122827346,0.009915634873275844,0.07137891077636153,0.0667056357894909,0.0917728852838934,0.09079796360441691,0.5012574195861816,0.2904578745365143,0.00021227158140391111,0.9998952150344849,0.08378168195486069,0.5553942918777466,-0.9987088441848755,0.999015212059021
527,3,3000.0,0.9441902807832453,0.5774221707129663,0.5786046385765076,0.6760413499543935,0.6562924220459015,0.04788689571298267,0.05707480755989003,0.07935542718151414,0.09281241470480671,0.01048951048951049,0.008974534604748055,0.08330799635147461,0.08372668707436134,0.10291882031012466,0.10111913401029236,0.4962877631187439,0.28758251667022705,0.0002914011711254716,0.9997840523719788,0.05732952803373337,0.5614635348320007,-0.999859631061554,0.9994939565658569
528,3,3000.0,1.0508910267488847,0.5656345999712459,0.5575863718986511,0.5905646541187973,0.5734419008286542,0.08164263016377414,0.11725033614268951,0.10168662918601809,0.09911739050542238,0.011977511610853092,0.012319478980167605,0.0921535076998289,0.08500501562311548,0.12197506722072843,0.11286587791995077,0.4865438640117645,0.28605917096138,0.0003085253410972655,0.9996281266212463,0.06567905098199844,0.5548327565193176,-0.9996236562728882,0.9988304376602173
529,3,3000.0,1.0285678966040206,0.5390900382207795,0.5442908406257629,0.6175930562510432,0.5698685812462586,0.05741946252712402,0.10944839940404266,0.08362543815723586,0.08910013022226944,0.013019529293940912,0.017044254411295735,0.10515773660490736,0.09314305619451911,0.12318477716574862,0.12139557852161445,0.502654492855072,0.28825274109840393,0.00021498525165952742,0.9998770356178284,0.058518942445516586,0.5642436742782593,-0.9998869299888611,0.9998002052307129
530,3,3000.0,1.0803366153948717,0.5656228188800925,0.5501779317855835,0.5757997218358831,0.5522296825103631,0.1024571163653222,0.1321918748794961,0.0989800649049606,0.10304255192794287,0.01321279554937413,0.011414522307916388,0.08831710709318498,0.07772240058958815,0.12123319425127492,0.12339896778469345,0.5065397024154663,0.2878848910331726,0.0004857941821683198,0.9996961355209351,0.07155927270650864,0.5589561462402344,-0.9993774890899658,0.9993199110031128
531,3,3000.0,1.076633683424324,0.5844799166974607,0.595481812953949,0.5968550198721272,0.5774131728653175,0.07084845343010195,0.0981276770801927,0.09037497839986176,0.09090714254084677,0.014515292897874546,0.01614535131793728,0.10126144807326767,0.09142293955724473,0.1261448073267669,0.12598371663846103,0.49461814761161804,0.2876245677471161,4.196417285129428e-05,0.9999877214431763,0.07645283639431,0.5641103386878967,-0.9994960427284241,0.9995821714401245
532,3,3000.0,1.0875296228860756,0.5490430423539697,0.5600408911705017,0.5740461847389559,0.5545417104309882,0.0928714859437751,0.1093684383024027,0.11345381526104417,0.11784877670264983,0.01355421686746988,0.012309337845554403,0.08985943775100401,0.0838796400746019,0.116214859437751,0.122052096643803,0.497844398021698,0.28586143255233765,0.0004671610950026661,0.9999150037765503,0.05849607661366463,0.5579212307929993,-0.999907910823822,0.9995156526565552
533,3,3000.0,1.0703208526565982,0.5706301378236743,0.5666361451148987,0.5827637444279347,0.562379936990755,0.08930163447251115,0.11456805905475363,0.09212481426448738,0.0965358686826611,0.013670133729569094,0.014689064243433145,0.08707280832095096,0.08389819925324388,0.1350668647845468,0.1279288717751533,0.49345892667770386,0.2887798845767975,6.73130780342035e-05,0.9999992847442627,0.06953824311494827,0.5570986270904541,-0.9987257719039917,0.9999735355377197
534,3,3000.0,1.1490244641731333,0.5505018480647751,0.5664127469062805,0.5129407958589454,0.4579783507443215,0.10368812681979941,0.1508783391537591,0.12876091879650597,0.13446380161906163,0.014558395341313491,0.016960315929091592,0.10174700744095762,0.0951348934931983,0.13830475574247816,0.14458429906056786,0.5012948513031006,0.28738370537757874,5.947249974269653e-06,0.9996752738952637,0.057726748287677765,0.5571084022521973,-0.9999067783355713,0.999709963798523
535,3,3000.0,1.1292757383044236,0.5977273675760004,0.6088578104972839,0.5444174018862185,0.5341781522706305,0.0762093094006693,0.09672010310530403,0.09491937937328872,0.09635776492391121,0.009887435351384241,0.009184031531679198,0.0839671432917554,0.0779358217995116,0.19059933069668392,0.1856241263689635,0.4969724118709564,0.28863048553466797,0.0005305393715389073,0.9999831914901733,0.07614629715681076,0.5534709095954895,-0.9996668696403503,0.999985933303833
536,3,3000.0,1.1570987773938777,0.5995554245461996,0.602881669998169,0.545468948035488,0.5263511771565353,0.06463878326996197,0.07980311841032532,0.10012674271229405,0.10648535267341887,0.013307984790874524,0.015274420478191582,0.08095690747782003,0.08011668880320362,0.19550063371356147,0.19196924247832528,0.4965088367462158,0.28938814997673035,1.3115729871060466e-06,0.9994791746139526,0.08627734333276749,0.5510872602462769,-0.9997522234916687,0.9994206428527832
537,3,3000.0,1.210561272265321,0.5962029350227012,0.5943107604980469,0.5107680332122471,0.49900527993739363,0.07485729112610275,0.09245064088884666,0.10132330046704723,0.11152156319718871,0.01154644525168656,0.012380062487403842,0.0962636222106902,0.09195082669407006,0.20524130773222626,0.1926916267950971,0.5001199245452881,0.28576669096946716,0.00011840004299301654,0.9999938011169434,0.07237077504396439,0.5576598644256592,-0.9994427561759949,0.9999009370803833
538,3,3000.0,1.2371848219493151,0.5534093453999193,0.5547187328338623,0.47937989163154726,0.44394639808051645,0.07856712823600241,0.10696179298244111,0.09828416616496087,0.11362220528208594,0.014148103552077062,0.015690545377228794,0.09256472004816375,0.0839369459198235,0.23705599036724864,0.23584211235790423,0.5072030425071716,0.2869851291179657,0.00010002693306887522,0.9999409914016724,0.09989015758037567,0.5551385283470154,-0.9992930293083191,0.9997961521148682
539,3,3000.0,1.2274812800009796,0.5419917599974047,0.5447268486022949,0.5033307210031348,0.47663506960633484,0.07660658307210032,0.09843960964102913,0.10991379310344827,0.11383533246730623,0.01469435736677116,0.01693413916055789,0.08581504702194358,0.07979881763279202,0.20963949843260188,0.2143570314919799,0.4960947036743164,0.2864956259727478,6.610434866161086e-06,0.9998740553855896,0.0780920535326004,0.551494300365448,-0.9986845850944519,0.9999141693115234
540,3,3000.0,1.2135536765212005,0.5619163402097477,0.5640652179718018,0.49808156885036237,0.4683659585974124,0.07915304817393776,0.09661620612374909,0.11467955094500497,0.11566526646425908,0.014779025152763962,0.017754878514030195,0.07773198806309507,0.08375547370954785,0.21557481881483587,0.21784221659100134,0.506343424320221,0.28915756940841675,2.6676976631279103e-05,0.9996829032897949,0.08593078702688217,0.5457744598388672,-0.9991241097450256,0.9997869729995728
541,3,3000.0,1.220862451379213,0.5149704781501233,0.5134441256523132,0.4962845010615711,0.4909301685131945,0.09593949044585988,0.11078245703766294,0.14742569002123143,0.1495434532617852,0.016321656050955414,0.016036203209303847,0.0625,0.057255014096444776,0.18152866242038215,0.1754527038816088,0.5018085241317749,0.2870822548866272,0.0002040242834482342,0.9999852776527405,0.09756778180599213,0.5516482591629028,-0.9991649389266968,0.9992485046386719
542,3,3000.0,1.1689837014314561,0.5149140462544664,0.5104029774665833,0.5019248395967003,0.45844189854422285,0.13327222731439048,0.17934463659761882,0.14298808432630614,0.14031397679955598,0.017048579285059578,0.017676477522888333,0.046012832263978,0.042513021307055324,0.15875343721356552,0.16170998922865867,0.5055562257766724,0.287152498960495,0.00013182562543079257,0.999944269657135,0.09844262152910233,0.546485424041748,-0.9996485114097595,0.9998841285705566
543,3,3000.0,1.1144038689288709,0.5118130292053088,0.5181335806846619,0.5468513308807618,0.4919006416957018,0.12140229387578447,0.18227923695795914,0.12464834451417442,0.11631309666206911,0.016446656567842458,0.016423805436183152,0.04544470893745942,0.04087802979937399,0.1452066652239775,0.1522051894487128,0.5024111270904541,0.28527629375457764,0.00034210289595648646,0.9998340010643005,0.10181675106287003,0.5492650270462036,-0.9993522763252258,0.9995778799057007
544,3,3000.0,1.127861582869836,0.536804403035095,0.5286411643028259,0.5134797803295057,0.48718520720482394,0.14203694458312532,0.17397439414253915,0.1323015476784823,0.12781736836257657,0.01347978032950574,0.009486451154221308,0.04268597104343485,0.04173394775860038,0.15601597603594608,0.15980263137723869,0.5009214282035828,0.28693681955337524,0.00013482756912708282,0.9998807907104492,0.10978778451681137,0.5476795434951782,-0.9999247193336487,0.9998416900634766
545,3,3000.0,1.106996798834427,0.5337213552468473,0.5301997065544128,0.5511472275334608,0.517837841643418,0.11735181644359464,0.15620646072015845,0.11902485659655831,0.12528331696497982,0.01768642447418738,0.017694881576107,0.04206500956022945,0.03749368539820701,0.1527246653919694,0.14548381369712976,0.5018728375434875,0.2918979525566101,0.00020371483697090298,0.9999436736106873,0.11359964311122894,0.5423814654350281,-0.9981919527053833,0.9997348785400391
546,3,3000.0,1.0710866899352482,0.5238416090863548,0.5298566222190857,0.6127345432174716,0.5583656517769704,0.07013226699477083,0.11398096980288677,0.11365733620424484,0.1253629765391721,0.015072285450630576,0.013900246664331463,0.0510612119347893,0.04703134239086466,0.1373423561980929,0.14135881282577462,0.49861401319503784,0.2865159809589386,0.0001893909793579951,0.999936044216156,0.09099102765321732,0.5489307045936584,-0.999560534954071,0.9998594522476196
547,3,3000.0,1.0759399973163168,0.507266581881151,0.5017251968383789,0.5883969465648855,0.5790781958273171,0.07587786259541984,0.09522489863049681,0.11022900763358778,0.11470119904337449,0.01633587786259542,0.014751088202970868,0.034961832061068704,0.036030948908594755,0.17419847328244276,0.160213669387246,0.5078362822532654,0.2858332395553589,0.00013974546163808554,0.9999916553497314,0.1051236167550087,0.5484616756439209,-0.9990987777709961,0.9999457597732544
548,3,3000.0,1.1475020132505018,0.49732049362497693,0.49882006645202637,0.5405874692519173,0.5053216153678186,0.07307191433945884,0.10178214072739189,0.13861959195485457,0.149748544913987,0.015048473448126177,0.015515780063757841,0.0374764867602373,0.03681831632729746,0.19519606424540586,0.19081360259974717,0.5051373243331909,0.2884419560432434,0.00011633081157924607,0.9997595548629761,0.11585363000631332,0.5484679937362671,-0.9999055862426758,0.9998453855514526
549,3,3000.0,1.2033424992041466,0.535223621205366,0.5282535552978516,0.49679336774597216,0.46984260416668466,0.0985452839042703,0.13360157750700338,0.13765055529485373,0.1326466055997883,0.01923979352416706,0.020255521876901255,0.03863600813389645,0.038075190550926265,0.2091349913968403,0.20557850029869615,0.5007866621017456,0.2848972976207733,9.653653251007199e-05,0.9997891187667847,0.11812734603881836,0.5460828542709351,-0.9989081025123596,0.9990360736846924
550,3,3000.0,1.2197805978901763,0.607338092423893,0.6095269918441772,0.49499589827727647,0.47706169256138253,0.07809680065627564,0.1026381539474656,0.15291222313371616,0.14974621722123582,0.01837571780147662,0.018597275596888948,0.03789991796554553,0.03699110597844924,0.2177194421657096,0.21496555469457784,0.4974789619445801,0.2867884933948517,2.8401551389833912e-05,0.9987791776657104,0.10263381153345108,0.5530086159706116,-0.9989137649536133,0.9996579885482788
551,3,3000.0,1.2241116875390559,0.6265799250571545,0.629086434841156,0.490087915876573,0.46441326304565383,0.0908464057921048,0.10432215557827536,0.1522151353214963,0.15037125224162237,0.01741079124288916,0.0180522305582233,0.032063437338389934,0.034103508945797084,0.2173763144285468,0.22873758963042806,0.5041986703872681,0.2878074049949646,0.0001165847570518963,0.9999865889549255,0.1051003709435463,0.541515052318573,-0.9999651908874512,0.9989099502563477
552,3,3000.0,1.2220954228313194,0.6187280452853101,0.622296154499054,0.4885516867633112,0.4443844842322346,0.08454139005554803,0.12726566453717686,0.14171521474055007,0.15444247526951524,0.02018696653569977,0.022400520136527914,0.04308359300907736,0.03388149513922421,0.22192114889581357,0.21762536068532118,0.49703070521354675,0.285871297121048,6.936704448889941e-05,0.9998855590820312,0.10850822180509567,0.5491495728492737,-0.9990159273147583,0.9998859167098999
553,3,3000.0,1.2343387944357735,0.5768755165651974,0.583250105381012,0.49483816964285715,0.461877259804123,0.07952008928571429,0.13074128344440675,0.154296875,0.15692367002496152,0.021344866071428572,0.021170285994194165,0.04868861607142857,0.040940040119679964,0.20131138392857142,0.18834746061263463,0.49833232164382935,0.28728267550468445,0.00010939242201857269,0.9997871518135071,0.08570209890604019,0.5538539290428162,-0.9975676536560059,0.999441385269165
554,3,3000.0,1.2657516304995236,0.5871664878293166,0.5844612121582031,0.4705209656925032,0.4363535625500306,0.09021601016518424,0.13063132843288444,0.17750952986022872,0.18015141451848213,0.020457433290978398,0.021011849164032672,0.04752223634053367,0.0440071764049232,0.1937738246505718,0.18784466892964694,0.4987109303474426,0.28787916898727417,4.020281267003156e-05,0.9998577833175659,0.09563248604536057,0.5501270294189453,-0.9993377923965454,0.999902606010437
555,3,3000.0,1.2909370706469574,0.5459732178616239,0.5475131869316101,0.4711878227779288,0.45134106396549684,0.08833922261484099,0.10350900876208688,0.15207936939385702,0.15894737955923127,0.02663767328078282,0.028972938509436344,0.053954879043218266,0.05364139392340804,0.2078010328893721,0.2035882152803406,0.49711474776268005,0.28865399956703186,2.091012902383227e-05,0.9998215436935425,0.0999349057674408,0.5545319318771362,-0.9997124075889587,0.9999703168869019
556,3,3000.0,1.3090436863466484,0.5324738429399455,0.5312348008155823,0.4293452437517818,0.41124996885819265,0.10263232918369286,0.12170850587301718,0.14843675757863728,0.14987065566827168,0.021096645443314643,0.020981397758277787,0.05511736196902024,0.05240296391644642,0.24337166207355318,0.24378650792579426,0.5013677477836609,0.28782427310943604,3.899200606838349e-08,0.9999398589134216,0.07047660648822784,0.5587238073348999,-0.9997854232788086,0.9998252391815186
557,3,3000.0,1.3002891067239841,0.5477518935935526,0.5466834902763367,0.4033498759305211,0.3696917963147303,0.12084367245657568,0.1676959810522575,0.15161290322580645,0.14888405108368002,0.01588089330024814,0.015205790874631048,0.048511166253101735,0.04712741542304592,0.2598014888337469,0.25139496525165517,0.5031915903091431,0.28627458214759827,3.9514077798230574e-05,0.999524712562561,0.07250690460205078,0.5607507824897766,-0.9988780617713928,0.9999353885650635
558,3,3000.0,1.3078076567384893,0.5610459125184333,0.5562190413475037,0.40329685945715504,0.3760252085891742,0.11936904931078585,0.15899957683565322,0.16512718487992042,0.1543582336993101,0.02117379565155606,0.019432391588214637,0.05002131590166264,0.04386657651899633,0.24101179479892,0.24731801276865154,0.5050820112228394,0.28370973467826843,4.869972144661006e-06,0.9997646808624268,0.07206673920154572,0.5569198131561279,-0.9999522566795349,0.9999762773513794
559,3,3000.0,1.3156109950581536,0.5554676208136735,0.5518775582313538,0.3993340163934426,0.37069671762849804,0.10655737704918032,0.14625268240491057,0.18417008196721313,0.1863299126579529,0.02036372950819672,0.02146950126584474,0.047515368852459015,0.04661974410769278,0.24205942622950818,0.22863144193510096,0.5021892189979553,0.28640216588974,0.00021221023052930832,0.9999893307685852,0.06917542219161987,0.562683641910553,-0.9984322786331177,0.999732494354248
560,3,3000.0,1.2948981594031965,0.5552021275978356,0.5506933331489563,0.44190140845070425,0.4276309925904647,0.14066901408450705,0.1620029770444216,0.1619718309859155,0.1567567109865793,0.01919014084507042,0.017784816387530794,0.04929577464788732,0.04331954479540611,0.1869718309859155,0.1925049581955975,0.5120775699615479,0.2854142189025879,0.00029146033921279013,0.9999986290931702,0.07133837044239044,0.5625726580619812,-0.999058723449707,0.999850869178772
561,3,3000.0,1.2893141782465416,0.5643402249766156,0.5674788951873779,0.45262916714400275,0.4349465806907417,0.1224653454003895,0.1490348074526231,0.15626074006186275,0.15455671637023077,0.020048115477145148,0.0198128204657535,0.054645434757704205,0.049424554293972515,0.19395119715889564,0.1922245207266784,0.5019382834434509,0.2870832085609436,0.00033580290619283915,0.9999817609786987,0.0678611621260643,0.5589789748191833,-0.9997636079788208,0.9998937845230103
562,3,3000.0,1.3023628876588056,0.5717494676430811,0.5726086497306824,0.45292056074766357,0.40894535109002755,0.12044392523364486,0.17041285266534756,0.15186915887850466,0.1525244197516581,0.020093457943925235,0.02046544922589609,0.05689252336448598,0.049328746148059294,0.1977803738317757,0.19832318111901137,0.4984954595565796,0.28590044379234314,6.422857495635981e-06,0.999748170375824,0.06577038764953613,0.5574235320091248,-0.9994824528694153,0.9999074935913086
563,3,3000.0,1.323722289017904,0.5729760779990806,0.5760135054588318,0.39618760285244103,0.35287966397628384,0.15894130554031816,0.22351075950538196,0.16332967635765222,0.16390119103722536,0.018924849149753155,0.018821060079208397,0.05471749862863412,0.04808245447198004,0.20789906747120132,0.19280487092992038,0.49956268072128296,0.28812912106513977,0.00024103891337290406,0.999998152256012,0.06840483844280243,0.5542516708374023,-0.9999098777770996,0.9991739988327026
564,3,3000.0,1.3262980538969442,0.5747826702021372,0.5764299035072327,0.4003933996284559,0.36601390569462977,0.15440935416894327,0.20338825078851594,0.17899683094743743,0.17728120068584854,0.019779259097366407,0.020254463103735514,0.05157906239755218,0.04812648797606132,0.19484209376024478,0.1849356917512089,0.497408390045166,0.28353363275527954,0.00011094081855844706,0.9998509883880615,0.07509605586528778,0.5609474182128906,-0.9998669624328613,0.9994937181472778
565,3,3000.0,1.3454732778704714,0.5828272553497114,0.5850030183792114,0.3755857544517338,0.34552521948173837,0.14409559512652295,0.1915401751391405,0.18638706654170573,0.1818430499759259,0.020384254920337394,0.0200051956640324,0.05283505154639175,0.04977177962982409,0.22071227741330834,0.21131458010933876,0.5074928402900696,0.2870684564113617,0.0002564230526331812,0.9999541640281677,0.07491294294595718,0.5613794922828674,-0.9997443556785583,0.999913215637207
566,3,3000.0,1.3460367342158739,0.5998883122576811,0.6030738353729248,0.38035072432196926,0.3568907685307728,0.19954253349308354,0.24754341809703265,0.18668990306066877,0.17690236236382648,0.02091275460189522,0.01677768565256981,0.040627382638056854,0.032636493635026256,0.17187670188432633,0.16924927172077203,0.5026453733444214,0.2878504693508148,3.4586326364660636e-05,0.9998874664306641,0.05527875944972038,0.5662148594856262,-0.9995032548904419,0.9992518424987793
567,3,3000.0,1.3358007287658353,0.6150833008690572,0.6100704073905945,0.35916934776250364,0.3311424573827735,0.22638198303597543,0.3002514133589092,0.20707809300965194,0.18478580683317666,0.02559227844398947,0.025334875792965672,0.049429657794676805,0.03802514234808332,0.1323486399532027,0.12046030428409168,0.4988076388835907,0.2862049341201782,6.737780495313928e-05,0.9997184872627258,0.053617577999830246,0.5604123473167419,-0.9992459416389465,0.9994974136352539
568,3,3000.0,1.3856036203345223,0.5678976115659793,0.5619405508041382,0.3206796429723626,0.2852689514167643,0.19905366168405206,0.2820408921915634,0.25045703839122485,0.22915183173431408,0.027422303473491772,0.02318173819562997,0.05774814496182385,0.049815180105266844,0.14463920851704484,0.13054140635646144,0.5090606212615967,0.2869397699832916,0.0004413377318996936,0.9999282956123352,0.050130896270275116,0.5644903182983398,-0.9999290704727173,0.9997624158859253
569,3,3000.0,1.3850239003387652,0.5901825697636021,0.584587037563324,0.29427031343581556,0.27610977719621665,0.21621082052305848,0.2634335593102551,0.23617488520662808,0.2183254061544429,0.025054901177879816,0.024700138452787533,0.05440207626272709,0.04832966176548812,0.173887003393891,0.16910145712080976,0.5017037987709045,0.28663191199302673,1.7313974240096286e-05,0.9999767541885376,0.05519387125968933,0.568331778049469,-0.9994986057281494,0.9998345375061035
570,3,3000.0,1.4017113642832901,0.5812327560869236,0.5850170850753784,0.29379257164888833,0.2684118518377166,0.2123120421539648,0.26988201451082555,0.22207942423852975,0.21319581507848895,0.036627682817118624,0.03286611583344885,0.05436319239172343,0.04925204256425636,0.1808250867497751,0.1663921601752637,0.504575788974762,0.2873479127883911,4.842501220991835e-05,0.9996582865715027,0.06541963666677475,0.5599035024642944,-0.9997835755348206,0.9999288320541382
571,3,3000.0,1.3983682103903896,0.5904924692007212,0.5976923108100891,0.3322289156626506,0.2986416096212434,0.23373493975903614,0.2923445078431592,0.17620481927710843,0.1841684586343628,0.043674698795180725,0.037194704526884094,0.0463855421686747,0.0409611211808595,0.16777108433734939,0.14668959819349098,0.5039343237876892,0.2873411178588867,8.328047988470644e-05,0.9999389052391052,0.06522692739963531,0.5609862804412842,-0.99878990650177,0.9998354911804199
572,3,3000.0,1.4554184187797223,0.6059858257528231,0.6073818206787109,0.2938228676620986,0.27194731169888087,0.19155246471671097,0.23668866028923666,0.19380241358150951,0.1806521102594834,0.05123747187563919,0.048964132696038165,0.07649826140314993,0.0670802442847101,0.1930865207608918,0.1946675407716508,0.5033626556396484,0.2862139642238617,8.516488742316142e-05,0.9999473094940186,0.05913843587040901,0.561677098274231,-0.9985474348068237,0.9997408390045166
573,3,3000.0,1.417095597968044,0.6614406542205713,0.6649160981178284,0.27271586345381527,0.24990992148795182,0.2552710843373494,0.30980013498415676,0.1897590361445783,0.18024824646653734,0.05948795180722891,0.05490282880864627,0.07354417670682731,0.06806245308678839,0.1492218875502008,0.13707641516591942,0.5015131235122681,0.29044950008392334,0.00014365023525897413,0.9999731183052063,0.06784549355506897,0.5635807514190674,-0.9999922513961792,0.999649167060852
574,3,3000.0,1.4348171373420793,0.6769773397331348,0.6761058568954468,0.24409925358079484,0.224733090402158,0.26971958846076255,0.3182445480527041,0.21363728061327417,0.19475039217284573,0.059310066572523704,0.05612992519040096,0.0839217268509179,0.07414186117960811,0.12931208392172686,0.13200018300228314,0.5109243988990784,0.2859196066856384,0.0005096541717648506,0.9997704029083252,0.04997450113296509,0.5612686276435852,-0.9997652769088745,0.9994165897369385
575,3,3000.0,1.414611968360996,0.618810077614311,0.618996798992157,0.2883817427385892,0.2657004404619876,0.26431535269709544,0.32420000175151603,0.1570539419087137,0.14270646634554193,0.08962655601659751,0.08263525553983878,0.07842323651452282,0.07095905560900607,0.12219917012448132,0.11379878029210963,0.5102952122688293,0.28638601303100586,0.0003484380431473255,0.9999760389328003,0.0438317246735096,0.5686107873916626,-0.9995309710502625,0.9997230768203735
576,3,3000.0,1.428861643125892,0.603973353539132,0.6059654355049133,0.36119889897033336,0.31754805220582083,0.20389438270975635,0.3065835629615055,0.13202161280456723,0.12117997728545218,0.10357834641655622,0.08677967868169473,0.0854317463553879,0.06689568941010834,0.11387501274339892,0.10101303945541841,0.4976661205291748,0.2883751392364502,2.3047065042192116e-05,0.9999879002571106,0.036750566214323044,0.5664371252059937,-0.9999743103981018,0.999645471572876
577,3,3000.0,1.3848262758888594,0.6593179679626666,0.6553472876548767,0.3669111302847282,0.33378669773100283,0.22842968075927525,0.2797849446731692,0.13556945642795512,0.13315261067594547,0.1095772217428818,0.10264719021023432,0.0593183779119931,0.0540171826133246,0.10019413287316652,0.09661137409632357,0.5058788657188416,0.28855517506599426,0.00022776835248805583,0.9999160766601562,0.030032970011234283,0.5689942240715027,-0.9999825358390808,0.9998244047164917
578,3,3000.0,1.3125318943416897,0.6812645383809898,0.6801100969314575,0.32985274431057565,0.28718364108053285,0.33306559571619815,0.4071810537391837,0.06987951807228916,0.06157016887481746,0.11659973226238286,0.10524212888308103,0.04752342704149933,0.04033123977852252,0.10307898259705489,0.09849176764386243,0.5025588870048523,0.2868378758430481,0.00010328917414881289,0.9998760223388672,0.039394181221723557,0.5678179860115051,-0.9997515082359314,0.99985671043396
579,3,3000.0,1.3326059378131834,0.5989085397091978,0.598594069480896,0.2866472303206997,0.2530393510081207,0.3443731778425656,0.4101334091680589,0.09049562682215744,0.09164639857425672,0.10740524781341108,0.093771427274137,0.07848396501457726,0.06688572601948696,0.09259475218658893,0.08452368795593972,0.5040881037712097,0.2879747450351715,9.785542715690099e-06,0.9998605251312256,0.02437973953783512,0.5718169212341309,-0.9993952512741089,0.9999473094940186
580,3,3000.0,1.3659403934711363,0.5232341042558392,0.5269238352775574,0.23923399390243902,0.18763398687718905,0.35060975609756095,0.4477239055366973,0.11108993902439024,0.1085380650204119,0.08755716463414634,0.07078523697089008,0.10461128048780488,0.08973432672142777,0.10689786585365854,0.09558447887338392,0.5018248558044434,0.2886790633201599,2.3314727513934486e-05,0.9999538064002991,0.03130341321229935,0.5709739327430725,-0.9999662637710571,0.9999619722366333
581,3,3000.0,1.2222481748309062,0.5555825543553232,0.5450655817985535,0.17121380846325168,0.14393345315990239,0.4688195991091314,0.5152161803564197,0.10050111358574611,0.10195321392825497,0.07488864142538976,0.06842973029944306,0.08532850779510022,0.08165124823072586,0.09924832962138085,0.08881617402525402,0.5061572790145874,0.28616154193878174,0.0001507720589870587,0.9998406767845154,0.018061114475131035,0.5680311322212219,-0.9999605417251587,0.9999889135360718
582,3,3000.0,1.1970811669516102,0.6497740552917091,0.6631821393966675,0.1643005540166205,0.14012158571381042,0.4870152354570637,0.5592351864404432,0.0907202216066482,0.07659060568937659,0.07912049861495844,0.06707431674508517,0.08950831024930749,0.08219594311027638,0.08933518005540166,0.07478236230100821,0.5065568089485168,0.2863447368144989,0.00010882696369662881,0.9998024702072144,0.017142660915851593,0.5633758902549744,-0.9999645352363586,0.9995369911193848
583,3,3000.0,1.1513928798103628,0.6463074654657338,0.6473759412765503,0.15162287480680062,0.11574216090406045,0.4953632148377125,0.6146907604826541,0.09227202472952087,0.07174742092602332,0.0714064914992272,0.05607110208573405,0.0973724884080371,0.06786758419572161,0.0919629057187017,0.07388097140580639,0.5083792209625244,0.2870960831642151,0.00018066770280711353,0.9997929930686951,0.02206379920244217,0.5655189752578735,-0.999902069568634,0.9998507499694824
584,3,3000.0,1.2487937666607267,0.614955426321753,0.6050989031791687,0.16771596656001653,0.12587390079533253,0.4274950975332852,0.5565902225073804,0.11404685726081124,0.08767146059205434,0.0731757663329549,0.060041892909367914,0.13572092063164412,0.10166353176286903,0.08184539168128806,0.06815899143299574,0.5019010901451111,0.2896454632282257,0.00022169943258631974,0.9998663663864136,0.01329855527728796,0.5714538097381592,-0.9998278021812439,0.999875545501709
585,3,3000.0,1.2402356491875404,0.6325603437331182,0.6367084383964539,0.16314432989690722,0.13005239252174175,0.4512027491408935,0.5456951124271435,0.11786941580756014,0.1003970940979829,0.07285223367697595,0.06624503875151969,0.11666666666666667,0.09083006071690346,0.07826460481099656,0.06678030148470869,0.506887674331665,0.2876001298427582,2.2362371964845806e-05,0.9998059272766113,0.0203331857919693,0.571863055229187,-0.9998531937599182,0.9997767210006714
586,3,3000.0,1.2181203048281053,0.6445229593413351,0.6468803286552429,0.13847900113507378,0.12697907379383455,0.4740242731162141,0.5180706101114514,0.1392648214441631,0.12702230311165194,0.0681044267877412,0.06199747321296638,0.10294246049070113,0.09365884808410582,0.0771850170261067,0.07227169168598989,0.5079280138015747,0.28878912329673767,9.708229481475428e-05,0.9999152421951294,0.021289991214871407,0.5750314593315125,-0.9999707937240601,0.9999364614486694
587,3,3000.0,1.1507738177880942,0.607488796169665,0.6169483065605164,0.12706784943658594,0.11393720588867927,0.47650443538719733,0.5213113372206216,0.14277151762167345,0.13621687483836822,0.054183649005034765,0.04756686214649653,0.11304243586669864,0.10703065825786998,0.08643011268280988,0.07393706164796436,0.5035955309867859,0.2877053916454315,0.00010829793609445915,0.9999609589576721,0.02672829106450081,0.5671679377555847,-0.999977171421051,0.9995125532150269
588,3,3000.0,1.1613928614014004,0.5989879834178842,0.6010341048240662,0.11609822646657572,0.09955198080520536,0.4878581173260573,0.5585230255904431,0.14092769440654843,0.11640446525797245,0.0529331514324693,0.04853410273246533,0.10163710777626193,0.09196304286872728,0.10054570259208731,0.08502338274518646,0.5049801468849182,0.28678959608078003,0.001072601182386279,0.999873161315918,0.025584276765584946,0.5703136920928955,-0.9999114274978638,0.9997954368591309
589,3,3000.0,1.1110139124126515,0.6362915993678872,0.6326967477798462,0.11998716714789862,0.09937391466218554,0.5478023740776388,0.6033397121702796,0.10474815527751043,0.09222934035972179,0.058229066410009626,0.05002935055058208,0.08229066410009625,0.07969957892933341,0.08694257298684632,0.07532810332789756,0.5030367374420166,0.2884898781776428,0.0001736884005367756,0.9999122619628906,0.03102251887321472,0.5628319382667542,-0.9999536871910095,0.9994732141494751
590,3,3000.0,1.2209996812101298,0.6078056434948144,0.6014090776443481,0.13682358117025956,0.10990914948904677,0.47411643936061004,0.5467247892043016,0.12289191963631031,0.10579383326306238,0.07009825487608154,0.06303864619325311,0.09473529843085496,0.0853091204820512,0.10133450652588356,0.08922446136828494,0.5071466565132141,0.2874792218208313,9.825819142861292e-05,0.999984622001648,0.026529066264629364,0.5684663653373718,-0.9999390840530396,0.9994032382965088
591,3,3000.0,1.1673810323477352,0.6367938909067037,0.639339029788971,0.12533249882647474,0.11154552384621437,0.5119699577530903,0.5614662095791949,0.1192301674229385,0.10994871306690718,0.06446565482710061,0.059148799099386626,0.08214676889375684,0.07361404258268363,0.09685495227663903,0.08427671182561335,0.5102572441101074,0.2887497842311859,0.000251152494456619,0.9999477863311768,0.03023901954293251,0.5707827210426331,-0.9992215633392334,0.9998751878738403
592,3,3000.0,1.1829237617514528,0.6180350259938933,0.6132310032844543,0.11874862304472351,0.10675922980018915,0.49261951971799955,0.5649345027651063,0.129103326723948,0.11180685772611818,0.07556730557391496,0.06503373186611526,0.11147829918484248,0.09053082096074289,0.07248292575457149,0.06093485688172829,0.5012481808662415,0.28541475534439087,0.0006419973797164857,0.9995779395103455,0.02029678411781788,0.5721495151519775,-0.9996721148490906,0.9998583793640137
593,3,3000.0,1.2000741514275455,0.6144216336260102,0.6145442724227905,0.13137876386687797,0.10971891898128644,0.4648177496038035,0.5606141066111444,0.12836767036450078,0.10477780051082737,0.08272583201267829,0.07130664327040842,0.11030110935023772,0.08511455509031644,0.08240887480190175,0.06846797553601687,0.5045425295829773,0.2868154048919678,2.1577572624664754e-05,0.9999509453773499,0.02002100646495819,0.572005569934845,-0.9996958374977112,0.9997854232788086
594,3,3000.0,1.441109724250329,0.5205764081361245,0.5159849524497986,0.17101996226040322,0.1413686742784145,0.2702353759062469,0.36658575620855544,0.1464892243519714,0.12870005092858314,0.12086602443142318,0.11399715158204721,0.13179064455258716,0.10910677360780548,0.15959876849736815,0.14024159339459424,0.5032026767730713,0.28816330432891846,0.00010392134572612122,0.9999671578407288,0.020405353978276253,0.5678608417510986,-0.9992135763168335,0.9998098611831665
595,3,3000.0,1.448321389960915,0.5245263606628477,0.526141881942749,0.17076893722572029,0.14920941623258632,0.29059339820644914,0.3512446091789398,0.144628887616867,0.12989549939175696,0.13642434649875979,0.12890094839154434,0.11906124785346307,0.11302684464877577,0.1385231825987407,0.1277226821563968,0.500379741191864,0.28847378492355347,0.0001433241559425369,0.9999552369117737,0.02115199714899063,0.5707813501358032,-0.9998819828033447,0.9998904466629028
596,3,3000.0,1.4187906811218036,0.5214600601816565,0.5228267908096313,0.21559970566593084,0.18281513950241235,0.2836644591611479,0.34053289360722294,0.16727986264410105,0.15770184423421862,0.07235712533725779,0.07352592516047098,0.12300711307333824,0.12289219881869966,0.13809173411822417,0.12253199867697545,0.5072361826896667,0.28819409012794495,0.00014465919230133295,0.9997598528862,0.03234770521521568,0.570862889289856,-0.999876081943512,0.9998393058776855
597,3,3000.0,1.4234983762302387,0.45985779512637254,0.45709216594696045,0.21847489150650962,0.2055376063791768,0.2443893366398016,0.3093752874548152,0.19752014879107255,0.1771310244703433,0.05691258524488531,0.05472640822453545,0.1453192808431494,0.12173615867792076,0.13738375697458152,0.13149351479320853,0.5075247287750244,0.28855857253074646,3.4388633594062412e-06,0.9999932646751404,0.026427196338772774,0.5722373127937317,-0.9996134042739868,0.9998047351837158
598,3,3000.0,1.4228585100646178,0.4286913051964398,0.4377598464488983,0.19365230879370005,0.17829853637685503,0.23159527502684643,0.2877875783457298,0.22920892494929007,0.20870364172544517,0.05440878176828541,0.05380547368865951,0.139004892017659,0.1281811291187924,0.15212981744421908,0.14322364074451804,0.5081114768981934,0.2866690456867218,0.00018084592011291534,0.9998460412025452,0.033495593816041946,0.5687662959098816,-0.9995720982551575,0.9999580383300781
599,3,3000.0,1.4558242110715243,0.4239015397597994,0.43070611357688904,0.20171551107934238,0.1691546944619549,0.22473195139385274,0.3158264091746101,0.20514653323802717,0.18388851697468075,0.07376697641172265,0.0657612959627917,0.1409578270192995,0.13354456348833077,0.15368120085775555,0.13182451993763178,0.49812379479408264,0.289326936006546,3.600587660912424e-05,0.9998448491096497,0.03338318690657616,0.5614184141159058,-0.9995856881141663,0.9999637603759766
600,3,3000.0,1.3888259181468048,0.4753522129556706,0.48154816031455994,0.18548387096774194,0.17284313328076828,0.3085553997194951,0.34339044816660785,0.19723001402524545,0.18667876488684193,0.07258064516129033,0.07769372946162532,0.12692847124824685,0.11864943493461025,0.10922159887798036,0.10074448926954639,0.5030834674835205,0.2858608067035675,0.00027282757218927145,0.9998696446418762,0.02838061936199665,0.5717819929122925,-0.9999811053276062,0.9998438358306885
601,3,3000.0,1.4672094847832944,0.4488546844947458,0.45250189304351807,0.1954132318748679,0.17465925403268426,0.22088353413654618,0.28395051831038853,0.23219192559712534,0.2174503642266608,0.07376875924751639,0.06941980292582545,0.15620376241809342,0.14130399770912191,0.12153878672585078,0.11321606279531907,0.5005238652229309,0.28906384110450745,7.166159775806591e-05,0.9999846816062927,0.02520904503762722,0.5716243982315063,-0.999950110912323,0.9999561309814453
602,3,3000.0,1.4379380260109602,0.46905878126651795,0.46565863490104675,0.1823883592574009,0.17705813572850268,0.2494982438534872,0.2801064631366102,0.2200200702458605,0.20943589456113057,0.07313095835423984,0.07006054559405414,0.14877069744104365,0.13816416766213968,0.1261916708479679,0.12517479331756276,0.5048326253890991,0.2863061726093292,0.00042655810830183327,0.9996477365493774,0.03327406570315361,0.5727014541625977,-0.9995917081832886,0.999801754951477
603,3,3000.0,1.4516075147772012,0.43061881223323895,0.4332568049430847,0.17607332368547998,0.16433282953255035,0.22640295867502813,0.24470918818367876,0.22045344910757356,0.22193689385208176,0.07637883904164657,0.07820994955544344,0.179289274803023,0.1753583589702629,0.12140215468724876,0.1154527799059828,0.502691388130188,0.28678369522094727,9.20492602745071e-05,0.9998648166656494,0.024139055982232094,0.568781852722168,-0.9997967481613159,0.999342679977417
604,3,3000.0,1.490533042273072,0.4027432530362841,0.39140844345092773,0.18733618430128293,0.1741728482883474,0.17961098082494137,0.22421425896148023,0.20637329286798178,0.1986097272502297,0.07973513588081114,0.07961323466845541,0.19588908815008968,0.18718892816317262,0.15105531797489308,0.13620100266831464,0.5041581988334656,0.2872282564640045,6.161207420518622e-05,0.9999294877052307,0.03680688887834549,0.5718530416488647,-0.9993411302566528,0.9999246597290039
605,3,3000.0,1.5007305796065042,0.3857500087384924,0.3842526972293854,0.1818743245329628,0.16489024715374187,0.18943955534969895,0.24400287446939836,0.19993824301374094,0.18630478772499312,0.0856878184344604,0.08326813202094732,0.19314497452524318,0.1799535810561688,0.1499150841438938,0.14158037757475053,0.5061801671981812,0.28834080696105957,0.00010400549945188686,0.9998920559883118,0.03279069811105728,0.570424497127533,-0.9995661973953247,0.999872088432312
606,3,3000.0,1.4701037331154727,0.3800122120440725,0.3817724287509918,0.1590233819919907,0.14574736851577957,0.20578736597338845,0.23841333715986945,0.23020281617362098,0.22620275849442267,0.0755716315721483,0.07646753984311047,0.15876501743960728,0.15780230381812846,0.17064978684924428,0.15536669216868937,0.5015884637832642,0.2862986922264099,0.00015725416596978903,0.9997547268867493,0.0237626601010561,0.5748928785324097,-0.9996172189712524,0.9994913339614868
607,3,3000.0,1.494768005179761,0.35153981700794623,0.3562159240245819,0.14281762861884567,0.13483968942624533,0.1989673612391665,0.23437564704263894,0.18891757329891204,0.18462154077388138,0.09542688548773741,0.09680622630810083,0.18052738336713997,0.17146720059265866,0.19334316798819842,0.17788969585647488,0.5079001784324646,0.28735604882240295,0.00012943678302690387,0.9997872114181519,0.022829392924904823,0.571064829826355,-0.9996933341026306,0.9999735355377197
608,3,3000.0,1.4801045804366857,0.3613866167501923,0.360574334859848,0.14517830765984385,0.13889314695664298,0.21017092213547162,0.24629475625094602,0.204473517619751,0.19386124424835793,0.09843848913272843,0.09635621199329328,0.12027853977632412,0.11204845377614113,0.22146022367588097,0.21254618677461865,0.5039390921592712,0.28916773200035095,0.00017334979202132672,0.9995567798614502,0.01321745477616787,0.569083571434021,-0.9999433159828186,0.9997793436050415
609,3,3000.0,1.5168396649384936,0.36523360350632833,0.3609054386615753,0.16169593681804012,0.14179772896528478,0.19422217603657904,0.26683315942397234,0.17967369843084277,0.15895610058885162,0.11908968097266964,0.11731980627104734,0.11410163150784579,0.10187788594575978,0.23121687623402265,0.21321531880508415,0.5040138363838196,0.2899618148803711,6.042398581485031e-07,0.9999756217002869,0.018323933705687523,0.5692186951637268,-0.999976634979248,0.9997751712799072
610,3,3000.0,1.5127340965808935,0.3808797213261973,0.38226452469825745,0.13917841814837523,0.12690603292029037,0.2268546903740037,0.2638293446487162,0.18491722869405272,0.1786034839778377,0.13182096873083998,0.12696563976125164,0.1308399754751686,0.12422882012446274,0.1863887185775598,0.1794666785674413,0.5069059133529663,0.28636524081230164,9.824221342569217e-05,0.9997632503509521,0.022280795499682426,0.5788397789001465,-0.999434769153595,0.9999048709869385
611,3,3000.0,1.5033054988005334,0.36811995091368077,0.3673025369644165,0.12589928057553956,0.11568918500503375,0.24231523871811642,0.27735213161032407,0.184107259646828,0.18225303944468874,0.12442773054283846,0.11834649390063864,0.12426422498364945,0.11900059104465698,0.19898626553302812,0.18735855899465784,0.5109374523162842,0.28807705640792847,0.00035646549076773226,0.9999377727508545,0.020375145599246025,0.5688812136650085,-0.9991831183433533,0.998274564743042
612,3,3000.0,1.537596051102822,0.34229214522880785,0.33680325746536255,0.13473469765719048,0.11661997405345245,0.20122233540142606,0.2657293854764455,0.19455505139364757,0.18093896666140938,0.12436336697842393,0.11659009943036258,0.13362348365589408,0.1278922253901809,0.2115010649134179,0.19222934898814922,0.5043835043907166,0.2885393798351288,5.152785433892859e-06,0.9999273419380188,0.014990335330367088,0.5693408846855164,-0.9999287128448486,0.9999233484268188
613,3,3000.0,1.4577022597245137,0.38707070272476946,0.38397398591041565,0.12505175983436853,0.11466565095259054,0.25866114561766734,0.29349489034444687,0.1961352657004831,0.18791322235894328,0.11939268461007592,0.10934950455386792,0.09565217391304348,0.0979656028530407,0.20510697032436162,0.19661112893711066,0.505550742149353,0.2872470021247864,0.0002943548606708646,0.9999358057975769,0.02847447618842125,0.5725031495094299,-0.9996262192726135,0.9997049570083618
614,3,3000.0,1.469276039568125,0.35566330991451384,0.34496575593948364,0.12324611300720516,0.10287571527403108,0.2267728479332575,0.3032777735774672,0.23056503602578687,0.22313647799760805,0.10908861079509544,0.09834502562297724,0.07900391859436227,0.07129963633594931,0.23132347364429276,0.20106537119196707,0.5064644813537598,0.2883823812007904,5.4613650718238205e-05,0.9999140501022339,0.033138979226350784,0.5727308392524719,-0.9998602867126465,0.9995193481445312
615,3,3000.0,1.4439682669628355,0.3567150066857978,0.35400280356407166,0.0956867841767525,0.07584844666485732,0.191129883843717,0.2702587887299758,0.27609454958979773,0.2604839128699967,0.09008204045162863,0.08750923612686996,0.07619202339371293,0.073327692260631,0.2708147185443912,0.2325719233476692,0.5060763359069824,0.289350301027298,8.556747843613266e-07,0.9998466968536377,0.02165096066892147,0.5677502155303955,-0.9995502829551697,0.9997545480728149
616,3,3000.0,1.3802363285284132,0.41717954481274006,0.4198673963546753,0.14757822988743158,0.12169945219275287,0.2735722400082619,0.354832926432614,0.23732314365382629,0.2282011390334484,0.0834452132603532,0.07768808325879034,0.0531859960755964,0.04748300076096107,0.20489517711453062,0.17009539832143333,0.5036962628364563,0.2864570915699005,7.620733958901837e-05,0.9997518062591553,0.024372873827815056,0.5705075263977051,-0.9996269345283508,0.9998466968536377
617,3,3000.0,1.3852923225333489,0.360541790383019,0.3634304106235504,0.16560980765165928,0.14761852815471935,0.2666455294863665,0.3161476409479069,0.27340942718241384,0.25808737700155765,0.09004438807863031,0.08872007110255799,0.05728175861340097,0.05472803765803151,0.14700908898752907,0.1346983451352266,0.506041407585144,0.28783392906188965,2.3209175196825527e-05,0.9998936653137207,0.02144799940288067,0.5709264278411865,-0.9998136162757874,0.9999067783355713
618,3,3000.0,1.350096048889721,0.34944201335236585,0.34782126545906067,0.1851691709004432,0.16168614325886652,0.29099556804669763,0.3795167687572494,0.23997405685871798,0.21570001110176557,0.09350340503729326,0.08280414949480701,0.05566965733434223,0.04879974053663186,0.13468814182250569,0.11149318685067967,0.5015731453895569,0.2900601327419281,0.00021046277834102511,0.9998370409011841,0.014717531390488148,0.5754901170730591,-0.9999129772186279,0.9997448921203613
619,3,3000.0,1.3559800354863556,0.30640274764864234,0.3056751787662506,0.22732394366197184,0.18601934497295375,0.2554929577464789,0.3564162863579552,0.24018779342723004,0.2148776142223074,0.0739906103286385,0.07643768510245955,0.04488262910798122,0.03741343736163885,0.15812206572769952,0.1288356319826853,0.5004160404205322,0.28856128454208374,1.4449385162151884e-05,0.9999814033508301,0.028712591156363487,0.5720266699790955,-0.9998359680175781,0.9999834299087524
620,3,3000.0,1.301577994188658,0.34506702884952134,0.34633055329322815,0.17499088589135983,0.15261015761796093,0.319601409648803,0.38675975377973854,0.25142787702029407,0.23803365425802545,0.06306963179001093,0.05896477494312343,0.05128205128205128,0.04431142175751646,0.13962814436748086,0.1193202376436352,0.507462203502655,0.2867235541343689,4.062165317009203e-06,0.9999454617500305,0.030819453299045563,0.5726802945137024,-0.9999226927757263,0.9997634887695312
621,3,3000.0,1.3223799097859776,0.358522515187494,0.3547890782356262,0.20276208411801633,0.175738177048211,0.29642184557438794,0.37215527094474304,0.2379158819836786,0.2154240082869053,0.06302573760200879,0.06319363611078642,0.04971751412429379,0.0440230472236483,0.15015693659761456,0.12946586038570593,0.5042866468429565,0.28849494457244873,0.00011396572517696768,0.9999108910560608,0.04048231244087219,0.576035737991333,-0.9998654127120972,0.9997663497924805
622,3,3000.0,1.3358641032016638,0.3910682579203115,0.388719767332077,0.17219065656565657,0.14885462048769935,0.3284406565656566,0.39299042932173944,0.20186237373737373,0.19614187334192093,0.06691919191919192,0.06506392063339858,0.057133838383838384,0.0511777982723226,0.17345328282828282,0.1457713579429191,0.49829211831092834,0.28935348987579346,0.00022584054386243224,0.9999721646308899,0.029548466205596924,0.5688613057136536,-0.9999105930328369,0.9999302625656128
623,3,3000.0,1.343145326476712,0.39975116999462396,0.4027777910232544,0.20616903146206045,0.16277478737697473,0.31696483652066626,0.4207752560154208,0.1944478716841456,0.17418160018021303,0.06428130783466995,0.06038634600267519,0.06687230104873534,0.05825783689333424,0.1512646514497224,0.12362417353138201,0.49829310178756714,0.28804078698158264,4.014692967757583e-05,0.9999462366104126,0.03893136605620384,0.5751461386680603,-0.9998154044151306,0.9999364614486694
624,3,3000.0,1.357877202249818,0.3635525508638922,0.3663269877433777,0.22239596907306056,0.21140203310251748,0.27929806272261315,0.3115977567741415,0.18321605420901746,0.1742099360896013,0.048996611936408654,0.04852911142995192,0.0714968291199722,0.0687411567041881,0.19459647293892798,0.18552000589959972,0.49843403697013855,0.28806328773498535,6.700594531139359e-05,0.9998403191566467,0.057613689452409744,0.5685839653015137,-0.9999504685401917,0.9999681711196899
625,3,3000.0,1.4065953741505273,0.35133871939146444,0.35132715106010437,0.267813422060393,0.25057838503109403,0.19455081926046833,0.2338246829340435,0.2072948709900182,0.19892775165456514,0.038294933768598154,0.0378802545315309,0.09322619122355452,0.08789596499086368,0.1988197626969678,0.19089296085790275,0.5043556690216064,0.2886655032634735,3.1376705010188743e-05,0.9998992681503296,0.0327293835580349,0.5759359002113342,-0.9992774128913879,0.9999959468841553
626,3,3000.0,1.3811809324942148,0.31640388465888974,0.3164278566837311,0.1820501079348466,0.171330418838075,0.28187348727677114,0.31612492121129737,0.2046183031333813,0.19598404649205628,0.04709884215346373,0.04631360907013801,0.07679727873356447,0.07040109690819905,0.20756198076797278,0.19984590748023423,0.4966544210910797,0.2888912260532379,4.366088251117617e-05,0.9999432563781738,0.027572087943553925,0.5748255848884583,-0.99984210729599,0.9999213218688965
627,3,3000.0,1.3080410140477938,0.3400307345582092,0.34417128562927246,0.17253285809757185,0.15439052965511452,0.34283804856315436,0.3810476102459339,0.1835598128759189,0.18182463380081162,0.037536199599019826,0.03737532933050323,0.08030741813321453,0.08104721167431923,0.1832256627311205,0.16431468529331744,0.5026097893714905,0.28605982661247253,0.00012415694072842598,0.9999560713768005,0.04331500828266144,0.5741550922393799,-0.9992578029632568,0.9999430179595947
628,3,3000.0,1.2487655061569485,0.37483294871173567,0.36641645431518555,0.16843826655764513,0.14411794014872883,0.3704006541291905,0.39688699673474265,0.2123194330880349,0.2152381391585002,0.02630144453529572,0.025020542553337088,0.06514036522213137,0.0705871485936305,0.15739983646770236,0.14814923281106074,0.4994732439517975,0.29164060950279236,1.022645301418379e-05,0.9998971819877625,0.041138313710689545,0.5743533372879028,-0.9991281032562256,0.9999969005584717
629,3,3000.0,1.2374081707174445,0.37621098309441764,0.36684590578079224,0.1325136612021858,0.10229658988581505,0.41040528233151186,0.49785790083071535,0.19102914389799636,0.16793269805081032,0.025273224043715847,0.024968827759102773,0.06306921675774135,0.05619401238421229,0.17770947176684881,0.15074997108934424,0.49990561604499817,0.289386510848999,2.4211074560298584e-05,0.9999731779098511,0.052986275404691696,0.5690406560897827,-0.9998772740364075,0.9995375871658325
630,3,3000.0,1.3388174095212586,0.32785775290113395,0.32476288080215454,0.1617873651771957,0.13429992357852705,0.3247303543913713,0.4041065764519407,0.21040061633281973,0.18666260178795896,0.03058551617873652,0.028467849114477885,0.07288135593220339,0.06895941822261037,0.19961479198767335,0.17750363084448506,0.5021791458129883,0.2864755392074585,9.127618795901071e-06,0.9999204277992249,0.024849800392985344,0.5708760619163513,-0.999454915523529,0.999814510345459
631,3,3000.0,1.300684390074719,0.3478461472556545,0.34764939546585083,0.16159552736264918,0.12934080796635858,0.3481346091818084,0.407126132222816,0.20126868078701216,0.1818564425774049,0.026771314912375013,0.030382960842013577,0.06429416191807333,0.06530202843752506,0.19793570583808193,0.18599162795388186,0.4948185682296753,0.2884778678417206,0.00011417995119700208,0.999799907207489,0.032018620520830154,0.5787428617477417,-0.9998124837875366,0.9998472929000854
632,3,3000.0,1.2215910369519645,0.34498188901078725,0.35027503967285156,0.1401333489296994,0.12006901348132554,0.42741841151011817,0.4824673331520353,0.18037197333021407,0.1660518318977831,0.02877529535618201,0.026676950568282756,0.06632354661363903,0.06122147286261804,0.15697742426014738,0.14351339803795524,0.506953239440918,0.2867712378501892,9.793214849196374e-05,0.9999048113822937,0.033732302486896515,0.5701207518577576,-0.999987006187439,0.9998594522476196
633,3,3000.0,1.2914526602767002,0.3394092261027352,0.34465596079826355,0.15718982101546328,0.133936238961401,0.36344819189090466,0.4308581591132897,0.17314014367466213,0.15813420819463575,0.032996469012541094,0.03715619659884576,0.07439425301351515,0.06355782744171701,0.19883112139291367,0.1763573696901108,0.5004482865333557,0.2871261239051819,7.283138984348625e-05,0.99997878074646,0.030202670022845268,0.571321964263916,-0.9999690055847168,0.9999710321426392
634,3,3000.0,1.2717624204044549,0.31379304434123795,0.3149670958518982,0.14991276338746476,0.13209999355464716,0.36438062005099986,0.4303923113931845,0.1691048181452154,0.14956073295221567,0.029526238088847134,0.030439316086136984,0.08978660582472152,0.08722794433887043,0.1972889545027513,0.17027970167494522,0.4978572130203247,0.2872608006000519,0.0002804223622661084,0.9999061822891235,0.02218782529234886,0.5773231983184814,-0.9996560215950012,0.9995051622390747
635,3,3000.0,1.3392818762539418,0.27639730442882116,0.2763660252094269,0.15557928457020823,0.13909936721621097,0.2646022423918847,0.3331308653246862,0.24709022957821677,0.226949697724308,0.030325680726107848,0.029489242449539096,0.07218366257341163,0.06630743404621753,0.23021890016017085,0.20502339323903818,0.49890872836112976,0.2916405498981476,3.786058005061932e-05,0.9999766945838928,0.02053210511803627,0.5715265870094299,-0.9996868371963501,0.9998637437820435
636,3,3000.0,1.3102294935581524,0.2769512903122675,0.28021979331970215,0.16662923871547272,0.15016728755313064,0.2745340220076353,0.33304487473287725,0.263193352795868,0.24307450231394473,0.027509544127554457,0.02729576134390066,0.0772512912643162,0.07735392736260026,0.1908825510891534,0.16906364669354648,0.49905699491500854,0.2885005474090576,0.00024403816496487707,0.9999536871910095,0.026201698929071426,0.5753240585327148,-0.9994911551475525,0.9996722936630249
637,3,3000.0,1.3019909857062177,0.2985665883207327,0.2972056567668915,0.13918531267928858,0.12097646833933584,0.31072862880091795,0.3759486925618811,0.2406196213425129,0.21907752314236084,0.03832472748135399,0.04101975078594566,0.08376362593230063,0.0775235850591951,0.18737808376362594,0.16545398011128143,0.5000907778739929,0.28505954146385193,0.0002018057566601783,0.9999191761016846,0.02577686496078968,0.5766193270683289,-0.9996180534362793,0.9993847608566284
638,3,3000.0,1.3285822139890135,0.2591978319522236,0.2573036849498749,0.16134565901076908,0.14448089279687423,0.2837129514914705,0.34078384168007814,0.24463928333174498,0.23213133086255275,0.03268845897264843,0.03432055063787639,0.08281711617268656,0.07612184951401023,0.19479653102068045,0.1721615345086083,0.49939748644828796,0.28854483366012573,2.7513335226103663e-05,0.9999761581420898,0.028399920091032982,0.5734803080558777,-0.9997274875640869,0.9998962879180908
639,3,3000.0,1.3598770962091264,0.2766181401635121,0.2836543023586273,0.166539996199886,0.1511331578686839,0.26581797453923617,0.30916188109628007,0.21537146114383432,0.2025505258542667,0.0332509975299259,0.0334446707175427,0.09661789853695611,0.09697083196992502,0.2224016720501615,0.2067389324933016,0.5001434087753296,0.2892453670501709,0.00019145308760926127,0.9995313882827759,0.039357226341962814,0.5722339153289795,-0.9991269707679749,0.9999048709869385
640,3,3000.0,1.3641283683654626,0.2793753435116003,0.2743564248085022,0.153704243130401,0.13529444333858998,0.26420040780658316,0.3192973388207962,0.22672104087775513,0.2045596499285529,0.036411302068161955,0.037805959971394576,0.12302165258762987,0.11254394636269692,0.19594135352946887,0.19049866157796944,0.49812832474708557,0.2886069715023041,5.1507049647625536e-05,0.9999967217445374,0.026982653886079788,0.5721452236175537,-0.9998909831047058,0.9999450445175171
641,3,3000.0,1.28362404804176,0.34025295309043946,0.3410845994949341,0.13011768606000332,0.12231933192296182,0.3258743576993204,0.3554375866570927,0.27009779545831264,0.26715327211849865,0.04491960881816675,0.04372029925928538,0.07674457152328858,0.06981211589966228,0.15224598044090834,0.14155739414249915,0.4939529299736023,0.28990206122398376,2.105651674355613e-06,0.9999510049819946,0.015490184538066387,0.5779048800468445,-0.9999643564224243,0.9999856948852539
642,3,3000.0,1.2786896250754551,0.33385924461762645,0.3349137604236603,0.11609707776126796,0.1042160077336188,0.3340267459138187,0.3793284135081676,0.2571570084200099,0.24312970285543703,0.04606240713224369,0.0437385506413283,0.0736998514115899,0.06999032338221899,0.17295690936106983,0.15959700187922932,0.4973672330379486,0.29005903005599976,2.724861951719504e-05,0.9998941421508789,0.02074285037815571,0.5800814628601074,-0.9997311234474182,0.9997667074203491
643,3,3000.0,1.304908227813378,0.322183104656535,0.3239646553993225,0.13179775280898876,0.10491192023147913,0.33078651685393257,0.40768406114242495,0.2396629213483146,0.20301549744916841,0.05303370786516854,0.04802869796376352,0.07213483146067416,0.0732577087666924,0.17258426966292134,0.16310211444647157,0.5044748783111572,0.28930777311325073,5.7596662372816354e-05,0.9998953342437744,0.0314682312309742,0.5665594339370728,-0.999646782875061,0.9999744892120361
644,3,3000.0,1.2639263051447172,0.34458376627264276,0.3427804410457611,0.1224341243266851,0.11373094708066528,0.3590042218663561,0.3691175282854587,0.2272528752365701,0.22147673197968293,0.05517542582617557,0.0493353255728692,0.06230892415198719,0.07642869830743523,0.17382442859222594,0.16991076877388867,0.49284639954566956,0.2895602881908417,6.477258284576237e-05,0.9998623132705688,0.017809230834245682,0.5731734037399292,-0.9997345805168152,0.9992702007293701
645,3,3000.0,1.362317366653272,0.34360018332442893,0.3373420238494873,0.14184609250398725,0.12649120324376553,0.2859848484848485,0.3212160737460538,0.2393341307814992,0.22800095682016427,0.05891148325358852,0.054411899331508126,0.07505980861244019,0.07360319938915282,0.19886363636363635,0.19627666746935546,0.5014553070068359,0.28833940625190735,5.698759196093306e-05,0.999975323677063,0.020073654130101204,0.5677484273910522,-0.9997556805610657,0.99979567527771
646,3,3000.0,1.311406581391641,0.35313535180891525,0.3519992232322693,0.12804935927859515,0.11182158089392144,0.3109634551495017,0.3642296729322288,0.25980066445182726,0.24322797551579006,0.05866160417655434,0.0540336900134153,0.06729947793070716,0.06263225940917003,0.17522543901281443,0.16405482123547435,0.4991709589958191,0.2867346405982971,0.0002906557056121528,0.9999671578407288,0.023978430777788162,0.575411319732666,-0.9998693466186523,0.9999828338623047
647,3,3000.0,1.3647702081723503,0.3243711303071356,0.3299935758113861,0.11722768703185633,0.10187238681314194,0.2562945582528653,0.31689916918060784,0.2802996119483801,0.26949016703555584,0.07030051439400777,0.07240994567606159,0.06551755256745781,0.0608937862666004,0.21036007580543273,0.1784345450280324,0.4993579387664795,0.2879338264465332,5.3856416343478486e-05,0.9999613761901855,0.0228765606880188,0.5755825638771057,-0.9996305108070374,0.9999129772186279
648,3,3000.0,1.3644482335151504,0.28790938247643183,0.2857644259929657,0.1165348917153661,0.0993352784250757,0.23387189182995302,0.27838145024935074,0.2603414690042397,0.2486378364103371,0.0624498682250487,0.05911669616343936,0.07241892975822162,0.06733166530439201,0.2543829494671708,0.2471970734474051,0.49751198291778564,0.2877475321292877,0.00035852225846610963,0.999982476234436,0.023387763649225235,0.5778937935829163,-0.9997433423995972,0.9998266696929932
649,3,3000.0,1.3922119370946344,0.245429248989857,0.2417645901441574,0.1099056603773585,0.08952763732809242,0.2611320754716981,0.345503038902298,0.24320754716981133,0.21549053372264917,0.056132075471698115,0.05585143932009242,0.08716981132075471,0.0688281016415024,0.24245283018867925,0.22479924908536558,0.5028524994850159,0.29001468420028687,0.00032345973886549473,0.9999643564224243,0.013607612811028957,0.5754007697105408,-0.9999309182167053,0.9999701976776123
650,3,3000.0,1.4314468168910737,0.29448137100581495,0.2913283407688141,0.14098178057124672,0.12023743012648047,0.21584851619062773,0.2836791834709733,0.23780730368366615,0.22084804750920756,0.051634974938340364,0.04799492284822489,0.09244967777866178,0.07691716730067945,0.26127774683745725,0.25032324874443435,0.4995027482509613,0.2889421880245209,7.599763648613589e-06,0.9999195337295532,0.0028076462913304567,0.5777726769447327,-0.9997532367706299,0.9999477863311768
651,3,3000.0,1.406972643281598,0.2933536903085054,0.3001665771007538,0.14144962302947225,0.12072788128261788,0.2559115832762166,0.3130533598772095,0.24485949280328992,0.23043004525399088,0.05654557916381083,0.05746753273775003,0.0822481151473612,0.06774560264817046,0.21898560657984922,0.2105755782002612,0.495990127325058,0.28615802526474,0.00010982729872921482,0.9999549388885498,0.0058098481968045235,0.5738001465797424,-0.9994754791259766,0.9996852874755859
652,3,3000.0,1.4235320881419482,0.28964202676043416,0.29185041785240173,0.13206128395525896,0.11354447730448927,0.2310367515743961,0.25881853168422553,0.28968888053388475,0.2843884107388826,0.053670457749788514,0.058247797700683446,0.08901212519973682,0.08147795749205683,0.20453050098693487,0.2035228250796623,0.4979691803455353,0.28749120235443115,6.934385601198301e-05,0.9997551441192627,0.008839967660605907,0.5747339129447937,-0.999798595905304,0.9999101161956787
653,3,3000.0,1.4479148533409913,0.287345303783223,0.2861151397228241,0.1496830352918914,0.1289281544413212,0.22972845113066515,0.26498092450443866,0.2630333995647649,0.2594815546532951,0.06282524363705176,0.06023155149167023,0.09792790235594663,0.08232996436582805,0.1968019680196802,0.2040478505434468,0.5026827454566956,0.28783100843429565,2.3185335521702655e-05,0.99993497133255,0.0029369937255978584,0.578822672367096,-0.9994515180587769,0.9997005462646484
654,3,3000.0,1.3709860124104518,0.332937699649595,0.33709385991096497,0.10771491550330639,0.09058087026079471,0.29448934606906685,0.337843313212354,0.23688464364437914,0.2127776259524614,0.059368111682586336,0.057449587326518003,0.09110947832476121,0.0900769760176759,0.21043350477590006,0.21127162723019594,0.5047223567962646,0.2867201864719391,0.0001255457755178213,0.9998317956924438,0.012545417994260788,0.5784876942634583,-0.9993516802787781,0.99971604347229
655,3,3000.0,1.43240569932616,0.2974131696457491,0.291252076625824,0.1396077638495754,0.11939193503565058,0.2419126566922766,0.30042690240063785,0.23382531338455317,0.21692562508045818,0.07106752931661948,0.06925122995348305,0.10169834209462192,0.08620710760366647,0.21188839466235343,0.20779719992610388,0.5023200511932373,0.2886042296886444,8.498065290041268e-05,0.9997591972351074,0.000811955367680639,0.5757259130477905,-0.9996414184570312,0.9996840953826904
656,3,3000.0,1.4310946216229727,0.29166183574501714,0.2850404381752014,0.13658428949691084,0.11219197978410353,0.24481465136804942,0.2914125403831054,0.26831421006178285,0.24988322742988905,0.06332744924977934,0.06495096194144034,0.10315533980582524,0.09787700924825157,0.18380406001765226,0.1836842812132101,0.4999184310436249,0.2867720127105713,0.00012153951684013009,0.9999496936798096,0.010819150134921074,0.5743798613548279,-0.9997744560241699,0.9998875856399536
657,3,3000.0,1.4126360430563378,0.2924916763812059,0.29159635305404663,0.17003737085073642,0.13428930992928886,0.2526928995383601,0.34028041159179,0.2222466476148604,0.20161352072646005,0.049131677291712465,0.04712784082998753,0.10529786766322269,0.08513997819104233,0.20059353704110794,0.1915489387314312,0.4949779808521271,0.29126492142677307,1.8167676898883656e-05,0.9998714923858643,0.011860824190080166,0.5770211219787598,-0.9993603229522705,0.9999239444732666
658,3,3000.0,1.421181873578875,0.27175664308160175,0.2686721980571747,0.18480865587103332,0.15436684080483654,0.23564011328153367,0.3052690576470096,0.22663568368310216,0.21112032908890568,0.03841405852879239,0.036886885396319236,0.1392055769370416,0.11952286836314577,0.17529591169849684,0.17283401869978313,0.49801021814346313,0.28962698578834534,0.0001075069303624332,0.9999765157699585,0.00978478416800499,0.5762360692024231,-0.9995085597038269,0.9998606443405151
659,3,3000.0,1.3929362724590453,0.3159467215690189,0.31435999274253845,0.20398097586753566,0.17116297934387845,0.2598203276378369,0.3383025538242516,0.15360225471199576,0.14437314772391033,0.038752862427338386,0.03568229161899976,0.1555398978333627,0.13161230366184082,0.1883036815219306,0.17886672382711907,0.5024194121360779,0.2870745360851288,6.616729660890996e-05,0.9999424815177917,0.016268476843833923,0.5750279426574707,-0.9999175667762756,0.9998989105224609
660,3,3000.0,1.3339022209307898,0.34596114976560544,0.3474501967430115,0.18699386503067483,0.16371028234166965,0.3106748466257669,0.36725311118995296,0.1679754601226994,0.1591857564223583,0.035705521472392636,0.03267851499031876,0.11717791411042945,0.10817853790940536,0.1814723926380368,0.16899379714629498,0.49982526898384094,0.28604406118392944,1.3789892364002299e-05,0.9998876452445984,0.021722134202718735,0.5733155012130737,-0.9998022317886353,0.9997812509536743
661,3,3000.0,1.3336735368836894,0.3404337611439202,0.3470848500728607,0.18516161873250192,0.1594847957712389,0.33290913718503434,0.3721311624244278,0.15232883685416138,0.14799393971477573,0.041104606770170526,0.041861590586514695,0.11695087808602699,0.10483438129504596,0.17154492237210486,0.17369413020799698,0.50529545545578,0.28831154108047485,0.00016262764984276146,0.9998159408569336,0.035325776785612106,0.572587788105011,-0.9997984766960144,0.9999510049819946
662,3,3000.0,1.3509890001162708,0.3638146605129653,0.36234769225120544,0.21797366914710933,0.18629811070067764,0.29318832283915286,0.3415961078631479,0.17561534058385805,0.17021920760307788,0.027704636519748138,0.02699771703787083,0.12650257584430452,0.11826317940672629,0.15901545506582712,0.15662567738849945,0.5010994076728821,0.28904998302459717,0.00023593766673002392,0.9999890327453613,0.01637239009141922,0.5729612708091736,-0.9999995827674866,0.9997028112411499
663,3,3000.0,1.378652318270647,0.33972935684841965,0.34164899587631226,0.23687193048734417,0.19911237278684432,0.2714393653192293,0.34071162418701995,0.1775595013222516,0.17971081748141937,0.03409520211560257,0.032550395359846405,0.12674726105024556,0.10126951577099302,0.15328673970532677,0.14664527441387695,0.49896496534347534,0.28860601782798767,2.5885043214657344e-05,0.9998685121536255,0.01137087494134903,0.5707991719245911,-0.9994813203811646,0.9999138116836548
664,3,3000.0,1.3830003394273642,0.3648465403478373,0.36835718154907227,0.133139776026545,0.11778770251988512,0.3206731054097292,0.3682270098996219,0.1856372578064822,0.1748739127662557,0.06908810807607987,0.06571778931583977,0.11524560052141969,0.10624520241983922,0.17621615215974404,0.16714838307855828,0.49989625811576843,0.287692666053772,0.0001817534794099629,0.9999679327011108,0.015400035306811333,0.5810876488685608,-0.9999658465385437,0.9999961853027344
665,3,3000.0,1.3156414424492267,0.3740847851575487,0.3728306293487549,0.09093878617625922,0.07448113039603188,0.3652577252237538,0.41229735127494194,0.23205069576010975,0.2209328334429679,0.08564708956686483,0.08051575776900555,0.0669628274645587,0.05826364297417113,0.15914287580845365,0.15350928414288156,0.5012904405593872,0.2901113033294678,5.685949508915655e-05,0.9999665021896362,0.01856297068297863,0.5761299133300781,-0.9999573230743408,0.9999372959136963
666,3,3000.0,1.11759456691955,0.4108078263366312,0.41349583864212036,0.04147644487615347,0.033756738531745344,0.46090335114133074,0.52166363748749,0.24604176784847012,0.22060141688228954,0.09800874210781933,0.08590326847635106,0.03302574065080136,0.028648494264482842,0.12054395337542496,0.10942644435764123,0.5002279281616211,0.2870889902114868,9.291921014664695e-05,0.9998607635498047,0.03183923661708832,0.5734758973121643,-0.9997102618217468,0.99989914894104
667,3,3000.0,1.0451274712099317,0.4318706907472153,0.4309147596359253,0.02555533713387065,0.021332020851461395,0.49351287595832516,0.5634691443832951,0.2367800275211323,0.198807823287358,0.11470414782779634,0.0965200137376634,0.024080990760762727,0.020104405657641163,0.10536662079811283,0.09976659208258094,0.503584086894989,0.2914232611656189,5.840964877279475e-05,0.999884307384491,0.027637328952550888,0.5756591558456421,-0.9996621608734131,0.999803900718689
668,3,3000.0,1.1608528380057048,0.3671596331744061,0.37112849950790405,0.03679735119271578,0.029292799572315866,0.4044698622921213,0.48012710793396907,0.2920460531266461,0.24741789204046327,0.14154563925050795,0.12324946355064582,0.02776732636014749,0.02436061105754341,0.09737376777786139,0.09555212584506258,0.50341796875,0.28912991285324097,4.9595477321418e-05,0.9999589920043945,0.016811184585094452,0.5762681365013123,-0.9999472498893738,0.9996229410171509
669,3,3000.0,1.0429488252781531,0.3954738079173704,0.3924434185028076,0.030114680906942134,0.027218269993521647,0.5135253436050075,0.5601427315804606,0.22848638711371794,0.19772094032737972,0.12553619889696227,0.11043890002222298,0.02538737634596866,0.026923215149422645,0.07695001313140155,0.07755594292699243,0.4990781545639038,0.28838658332824707,4.913082011626102e-05,0.9998640418052673,0.02975085750222206,0.5756174325942993,-0.9997442364692688,0.9999240636825562
670,3,3000.0,1.0542533706585404,0.4761374531487222,0.482706755399704,0.027456319491717722,0.02473430688003561,0.47867029725436805,0.5210749805176228,0.2493759927388246,0.22548924130513465,0.12990696619015202,0.12357189722549347,0.030973451327433628,0.027454737717715203,0.08361697299750397,0.07767483635399831,0.5011592507362366,0.2895907461643219,0.00020868006686214358,0.9995710253715515,0.03535960242152214,0.5742091536521912,-0.9997955560684204,0.9999585151672363
671,3,3000.0,0.932226807072223,0.532398683358888,0.5330786108970642,0.026713808681987822,0.0248189042949528,0.5745433117265764,0.5804539151815152,0.20133569043409938,0.19200079514372223,0.11844431349440189,0.10310377908650804,0.021410331958357887,0.022973462704425216,0.05755254370457671,0.07664914358887653,0.5021976232528687,0.2911466360092163,0.00019430287647992373,0.9998708963394165,0.033856116235256195,0.5740524530410767,-0.9997647404670715,0.9996970891952515
672,3,3000.0,1.0093904944891554,0.5233421055934818,0.5248477458953857,0.025038520801232665,0.021097980547837555,0.5190677966101694,0.5809241216517272,0.2097457627118644,0.18561381439692465,0.1536979969183359,0.12286550170642999,0.029275808936825885,0.02641762360385472,0.06317411402157165,0.06308095809322589,0.4978807866573334,0.28592512011528015,9.820936247706413e-05,0.9997667670249939,0.04510514438152313,0.5733622908592224,-0.9995784163475037,0.9998326301574707
673,3,3000.0,0.9851772183984895,0.5384102309733406,0.5410702228546143,0.02594810379241517,0.025167639157722813,0.5302727877578177,0.5536275133382501,0.2155688622754491,0.19721172672306667,0.13090485695276113,0.126538829569303,0.028110445775116434,0.0285250921114279,0.06919494344644045,0.06892919910022954,0.4984591007232666,0.2906237244606018,1.944900031958241e-05,0.9997074604034424,0.05548691749572754,0.5684359669685364,-0.9999939203262329,0.9997173547744751
674,3,3000.0,1.2087637914524472,0.47000101289111756,0.47347626090049744,0.04683014844582958,0.033084510876656044,0.332895923890757,0.4732395156852531,0.31149019929467725,0.2364507204608924,0.18814073648814894,0.15526109289602527,0.037726564422209466,0.029753679242722687,0.08291642745837775,0.07221048083845048,0.49504032731056213,0.2873651385307312,7.405124051729217e-06,0.9999985098838806,0.018832722678780556,0.5739429593086243,-0.9998789429664612,0.9998972415924072
675,3,3000.0,1.1973107489355752,0.5908916615350732,0.5892828702926636,0.05268506214335965,0.04573438448316656,0.3801297584616587,0.4335514561721569,0.30837176580942705,0.27585219201497296,0.12811693895098883,0.1230826572151759,0.03978738372547487,0.03576471222496201,0.09090909090909091,0.08601459788956563,0.5019047856330872,0.28970688581466675,3.3202391932718456e-05,0.9999200701713562,0.021967072039842606,0.5718622803688049,-0.9997673034667969,0.9999490976333618
676,3,3000.0,1.2710113481618999,0.5043118948161432,0.5035461187362671,0.05758749282845668,0.04746347885524548,0.3107429718875502,0.3771269476031106,0.3433734939759036,0.30274257155976436,0.1078600114744693,0.1021220285136006,0.0603126792885829,0.05504487422028597,0.1201233505450373,0.11550009924799294,0.5026540160179138,0.28979286551475525,1.70905750564998e-05,0.9999808073043823,0.018126333132386208,0.5754020810127258,-0.9999651908874512,0.9999454021453857
677,3,3000.0,1.173780538075006,0.5495287710802544,0.5456193685531616,0.0480410447761194,0.04102200487411166,0.4377798507462687,0.5076936900981894,0.2351679104477612,0.20454675189056953,0.13908582089552238,0.1230915558961772,0.051865671641791046,0.04514167568443035,0.0880597014925373,0.07850432155652187,0.5001826286315918,0.2891995906829834,0.00013509183190762997,0.9999339580535889,0.03664053604006767,0.5723135471343994,-0.9999867081642151,0.9996695518493652
678,3,3000.0,1.1735604239002237,0.5270983543365008,0.5214369297027588,0.05574667019493693,0.04043681332474298,0.44023992237805415,0.5508639050155077,0.23780541589485754,0.19392793327851532,0.1504807268236747,0.1220676879762979,0.05327688100908529,0.039532421422887605,0.062450383699391376,0.053171238982048445,0.49829891324043274,0.28866422176361084,5.112083817948587e-05,0.9999648928642273,0.0324966199696064,0.5772767066955566,-0.9999520182609558,0.9999840259552002
679,3,3000.0,1.1236948790459367,0.6154954258902106,0.6117923855781555,0.04126714407088239,0.032993354521568985,0.4756645223934944,0.5216209642176776,0.20754945988590848,0.19699136845580292,0.14819759679572764,0.13530157858374847,0.050734312416555405,0.0429757687107388,0.07658696443743172,0.0701169655104633,0.501087486743927,0.2869051694869995,3.003506390086841e-05,0.9996821880340576,0.031029902398586273,0.5734376311302185,-0.999629020690918,0.9998579025268555
680,3,3000.0,1.0462448559101092,0.57671186451807,0.578606367111206,0.04798854005013728,0.027298843367827955,0.5435119971350125,0.691260339866312,0.16270741315506745,0.11366885788054383,0.10946639608451714,0.06964356781922537,0.059806613346066614,0.040839085672707255,0.076519040229199,0.05728930539338365,0.4992416203022003,0.2878825068473816,1.0981083278238657e-06,0.9999769330024719,0.05451330170035362,0.571213960647583,-0.9993599057197571,0.9998646974563599
681,3,3000.0,0.7999469859197939,0.7139458726139065,0.7252987623214722,0.026112662177697487,0.022651053858034956,0.6973230415503366,0.7507921406308258,0.12070947610445065,0.10292787176316905,0.07751683363442273,0.05688738535451747,0.03021842667104615,0.02607422064839773,0.048119559862046316,0.04066732774505504,0.49830588698387146,0.28740185499191284,0.0006620824569836259,0.9998030066490173,0.06186966970562935,0.5746445655822754,-0.999630331993103,0.9996398687362671
682,3,3000.0,1.0253801309161081,0.6258900196291303,0.6302163004875183,0.04015378043571124,0.034380329846464226,0.5578812473302007,0.6095518358785312,0.17492524562152925,0.15507634144731278,0.10284066638188809,0.08755652564268226,0.04698846646732166,0.041322481947577754,0.077210593763349,0.07211248523743177,0.5038575530052185,0.28805845975875854,2.219037241957267e-06,0.9999932646751404,0.030849823728203773,0.5750952959060669,-0.9999534487724304,0.9999173879623413
683,3,3000.0,1.2647982430354558,0.5345499897351411,0.5397322177886963,0.06852813484293863,0.04600713526430239,0.42547033285094066,0.5386658729015451,0.21265003830765303,0.17351750465268467,0.14531369711415681,0.12012446266336212,0.06129224482846684,0.04747676823362211,0.08674555205584404,0.07420825628448356,0.4970649182796478,0.28947824239730835,0.00014469937013927847,0.9998959898948669,0.022482743486762047,0.5709852576255798,-0.9999940991401672,0.999977707862854
684,3,3000.0,1.1111023546419196,0.6683367256920177,0.6656017303466797,0.06599354637243676,0.05125983061539034,0.5656292286874154,0.6206875173866285,0.15540751535338815,0.13609710516145374,0.09826168418861247,0.08445905628391441,0.05037993130009368,0.04208024785685755,0.0643280940980535,0.0654162426957555,0.5023220181465149,0.2878114581108093,7.982929673744366e-06,0.9999707937240601,0.008577329106628895,0.5731262564659119,-0.9997544884681702,0.9997659921646118
685,3,3000.0,1.2447372471019569,0.6735184792044082,0.6730434894561768,0.10521853805576488,0.06454898388781878,0.449698568198945,0.5549934247354928,0.21674830444611906,0.18494613455596354,0.10427656367746797,0.09195589156004338,0.0661266013564431,0.04724263992188899,0.05793142426525998,0.056312925338792466,0.4988119602203369,0.28901755809783936,5.665285698341904e-06,0.9998611807823181,0.0006828545010648668,0.569939136505127,-0.999315619468689,0.9998655319213867
686,3,3000.0,1.2110987814176724,0.7479516934760069,0.7514118552207947,0.0882952691680261,0.07061921848487009,0.46278548123980423,0.5026277312952347,0.22767128874388254,0.220547169344107,0.1289763458401305,0.1269136754459148,0.0490415986949429,0.04220396811285218,0.0432300163132137,0.03708823731702114,0.4987407624721527,0.28672274947166443,9.709170990390703e-05,0.9999175667762756,0.0021344732958823442,0.5748936533927917,-0.9998279213905334,0.9999209642410278
687,3,3000.0,1.2144915318639138,0.7266255462238312,0.7285951375961304,0.08725920274651917,0.07002496430679338,0.4444020598893763,0.5000805886700432,0.2633034522220103,0.24393851127951968,0.11901583063131795,0.109043602379618,0.048540911691779515,0.041978404853570905,0.037478542818996756,0.03493392851045476,0.497833788394928,0.28771424293518066,0.00010682146239560097,0.9999474287033081,-0.0035825115628540516,0.5765928030014038,-0.999323308467865,0.9996308088302612
688,3,3000.0,1.2781496563857009,0.6644902748328736,0.6641867160797119,0.12307692307692308,0.08081627595052374,0.39285359801488834,0.48601167119142535,0.2401985111662531,0.22787555684384078,0.12,0.11718285213933645,0.08347394540942928,0.05697504184731117,0.0403970223325062,0.0311386020275625,0.5008211731910706,0.28714659810066223,4.569606244331226e-05,0.9998397827148438,0.006849408615380526,0.5737793445587158,-0.9999524354934692,0.9992285966873169
689,3,3000.0,1.2556562339096167,0.7062059525171607,0.7010208964347839,0.10163181242078581,0.08359696920665674,0.42839036755386567,0.46977602273499386,0.23494930291508237,0.21917764981671084,0.13537705956907478,0.1302660604863978,0.05790557667934094,0.054795916201779454,0.041745880861850444,0.0423873815534613,0.4986223876476288,0.28753039240837097,9.302748367190361e-06,0.9999673962593079,0.007335194852203131,0.5732526183128357,-0.9996486306190491,0.9995962381362915
690,3,3000.0,1.2284719323599211,0.729511730673225,0.7295364141464233,0.07110215053763441,0.05171484058456558,0.40779569892473116,0.4542351447835188,0.2900537634408602,0.29438698182157175,0.1431451612903226,0.12578335675446853,0.0521505376344086,0.045972280066256935,0.03575268817204301,0.027907395989618444,0.4957314729690552,0.2892706096172333,0.0002314694138476625,0.9997915625572205,-0.0032082777470350266,0.5779672861099243,-0.9993636608123779,0.9999136924743652
691,3,3000.0,1.249637915612005,0.7016223338464668,0.7000882625579834,0.0697154646264936,0.06308208726045585,0.34144244820768505,0.37561037320959606,0.33637066964669476,0.32312367911223067,0.17476145448293648,0.16506908737815015,0.04349694833662856,0.03920363603621715,0.03421301469956159,0.03391113700335012,0.49743375182151794,0.28962817788124084,0.00010900723282247782,0.9999768733978271,-0.00645666616037488,0.5727441906929016,-0.9997861981391907,0.999666690826416
692,3,3000.0,1.3102440798853079,0.6895702169873467,0.6845132112503052,0.10427743829854773,0.0846391487671079,0.3383064836124117,0.38896027314098774,0.3033886199507976,0.2899827384736375,0.16720895167050234,0.15444082055096287,0.051900642806126496,0.04550424509107313,0.03491786366161416,0.036472773976230916,0.5025762915611267,0.2890019714832306,3.662556628114544e-05,0.999998927116394,0.008454233407974243,0.5745164752006531,-0.9999586343765259,0.9999607801437378
693,3,3000.0,1.2776438426764178,0.6869169269903053,0.6913551092147827,0.10330642657559765,0.09046965224431906,0.3524526544551382,0.3970431838316197,0.3260633343682086,0.3082257810180615,0.14126047811238746,0.12945013962405133,0.04734554486184415,0.04648873115846417,0.029571561626823967,0.028322512123484307,0.4992519021034241,0.28938430547714233,4.354537850304041e-06,0.9998842477798462,0.002434755442664027,0.5746593475341797,-0.9998902678489685,0.9999061822891235
694,3,3000.0,1.199891349987971,0.7263249642739257,0.728139340877533,0.1084683442491095,0.10299132135342909,0.41491439733425256,0.4360963915234489,0.3024244513386189,0.29539623380677377,0.11651154774215787,0.11150730014346427,0.029759852924278983,0.027971534453533824,0.027921406411582212,0.026037218719350115,0.5007896423339844,0.2889860272407532,3.200063656549901e-05,0.9998039603233337,0.007531205657869577,0.5684758424758911,-0.9999232888221741,0.9998427629470825
695,3,3000.0,1.1836549343864609,0.7272800910911348,0.7247949242591858,0.08917771200617682,0.08096147570596585,0.42118131514605583,0.45309059904816884,0.3080684596577017,0.2919016843429894,0.12019045167932055,0.11665411104185357,0.03049800540470982,0.028914427194986183,0.03088405610603526,0.028477702666036147,0.4962557852268219,0.29080870747566223,0.0001327279896941036,0.999916672706604,-0.00862204935401678,0.5717162489891052,-0.9997199177742004,0.9999469518661499
696,3,3000.0,1.2260167326465514,0.7291129269436712,0.735214114189148,0.09737985147821214,0.0798968647023626,0.39414319742188597,0.4554889817045615,0.32786885245901637,0.30616033710534185,0.11265237494745692,0.10022845360094793,0.031946195880622114,0.02652192202395344,0.0360095278128065,0.03170344086283272,0.49825718998908997,0.2899087071418762,9.637619223212823e-05,0.999869167804718,0.006445746868848801,0.5732079744338989,-0.9999575018882751,0.9996106624603271
697,3,3000.0,1.185521894456287,0.7555779114261486,0.7585527300834656,0.08845080251221214,0.07669976692973539,0.39951151430565246,0.4465457757095025,0.34612700628053034,0.3249170212296619,0.09926727145847872,0.08688092188961707,0.03157711095603629,0.03264097528557494,0.03506629448709002,0.032315538955908225,0.5018229484558105,0.28889548778533936,6.413282244466245e-05,0.9997047185897827,0.0009265874396078289,0.5749866962432861,-0.9997248649597168,0.9997869729995728
698,3,3000.0,1.2633471020249987,0.6819880929078808,0.6777673959732056,0.11636880584890333,0.08496412385076196,0.32585296506904954,0.3905592988851181,0.36921202274573517,0.3519659803737668,0.11169780666125101,0.09979699034609917,0.04163281884646629,0.03906775753898344,0.03523558082859464,0.03364584900527053,0.5005979537963867,0.2889159023761749,5.160130967851728e-05,0.9998443722724915,0.00624020816758275,0.5729659795761108,-0.9998603463172913,0.9998886585235596
699,3,3000.0,1.1723700907278147,0.7011523536917358,0.7023851275444031,0.08788706739526411,0.06940902429216768,0.35860655737704916,0.42426324709520424,0.3985655737704918,0.3752330043921178,0.0932377049180328,0.07948149011265056,0.0325591985428051,0.024108866893313628,0.029143897996357013,0.02750436721454609,0.4995209574699402,0.29000261425971985,0.00022656690271105617,0.9998230934143066,-0.003992042504251003,0.5770465135574341,-0.999869167804718,0.9994100332260132
700,3,3000.0,1.2292576251330547,0.6645151416762779,0.6631700396537781,0.08979553377932724,0.07651814704846813,0.33166870818807126,0.38713189750739496,0.402525204937341,0.3690292447248319,0.10666164138320927,0.10178463443913076,0.0364647130877226,0.03200768018434728,0.032884198624328655,0.03352839609582696,0.49764788150787354,0.28850239515304565,2.1263867893139832e-05,0.9998638033866882,-0.0009345765574835241,0.5767244696617126,-0.9997004270553589,0.9998712539672852
701,3,3000.0,1.2586077094762613,0.6561416903873705,0.6523969173431396,0.10315832649712879,0.08292126912017131,0.32844544708777684,0.3985187564377578,0.38525430680885975,0.34977753651939036,0.10008203445447088,0.08997915939211147,0.042145200984413454,0.03581930163263725,0.040914684167350286,0.042983976897931826,0.5013333559036255,0.29087668657302856,3.3023065043380484e-05,0.9998712539672852,0.00718257250264287,0.5728123784065247,-0.9996924996376038,0.9999945163726807
702,3,3000.0,1.2305735154873039,0.7166173306317396,0.7215492725372314,0.07257395631739011,0.0609540279708385,0.423693668786287,0.474171437785185,0.2814487144042024,0.2654518080049817,0.14957146806745922,0.1343883638526827,0.0323472491014653,0.026986994544654183,0.04036494332319602,0.0380473678416579,0.4958871304988861,0.2890695035457611,0.0005013102199882269,0.999988853931427,0.015122048556804657,0.5765392780303955,-0.999500036239624,0.99991774559021
703,3,3000.0,1.2782616749595825,0.6640067376596127,0.6698999404907227,0.09487103468722206,0.06551776449936275,0.4079454491550549,0.5151509350262673,0.24562703824488585,0.2138155737402037,0.16557960272754224,0.1429277014301595,0.03883782982508153,0.025909631109196144,0.04713904536021346,0.03667839419481061,0.4961204528808594,0.28848397731781006,1.9056227756664157e-05,0.9999139904975891,0.0045753843151032925,0.5769647359848022,-0.99971604347229,0.9999589920043945
704,3,3000.0,1.2936671529319792,0.6538378711067622,0.6525649428367615,0.11065840938722295,0.07444120905167888,0.37988917861799215,0.48910119070137953,0.26808996088657105,0.24011238419519895,0.15091264667535853,0.12574109588864948,0.038461538461538464,0.02653924310155021,0.05198826597131682,0.04406487706154297,0.5020638704299927,0.2907421886920929,0.00010066939285025,0.9996936321258545,0.010090389288961887,0.578165590763092,-0.9997208118438721,0.9996633529663086
705,3,3000.0,1.2502860888277068,0.6964355126776439,0.6998949646949768,0.0825646281744676,0.06962172691834405,0.42842500854116844,0.47048807819364,0.2569183464297916,0.24875718861161603,0.1541965607561781,0.14142215062494728,0.034050791481608014,0.027886193286481228,0.043844664616786246,0.0418246623649714,0.5025840401649475,0.2896380126476288,0.0001307616475969553,0.9999412894248962,0.005689750425517559,0.5730497241020203,-0.9998666644096375,0.9995872974395752
706,3,3000.0,1.306007315831954,0.6915113395034188,0.6925007700920105,0.11716593395358348,0.08819246646181625,0.4223494530211635,0.5171825869485785,0.22421020345567938,0.18830276818069294,0.13679582864737758,0.1193449662640444,0.04457621920049075,0.032824099469741436,0.054902361721705345,0.05415311267512642,0.5005136132240295,0.2875390946865082,3.091013786615804e-05,0.9996406435966492,0.0018692343728616834,0.5777202844619751,-0.9999459385871887,0.9997749328613281
707,3,3000.0,1.2174849813554374,0.7658291789635499,0.7660883069038391,0.10299567634342187,0.07220009630680897,0.49305126621371215,0.5859847406421641,0.20398394070413836,0.16899162150506736,0.11874613959234095,0.10302210923235838,0.03381717109326745,0.02310492456352586,0.04740580605311921,0.04669650775007529,0.5019229650497437,0.2913056015968323,9.627926192479208e-05,0.9997534155845642,0.011390953324735165,0.5741447806358337,-0.999999463558197,0.9998379945755005
708,3,3000.0,1.2703430245695517,0.7047323783704572,0.7103034853935242,0.10958381061473844,0.08188674686531759,0.424971363115693,0.496433217387183,0.23813160239277079,0.2151861522267959,0.13796614483899708,0.13060892234423474,0.04021891307114675,0.03128345938093134,0.04912816596665394,0.04460150179553741,0.4990706145763397,0.2885146737098694,4.405191066325642e-05,0.9999278783798218,0.008266684599220753,0.5726853609085083,-0.9998658299446106,0.999923586845398
709,3,3000.0,1.226938040043466,0.7357067354100935,0.7271695733070374,0.09579460752737647,0.07984024176080928,0.4731756694579921,0.525922345829966,0.217907426152572,0.1997538769778237,0.13702033679948467,0.12709369310035973,0.03515229594184228,0.02819257607818226,0.04094966412073249,0.03919726625285897,0.4999336004257202,0.2877577245235443,0.00019943977531511337,0.9998849034309387,0.012468216940760612,0.5749684572219849,-0.999961793422699,0.9999654293060303
710,3,3000.0,1.2837071601546537,0.7177609573373209,0.7129808068275452,0.08737229260318757,0.08212999642582215,0.43154883530854105,0.45284539692269843,0.2617899468737229,0.25427452071405565,0.12562321209644461,0.1193879701104496,0.04601552921945239,0.044551106960133875,0.04765018389865141,0.046811008866840344,0.5021748542785645,0.28873786330223083,7.516924961237237e-05,0.9999756217002869,0.000628712004981935,0.5817489624023438,-0.9998547434806824,0.9999773502349854
711,3,3000.0,1.370082353942876,0.706725218973947,0.7042196989059448,0.1130938404946388,0.09645263472303338,0.34436878766533613,0.38212320391673,0.2964702199264303,0.29190112268359125,0.14385223448383816,0.13930607036796513,0.04359395789308915,0.03476652634700777,0.05862095953666745,0.055450441961672474,0.5003145337104797,0.28924304246902466,0.00023694094852544367,0.9999731779098511,0.006993860471993685,0.5757972002029419,-0.9999905824661255,0.9995204210281372
712,3,3000.0,1.3104678709532558,0.7504510960347331,0.7470738887786865,0.11967041590374052,0.09905642572713032,0.38543029034789433,0.43961344243631256,0.28093120585927284,0.26577512405675235,0.12267852471880722,0.1145256583854673,0.04080565001307873,0.03374904599501612,0.050483913157206385,0.04728030339932133,0.5017492771148682,0.29022499918937683,4.740114673040807e-05,0.9999505281448364,0.013943876139819622,0.5833722352981567,-0.9995238184928894,0.9996336698532104
713,3,3000.0,1.3231675411162447,0.7555846449127446,0.7572023868560791,0.1102681721947777,0.09520601423509294,0.34456598447424136,0.3804917911109267,0.3202187720536344,0.31992522278523045,0.13937896965419902,0.1292649730559891,0.03458009880028229,0.0316349490541579,0.05098800282286521,0.04347704975860293,0.5013437271118164,0.2877708375453949,0.00039656940498389304,0.9998933672904968,0.01224315632134676,0.5778869390487671,-0.9998996257781982,0.9999746084213257
714,3,3000.0,1.3314707026608052,0.6974545251755487,0.6991341710090637,0.12548853913594593,0.1074302854760772,0.3566071617196578,0.3993152029525629,0.29650364423787895,0.28511625261299844,0.14059364106897645,0.13294877950326556,0.0378155698743002,0.03103342948833658,0.042991443963240734,0.0441560499667593,0.49998587369918823,0.287811815738678,0.0001555194758111611,0.9999617338180542,0.010529117658734322,0.5731632113456726,-0.9998478293418884,0.9999473094940186
715,3,3000.0,1.4269919293055362,0.6189003001624906,0.6226779222488403,0.13905015038119886,0.12278284912667217,0.33615443799398476,0.3910486918573823,0.2683779813946982,0.25624423031200005,0.1330349024270826,0.12365761593270502,0.06113170595229769,0.051433412699958485,0.062250821850737915,0.05483320007128202,0.49678024649620056,0.2897517681121826,6.843575101811439e-05,0.9999108910560608,0.007393190171569586,0.5775803923606873,-0.9999616742134094,0.9993916749954224
716,3,3000.0,1.3497570950408795,0.7022546547836398,0.7024430632591248,0.12379251562626836,0.114848156715603,0.42203100901047164,0.443557043057826,0.23061936845523176,0.2223340751741053,0.11429499147658088,0.1098176996573443,0.046675866547609385,0.04581296218967562,0.06258624888383797,0.06363006320544576,0.49900707602500916,0.28895047307014465,6.222751835593954e-05,0.9999802112579346,-0.00016722023428883404,0.5736768841743469,-0.9998916983604431,0.9997649192810059
717,3,3000.0,1.2800943728561676,0.6926207177714475,0.6914142370223999,0.1158252297855335,0.10459164917908342,0.464566404688957,0.49658771082875397,0.23091781004395898,0.21890837669106605,0.10270414280005329,0.09875249781463727,0.035500199813507397,0.03089080990309727,0.05048621286798988,0.05026895558336201,0.5038445591926575,0.28864437341690063,0.0002912903728429228,0.9999654293060303,-0.00022868912492413074,0.5750296711921692,-0.9998959302902222,0.9999908208847046
718,3,3000.0,1.2621768250757335,0.6911788529463171,0.694830596446991,0.10363520408163265,0.09747299580557914,0.460671768707483,0.4846548352747159,0.23214285714285715,0.2245932825914098,0.11649659863945579,0.10778450101163417,0.036989795918367346,0.03535197541748048,0.05006377551020408,0.05014240989918052,0.5021765232086182,0.2870047688484192,4.5762237277813256e-05,0.9996774792671204,0.002054117154330015,0.5733628869056702,-0.9996773600578308,0.9999475479125977
719,3,3000.0,1.3501158812835212,0.6403213434254647,0.6448032259941101,0.11372591943957969,0.09996675320431425,0.35803415061295973,0.37984317641229776,0.2996935201401051,0.2926901176934036,0.12664185639229422,0.12781456513363276,0.03633975481611208,0.032904242844390835,0.06556479859894922,0.06678114471196081,0.497810423374176,0.28690844774246216,7.206410373328254e-05,0.9998603463172913,0.004088904708623886,0.5755696892738342,-0.9997295141220093,0.9996298551559448
720,3,3000.0,1.265201404389881,0.6824321233738235,0.69171541929245,0.10457142857142857,0.08446952644405435,0.41942857142857143,0.4810088966205812,0.3101904761904762,0.28209107055798277,0.07228571428571429,0.06709347910849889,0.03447619047619047,0.028163335358909424,0.05904761904761905,0.05717369190997336,0.5018646121025085,0.2861602008342743,4.67965001007542e-05,0.9999497532844543,0.001670883153565228,0.5749074816703796,-0.999720573425293,0.9999951124191284
721,3,3000.0,1.3158336401644535,0.6865453549012275,0.6837713718414307,0.11912803193122505,0.09185287608281228,0.3937160986592979,0.46444791110196576,0.2871763381434858,0.2747769303514429,0.06376010643741685,0.05246824194170687,0.05536792549380821,0.04450592357244053,0.08085149933476614,0.07194811694963166,0.50117027759552,0.2896244525909424,5.308464460540563e-05,0.9999127984046936,-0.003765860805287957,0.574769139289856,-0.9998758435249329,0.9998215436935425
722,3,3000.0,1.3290693831537423,0.7270497635554003,0.7208342552185059,0.11442522025262711,0.09147896840300614,0.4122704596115062,0.48030004075523036,0.269079715529137,0.25103893547848427,0.06793334040972296,0.05512366362139556,0.050631567774121644,0.038697374223181424,0.08565969642288504,0.08336101751870229,0.503591775894165,0.2857414484024048,0.00028347349143587053,0.9999882578849792,-0.004069746471941471,0.5765988230705261,-0.9996187686920166,0.9999649524688721
723,3,3000.0,1.401349873683698,0.6671189978833542,0.663657009601593,0.14720217163304336,0.12993411038892458,0.3499907458819175,0.4020917840483726,0.2771299895119995,0.2593500876028079,0.08575482756493306,0.08136528597845681,0.053673884878771054,0.045097416746405584,0.08624838052933556,0.0821613152350325,0.5001088976860046,0.2870640158653259,9.742433758219704e-05,0.9999655485153198,-0.0002607228234410286,0.5760775208473206,-0.99977707862854,0.9998035430908203
724,3,3000.0,1.2742438587227405,0.7425991114724446,0.7436413168907166,0.12671064290637,0.11187277161594936,0.4591907059171015,0.49225674472648484,0.21768238653145613,0.21093100124464453,0.07590824062223098,0.0723280300153489,0.03987397853696958,0.036805692477318526,0.08063404548587182,0.07580575992025382,0.4986603260040283,0.2906308174133301,4.352060204837471e-05,0.9998886585235596,0.008424493484199047,0.5773489475250244,-0.9999090433120728,0.9999815225601196
725,3,3000.0,1.2334012118252842,0.7251242935984884,0.7247866988182068,0.14170454545454544,0.12056879424044922,0.49761363636363637,0.5530519279990583,0.1759090909090909,0.16326827296241445,0.07375,0.06670168169801077,0.03875,0.031204836342368186,0.07227272727272727,0.06520448675769899,0.5021581649780273,0.2885686457157135,5.924326251260936e-05,0.9999924898147583,0.0135527728125453,0.5748151540756226,-0.9998030066490173,0.9997953176498413
726,3,3000.0,1.3492148923316494,0.6729003644688553,0.6714509129524231,0.1830499468650372,0.16570617792362313,0.406615302869288,0.4381582503535626,0.21785334750265675,0.21109774136895276,0.07505313496280552,0.0712885038661172,0.049880446333687566,0.04681450075569289,0.06754782146652498,0.06693482573205141,0.5004922747612,0.28911349177360535,0.0001525053958175704,0.9999821782112122,0.0018196795135736465,0.575090765953064,-0.9999036192893982,0.9999655485153198
727,3,3000.0,1.2661416090345654,0.717236210604253,0.7172814607620239,0.18792572548287767,0.1675145356899439,0.46962769431743956,0.5120201414132485,0.17215638704861436,0.1595470936514218,0.05710553326490622,0.051006850765282136,0.05048054492861808,0.04548202561838156,0.06270411495754409,0.06442935286172216,0.49975889921188354,0.2891959249973297,0.00014955834194552153,0.999880850315094,0.003128931624814868,0.5791975855827332,-0.9999153017997742,0.9999316930770874
728,3,3000.0,1.242704335631361,0.7240803355566363,0.7124052047729492,0.1673016218569718,0.15836684890300828,0.49820398389027976,0.5184596791952221,0.16120605203004246,0.16208055662268575,0.059976053118537064,0.0531095749173341,0.05409818221399804,0.05402874142933121,0.05921410689017089,0.05395459893241862,0.4989141523838043,0.28843945264816284,0.00017557074897922575,0.9998063445091248,0.003323226235806942,0.5768529772758484,-0.9999094009399414,0.9992020130157471
729,3,3000.0,1.208395982146394,0.7082243180027201,0.7115312218666077,0.18262779065511772,0.16012689584580242,0.4815176284006344,0.5371622363701439,0.17896791509088691,0.16008181688494968,0.05746004635842381,0.05080551830669528,0.04745638648285958,0.04273598500950992,0.05197023301207759,0.04908754758289879,0.5042698979377747,0.28792470693588257,8.478360541630536e-06,0.9999407529830933,0.0014869673177599907,0.5756901502609253,-0.9998278617858887,0.9993600845336914
730,3,3000.0,1.1730670046122678,0.7439787559173259,0.7568382024765015,0.13908331451794986,0.1111147969387251,0.5066606457439603,0.5634992734963422,0.20252878753668999,0.18450342242944875,0.05486565816211334,0.04866787417361797,0.041770151275682996,0.03723314412128492,0.055091442763603525,0.05498148884058101,0.501096248626709,0.2881317436695099,0.0003470861993264407,0.9999280571937561,0.005183080211281776,0.5773101449012756,-0.9998361468315125,0.999408483505249
731,3,3000.0,1.2398102627689525,0.702806738876715,0.6967805027961731,0.14873057976506251,0.12969292368301602,0.4520651762031072,0.49569564999996346,0.23645320197044334,0.21864346682451197,0.05608184918529746,0.055549234523541526,0.03732474422129595,0.03727716885323177,0.06934444865479349,0.06314155611573528,0.4918726682662964,0.2863263189792633,0.0002037852245848626,0.9999921917915344,0.0012470305664464831,0.5746217370033264,-0.999968945980072,0.9996703863143921
732,3,3000.0,1.2972228947548765,0.6331422483015178,0.6340723633766174,0.18928901200369344,0.16457574529893934,0.42059095106186517,0.4756566994146311,0.22382271468144044,0.21476573713021568,0.046352723915050784,0.042567586793736255,0.04773776546629732,0.03920483404748242,0.07220683287165282,0.06322939731499522,0.5008264780044556,0.28922712802886963,6.240373477339745e-05,0.9999737739562988,0.0023786919191479683,0.5750046968460083,-0.9996083378791809,0.9998233318328857
733,3,3000.0,1.2556084058231598,0.6488829072595562,0.6500399112701416,0.20432911722519234,0.16977199818545596,0.4184378667362107,0.47975365548944293,0.22858260529404095,0.21424004087316756,0.018385708697352978,0.01648589701315097,0.04172643108619116,0.0353814371716071,0.08853827096101187,0.08436697126717546,0.497966468334198,0.2889094352722168,2.4661338102305308e-05,0.9999277591705322,0.0006878783460706472,0.5740688443183899,-0.9991742372512817,0.9995826482772827
734,3,3000.0,1.2337721139888247,0.6714095512845364,0.6760731935501099,0.2196545284780579,0.1896497681135791,0.41316526610644255,0.4632461163623943,0.21370214752567693,0.21077165638948872,0.014822595704948646,0.01382881981221935,0.04003267973856209,0.034057407812072484,0.09862278244631185,0.08844623151024607,0.4993712306022644,0.2874303460121155,9.959617273125332e-06,0.9996442198753357,0.007830429822206497,0.5721306800842285,-0.9998857975006104,0.9998420476913452
735,3,3000.0,1.3245974961396014,0.5096832811117965,0.5138813853263855,0.23453237410071942,0.18239010167367098,0.3600908746686861,0.4697702490928846,0.21764483150321848,0.19669048574418715,0.014161302536917834,0.011476109356214409,0.0618705035971223,0.046199491583247515,0.11170011359333586,0.09347356254979532,0.5025588274002075,0.2885788679122925,0.0001435523881809786,0.9999219179153442,0.0021215835586190224,0.5762807130813599,-0.9997941851615906,0.999936580657959
736,3,3000.0,1.2810489209044515,0.6631971858770594,0.6657879948616028,0.2304333221363789,0.2072485408874438,0.3654685925428284,0.4003575095553329,0.22315530175792184,0.2158194144720775,0.013212406225506661,0.015798124432116954,0.036166162803717386,0.03045936392167297,0.13156421453364686,0.13031704673135588,0.5059436559677124,0.28923097252845764,0.00012282309762667865,0.9997908473014832,0.014622116461396217,0.5785771012306213,-0.9997686147689819,0.9999746084213257
737,3,3000.0,1.3141421746712492,0.5738987089967627,0.5709090828895569,0.27995714521180154,0.24906977940514544,0.3277567166639196,0.38003274144653165,0.21303774517883634,0.198366068365203,0.012774023405307401,0.013087479797427656,0.052744354705785396,0.04519050716272165,0.11373001483434976,0.11425342382297056,0.5012181401252747,0.2903442978858948,2.5904484573402442e-05,0.9998915195465088,0.0032322935294359922,0.5766313672065735,-0.9999288320541382,0.9997225999832153
738,3,3000.0,1.3423505095598505,0.5798241003554743,0.5771132111549377,0.2479025492094224,0.2387781454561613,0.32212003872216843,0.3452675482900769,0.21200387221684414,0.20874456087083076,0.012342691190706679,0.011347325484824857,0.06389157792836399,0.0601795714988664,0.14173927073249434,0.1356828483992398,0.5014654994010925,0.28883612155914307,8.587806951254606e-05,0.9998469352722168,0.013411110267043114,0.5751370191574097,-0.9999883770942688,0.999885082244873
739,3,3000.0,1.3750930374274448,0.522944255062971,0.5184314250946045,0.20781032078103207,0.19214661730861873,0.30412667158913775,0.32709004093990834,0.18541307736483714,0.17726417119648943,0.009270653868241857,0.008400924552484633,0.06924275986545246,0.06728679253105922,0.2241365165312987,0.2278114534714396,0.5015155076980591,0.2885574996471405,0.0006271262536756694,0.999862790107727,-0.0022902144119143486,0.5750954747200012,-0.9999095797538757,0.9999725818634033
740,3,3000.0,1.2699036286256025,0.4983735240191403,0.5000597834587097,0.115303738317757,0.10684894420051479,0.35899532710280374,0.3861671768526255,0.1300233644859813,0.1228943385055547,0.012032710280373832,0.010726635064043675,0.0641355140186916,0.05509004979368974,0.3195093457943925,0.31827285558357155,0.5045254826545715,0.2882676124572754,3.979840039392002e-05,0.9999561905860901,0.003857665229588747,0.5747613310813904,-0.9996339678764343,0.9999170303344727
741,3,3000.0,1.3001485479391062,0.5054677278492227,0.5046225190162659,0.1348430746100357,0.1246180837500188,0.3142266491261041,0.35157221498424307,0.14771659462507047,0.139789914622613,0.010618304829919187,0.010070463478602182,0.05149408006013907,0.04743455930062693,0.34110129674873146,0.326514763863896,0.5027114748954773,0.28787800669670105,1.5722413081675768e-05,0.999884843826294,0.0036188880912959576,0.5735276937484741,-0.9999537467956543,0.9997361898422241
742,3,3000.0,1.2483410199641944,0.5075764766620223,0.5080254673957825,0.12131802296555168,0.11504301826536847,0.3406140788816775,0.3795000067913399,0.14166250624063903,0.13374569124972993,0.011108337493759361,0.009106879013927139,0.05479281078382427,0.04666382268995378,0.33050424363454817,0.3159405819896808,0.4983903467655182,0.29059916734695435,0.00013199342356529087,0.9999339580535889,-0.009200533851981163,0.5718450546264648,-0.9997994303703308,0.9997498989105225
743,3,3000.0,1.3257978740491365,0.45931843111365017,0.4612719416618347,0.15394736842105264,0.13715129877732207,0.29276315789473684,0.34675196842310013,0.14407894736842106,0.12874102955842484,0.01293859649122807,0.011962253069396286,0.059978070175438596,0.048442604020327115,0.3362938596491228,0.32695084615142955,0.49616754055023193,0.28758537769317627,4.178404196863994e-05,0.999703586101532,0.019013386219739914,0.5799296498298645,-0.9995962381362915,0.9998797178268433
744,3,3000.0,1.3262170597858005,0.514562594757552,0.5184886455535889,0.14903403863845446,0.1421463360104042,0.3226442370876593,0.3361086463384652,0.156130897621238,0.15006699058372677,0.011828098304639243,0.015251753441842342,0.06544881061900382,0.06878297456131871,0.2949139177290051,0.2876432990642428,0.5021908283233643,0.2888656258583069,0.0002320498606422916,0.9999844431877136,0.010003097355365753,0.5725262761116028,-0.9998887181282043,0.9996601343154907
745,3,3000.0,1.3352066525555069,0.5060701279656146,0.5127758979797363,0.1614508314783292,0.14570262631235312,0.2923923006416132,0.3330720579958816,0.16629566583737068,0.15645639738093048,0.006416131989000917,0.007941713728060712,0.07764829121382742,0.06543112843691427,0.2957967788398586,0.29139607614585983,0.5070855617523193,0.2873706519603729,4.168531813775189e-05,0.9997333884239197,0.013048477470874786,0.5749183297157288,-0.9999515414237976,0.9999067783355713
746,3,3000.0,1.3660572791060948,0.46443227127491304,0.4586355686187744,0.1338370210469509,0.1230908595635555,0.2654254362295377,0.29849870959817226,0.19571865443425077,0.1926805328545378,0.006745817593092283,0.006339210066555384,0.09462133477244108,0.08879370694662825,0.3036517359237273,0.2905969809705508,0.496226966381073,0.2878077030181885,0.00010042109352070838,0.999985933303833,0.00037112709833309054,0.5761709213256836,-0.9999178051948547,0.9999685287475586
747,3,3000.0,1.3792488521827972,0.5136792729144495,0.5176470875740051,0.15535062829347385,0.1377643287750687,0.28931901094446694,0.33491172255641755,0.18240778273206323,0.17771355953991225,0.006181597081475476,0.005509742825524775,0.09941224158897446,0.09117200750977572,0.267328739359546,0.252928638793301,0.49557918310165405,0.29086410999298096,7.611785258632153e-05,0.9999098777770996,0.006860672030597925,0.57608562707901,-0.9999766945838928,0.9999997615814209
748,3,3000.0,1.3699293849633962,0.5352144928761716,0.5442981719970703,0.13760262725779968,0.12469740793967318,0.28221127531472356,0.3237037610896152,0.19715380405035576,0.1911179759989671,0.0049261083743842365,0.005011424639516834,0.08549534756431308,0.07875862763123173,0.29261083743842364,0.276710802700996,0.5019869208335876,0.29002758860588074,2.644288724695798e-05,0.9995874166488647,-9.030517685459927e-05,0.5807804465293884,-0.9999706745147705,0.9999760389328003
749,3,3000.0,1.371408694541719,0.5629656729851114,0.5615132451057434,0.12416400116312881,0.12281227905820317,0.2527866627895706,0.2639923414130204,0.20635843753028982,0.19874427632062927,0.0076572647087331585,0.008052387946803295,0.10061064262867113,0.09970871661556366,0.3084229911796065,0.30668999864578017,0.49896353483200073,0.2876927852630615,4.7115165102695755e-07,0.9999946355819702,0.010064679197967052,0.5764604210853577,-0.9999799728393555,0.9997861385345459
750,3,3000.0,1.372000704332829,0.5450485389660119,0.5557183027267456,0.1321907957813998,0.11568583297690752,0.27109300095877276,0.2940980364161349,0.199784276126558,0.187483750322351,0.006711409395973154,0.0065515076664747944,0.10438638542665388,0.09610343198203311,0.28583413231064236,0.3000774406360987,0.5002221465110779,0.28784725069999695,1.3264849258121103e-05,0.999797523021698,0.011937454342842102,0.5767121315002441,-0.9998871088027954,0.9999310970306396
751,3,3000.0,1.3909563792124089,0.4962456867211675,0.49224090576171875,0.13110771168901286,0.11809500451257862,0.2938900386934221,0.33510681267855696,0.21596328624133898,0.20045388619170548,0.007378745613245748,0.007516206487547513,0.11518041932871412,0.10278605079426749,0.23647979843426617,0.23604203933534396,0.49506455659866333,0.2899703085422516,0.00010148550063604489,0.9998899698257446,0.0072520761750638485,0.5786099433898926,-0.999995231628418,0.999774694442749
752,3,3000.0,1.343051286015228,0.45791957083637835,0.4537885785102844,0.0844151384023628,0.08072030793553464,0.2874510611992582,0.3090315170288168,0.26354832062641664,0.25077741423939903,0.0075554639741740506,0.006805329026840491,0.08043134830688921,0.07528634728797405,0.2765986674908991,0.27737908448143495,0.4979625642299652,0.2876085340976715,5.5104366765590385e-05,0.9996583461761475,0.00016845730715431273,0.5753388404846191,-0.9998878836631775,0.9998681545257568
753,3,3000.0,1.3062345145089285,0.5157890108658109,0.521219789981842,0.08571428571428572,0.0811295235843658,0.30552380952380953,0.32520096495062156,0.2756190476190476,0.2589557372262431,0.005714285714285714,0.0049717599550573215,0.06980952380952381,0.06626757932989785,0.25761904761904764,0.2634744349538144,0.4994913637638092,0.28783366084098816,0.00021634585573337972,0.999998927116394,0.00016503760707564652,0.5781258344650269,-0.9997989535331726,0.9999294281005859
754,3,3000.0,1.3036665514552783,0.5251202126589446,0.5264506936073303,0.10569476082004556,0.10042370658138615,0.3173120728929385,0.338440887842279,0.2662870159453303,0.2669764723172508,0.006719817767653759,0.007768707501555105,0.05091116173120729,0.04939141287309591,0.2530751708428246,0.23699881288443303,0.5032919645309448,0.2910550832748413,4.371356772026047e-05,0.9998894333839417,0.014724958688020706,0.574077844619751,-0.9996855854988098,0.9999897480010986
755,3,3000.0,1.3595923771408245,0.43049993982037554,0.4371894896030426,0.12084382324854588,0.08770861318246263,0.26477992881326506,0.3413539712274467,0.2645194895390225,0.2329524442020896,0.008334056775761784,0.007100952502187406,0.0671065196631652,0.05659237192656352,0.2744161819602396,0.2742916469592501,0.5034538507461548,0.28773632645606995,3.9095924876164645e-05,0.9999555349349976,0.0036624795757234097,0.5745623707771301,-0.9999423623085022,0.9998250007629395
756,3,3000.0,1.3023922892011834,0.5037904536659353,0.5065942406654358,0.11724429416737109,0.08953555409864118,0.27709213863060017,0.3504459746062138,0.28706677937447167,0.2656113194766531,0.007016060862214709,0.00806001629157895,0.03888419273034658,0.03590658748976786,0.2726965342349958,0.25044054803714516,0.4978809356689453,0.28952544927597046,2.9240460207802244e-05,0.9998557567596436,0.0042752670124173164,0.5771543383598328,-0.9997497797012329,0.9996453523635864
757,3,3000.0,1.2779233131869692,0.5231457158208181,0.5215740203857422,0.12287670075213386,0.11444730824914003,0.3119242795571706,0.34261268217862917,0.2608805881855827,0.2512845086808249,0.00743682920645652,0.0067148057487970945,0.028902222597819657,0.025016979108592186,0.26797937970083663,0.2599237160340166,0.49934348464012146,0.28798529505729675,6.415525422198698e-05,0.9999493956565857,0.0123099060729146,0.5751959681510925,-0.9999244213104248,0.9998271465301514
758,3,3000.0,1.2855643669184107,0.48380760889035584,0.48230913281440735,0.13366788321167883,0.12205875930571547,0.3136861313868613,0.33448327770312847,0.2592153284671533,0.2571566333519511,0.00666058394160584,0.006048575678536847,0.027645985401459853,0.027413838184454246,0.2591240875912409,0.25283891577621387,0.49759441614151,0.29039156436920166,3.685272895381786e-05,0.9998819828033447,0.01171411108225584,0.5748046636581421,-0.9999042749404907,0.9993820190429688
759,3,3000.0,1.2595708691373981,0.4994894929474879,0.4948268234729767,0.13074127106509528,0.11017068329445537,0.31644454235047914,0.3718299778598682,0.2707346624077542,0.26158433037550366,0.005507214450930719,0.004168652328213457,0.024452032162132393,0.02153078064879983,0.25212027756360833,0.23071557549315946,0.5003042817115784,0.28830698132514954,0.0002136579278158024,0.999852180480957,0.011171686463057995,0.5740303993225098,-0.9998085498809814,0.9999208450317383
760,3,3000.0,1.2718838992614825,0.43034205585718155,0.4254261255264282,0.1147740088487898,0.09964564942670726,0.24212717966513403,0.284518510176498,0.2734449553222868,0.2568577727801498,0.00641971024551054,0.005683928703773955,0.02324976142968682,0.021796914941225223,0.33998438448859203,0.33149722397164577,0.4999104142189026,0.2880142629146576,9.787866292754188e-05,0.9999273419380188,-0.004482429940253496,0.5797750949859619,-0.9999196529388428,0.9995945692062378
761,3,3000.0,1.2312126316066292,0.4972276621426173,0.49748027324676514,0.1233693626537458,0.11346114533559923,0.16380916884084978,0.19008533812320103,0.3163436451733135,0.3019178605572028,0.005031680954155795,0.004357317444296681,0.022083488632128216,0.0213748759736245,0.36936265374580696,0.36880346256607577,0.49921151995658875,0.28779032826423645,0.0003104163915850222,0.9999455809593201,0.0019542628433555365,0.5778802633285522,-0.9998908638954163,0.9999160766601562
