wall_time,environment_ticks,decision_steps,training_step,ticks_per_second,episodes_completed,training_reward,official_reward,survival_time,population_mean,population_max,birth_count,death_count,mean_energy,median_energy,curriculum_stage,horizon,actor_loss,critic_loss,entropy,kl_estimate,clip_fraction,explained_variance,optimizer_minibatches,mode_entropy,spawn_probability,spawn_action_frequency,mode_explore_fraction,mode_explore_team_fraction,mode_forage_fraction,mode_forage_team_fraction,mode_camp_fraction,mode_camp_team_fraction,mode_evade_fraction,mode_evade_team_fraction,mode_regroup_fraction,mode_regroup_team_fraction,mode_conserve_fraction,mode_conserve_team_fraction,movement_intensity_mean,movement_intensity_std,movement_intensity_min,movement_intensity_max,steering_residual_mean,steering_residual_std,steering_residual_min,steering_residual_max
28.92199999999866,3826,768,1,159.7294702125148,7,0.4560828125000032,0.5016557291666699,30.871428571428737,5.5,10,70,102,47.798179626464844,44.67323684692383,0,300.0,-0.014254579107121875,26.38055952390035,3.0136009057362876,0.005174630132690557,0.06128267747408245,0.0060613398038971145,24,1.791753896790562,0.4993860050204386,0.5060991644859314,0.17078766250318633,0.1707723629348771,0.16365026765230692,0.15832248267142826,0.15957175630894724,0.1664429355563777,0.17180729033902625,0.17813016681202803,0.162375732857507,0.16237805887967124,0.17180729033902625,0.16395399314561765,0.4972064793109894,0.2356700450181961,0.0020876722410321236,0.9984174966812134,0.007829639129340649,0.4786345362663269,-0.9959161877632141,0.9991799592971802
47.34400000000096,7666,1536,2,208.61628728197962,7,0.5112697883606444,0.5112697883606444,,9.0,34,236,247,40.87166213989258,35.69780731201172,0,300.0,-0.010579845738700695,38.85389052497016,2.990493655204773,0.004075056551326068,0.045943483574471124,-0.03196682101237269,36,1.781719594415328,0.4969977894677664,0.4953371584415436,0.1752002786485545,0.17896925808268338,0.19087425983977707,0.19120626274188018,0.15168930686172066,0.1533457755884711,0.1388018112156043,0.12849834895968437,0.14576802507836992,0.14796055497298555,0.19766631835597354,0.20001979965429542,0.4991782605648041,0.23890511691570282,0.004035456571727991,0.9927393794059753,0.014038536697626114,0.48406311869621277,-0.993767499923706,0.9926177263259888
76.0,11506,2304,3,134.07353095213332,7,0.5324751548633758,0.5324751548633758,,7.5,50,436,456,43.17940902709961,35.13850402832031,0,300.0,-0.013731944243233927,42.22753122117784,2.9770149478205927,0.0059379809623620805,0.07977614980471251,0.1165731394779741,54,1.7812112433047216,0.5047594440997499,0.5046871304512024,0.18410808335241585,0.18553136046616134,0.1789558049003893,0.1821207808539491,0.15972063201282344,0.1627923023214801,0.1396839935882757,0.13419913274360673,0.1474696588046714,0.1451729469685068,0.19006182734142432,0.19018347664629598,0.5052298903465271,0.23574340343475342,0.0035932736936956644,0.9944157004356384,0.02086990512907505,0.47711312770843506,-0.9903109669685364,0.9935450553894043
103.92199999999866,15340,3072,4,137.38980864330725,10,0.4959509191707336,0.5154821691707335,203.13333333332608,7.666666666666667,50,564,598,48.82405471801758,46.52674865722656,0,300.0,-0.011511757927817397,35.251596980624726,2.9733870294358997,0.00481681039205897,0.06434786690321441,0.14136796465421952,36,1.7726554825476382,0.4865799516897618,0.4886854290962219,0.19384823390231537,0.20156479596106766,0.18235592360993746,0.17385442519019412,0.14331586952847727,0.13723066354439534,0.1284434679736353,0.1370016558156658,0.1531181341896231,0.15296211908220625,0.1989183707960115,0.19738634040647085,0.5038384795188904,0.2409193515777588,0.008324231952428818,0.9952753186225891,0.034558914601802826,0.4826757609844208,-0.9898626208305359,0.9956821203231812
138.34400000000096,19176,3840,5,111.48894120381547,12,0.5159116185963609,0.5159116185963609,279.54999999999507,11.166666666666666,57,762,784,41.89634704589844,40.88642883300781,0,300.0,-0.012058549016257058,37.96070508603697,2.936858057975769,0.005771228197099171,0.06768224485804913,0.1255260184701663,54,1.7609901570969417,0.49618364088606126,0.48976147174835205,0.1694915254237288,0.1737050889763897,0.1962359674224081,0.19047402838661717,0.15166189742460928,0.15114702754020387,0.12106537530266344,0.12001189372297667,0.14979088707902266,0.15555321003100953,0.21175434734756768,0.20910875134280307,0.5065510869026184,0.23749007284641266,0.0014070116449147463,0.9972125291824341,0.017789581790566444,0.4704103469848633,-0.9994266629219055,0.994876503944397
180.625,23012,4608,6,90.7585293143433,14,0.5212285338758488,0.5212285338758488,234.04999999999723,8.833333333333334,67,953,992,42.02414321899414,31.987789154052734,0,300.0,-0.013814364288312694,37.38202476501465,2.9476438601811727,0.005716953948179556,0.07470749728405887,0.3838055614126502,60,1.7498555486204515,0.5133549835330556,0.512010395526886,0.15933425209371355,0.16589653211130712,0.20693310717693206,0.21332133276636134,0.14152443549242022,0.15159710496537826,0.10675288879465705,0.09735710513936019,0.15286759249443443,0.15583975006846562,0.2325877239478427,0.21598817494912745,0.504660964012146,0.2331206351518631,0.005147293675690889,0.9975494742393494,0.007620889227837324,0.4737131893634796,-0.9797106981277466,0.9978522062301636
208.89099999999962,26852,5376,7,135.92920353982302,15,0.5129206086037716,0.5194310252704383,42.00000000000033,8.666666666666666,67,1110,1155,37.86518096923828,35.16895294189453,0,300.0,-0.013549606775909308,37.55198778424944,2.932950661295936,0.005720158279863037,0.07180502394580149,0.3405410041869431,42,1.7446456078842756,0.4938415942008732,0.4875686466693878,0.1680565371024735,0.1754230099975736,0.20791519434628974,0.1871416622264965,0.1478445229681979,0.15699268450869444,0.10402826855123674,0.09974523603193561,0.1534982332155477,0.16120534342853712,0.21865724381625443,0.21949206380676275,0.5081732869148254,0.23814965784549713,0.0031358497217297554,0.9980083107948303,0.004272375255823135,0.4796895682811737,-0.9933915734291077,0.9950590133666992
247.20300000000134,30686,6144,8,100.1122803352683,21,0.46146137725693737,0.5005238772569374,129.98333333332997,6.666666666666667,67,1238,1325,49.83781814575195,44.62806701660156,0,300.0,-0.006422100862913621,27.119926225571405,2.921331218310765,0.005171515746735081,0.06277113431964867,0.21108965585072614,42,1.7313812710470102,0.4901299695742491,0.4945216774940491,0.16786801217363448,0.17613610075692804,0.2189652410699984,0.2232924078298303,0.13455069678039405,0.1445997463188721,0.10491750760852155,0.102609469108269,0.15473330129745314,0.14154472916057043,0.2189652410699984,0.21181754682553017,0.5060058236122131,0.23407407104969025,0.008390948176383972,0.997131884098053,0.01817929372191429,0.47643017768859863,-0.9951592087745667,0.9967762231826782
276.875,34522,6912,9,129.34987860804304,25,0.49345774637750256,0.5064785797108359,105.90000000000003,6.333333333333333,67,1362,1444,61.850765228271484,68.8795394897461,0,300.0,-0.006978686821336548,32.86520210901896,2.917407810688019,0.004508489669458666,0.05979815649657717,0.13840163349629397,36,1.7150721817586505,0.4778689556035758,0.47792819142341614,0.1708484964566175,0.16696601875023523,0.22447806933537637,0.22699515994833733,0.16088871863627657,0.17774480647848578,0.09155334227159548,0.08845583476712225,0.1557172955372534,0.14914612851637904,0.19651407776288068,0.19069205153944035,0.5154008269309998,0.237838476896286,0.001514141564257443,0.9974452257156372,0.008483593352138996,0.4806326627731323,-0.9874027967453003,0.9924024343490601
317.67199999999866,38354,7680,10,93.9653269905125,31,0.4812707763888325,0.5203332763888325,62.0333333333327,9.0,67,1511,1607,46.969085693359375,44.53761291503906,0,300.0,-0.015401271882486375,28.284926613171894,2.9230437676111856,0.005344920127906032,0.05897658170457968,0.39452765616353824,48,1.7137079686862204,0.4810808436385071,0.48304107785224915,0.16515950766139162,0.16722626591442566,0.231600100477267,0.24181389074787,0.13539311730720924,0.14187603571112567,0.08955036423009294,0.08434227478511595,0.1627731725697061,0.16118998647742935,0.2155237377543331,0.20355154636403336,0.5102654695510864,0.23882348835468292,0.0073807863518595695,0.995677649974823,-0.015395299531519413,0.48213791847229004,-0.9968568682670593,0.9988149404525757
351.8590000000004,42189,8448,11,112.27895538119533,34,0.4985020318292275,0.5180332818292275,46.33333333333372,12.166666666666666,67,1710,1802,54.703067779541016,48.73944091796875,0,300.0,-0.016811898887950788,33.96013542457863,2.9172592339692294,0.007650904631595444,0.10642079536423639,0.47914012603347056,54,1.720511107348341,0.5002899448875971,0.509255051612854,0.16065244106803708,0.16607912404899483,0.2255613897888504,0.22857961480747746,0.1358507429337504,0.1532879631035781,0.11183108032622054,0.10222561638850786,0.16322198637023796,0.15401516159099155,0.2028823595129036,0.19581252006045025,0.5224664807319641,0.2400478720664978,0.0038929791189730167,0.9975485801696777,-0.02046157419681549,0.4829098582267761,-0.9971562623977661,0.9941742420196533
381.45300000000134,46026,9216,12,129.72479545607635,36,0.5118670405830955,0.5248878739164288,157.599999999996,17.666666666666668,67,1900,1969,43.25628662109375,43.73576736450195,0,300.0,-0.01785946787438459,37.545688487865306,2.9166412044454506,0.008102777790655737,0.11882935015644223,0.4812578343638869,54,1.7181712267683977,0.48963179193740136,0.493338018655777,0.15732906471529842,0.14564691622868411,0.21918591356048478,0.21343256457414794,0.12965927281042763,0.1197936279258225,0.11742510862108392,0.13840751830235154,0.17379373427852732,0.18129090673848902,0.2026069060141779,0.20142846623050487,0.5193524956703186,0.23882246017456055,0.005160156637430191,0.9991714358329773,-0.03474123030900955,0.4800611734390259,-0.9974895715713501,0.9967027902603149
411.70300000000134,49863,9984,13,126.91010121055606,38,0.5329380208333363,0.5329380208333363,184.35000000000005,12.0,67,2098,2185,44.373504638671875,44.87596893310547,0,300.0,-0.013768005131957277,38.107578659057616,2.916485369205475,0.005927917728771112,0.0730458495944428,0.361181508505795,60,1.713966027109406,0.4773718929580642,0.4807497560977936,0.17371871275327772,0.17126822100822928,0.23688915375446962,0.2342787831818754,0.12187127532777116,0.12903913545411644,0.10588001589193484,0.10111615887053031,0.17481128327373857,0.1725177767568195,0.1868295589988081,0.19177992472842906,0.5179905295372009,0.2378588169813156,0.0032456216868013144,0.9980542063713074,-0.018630314618349075,0.48720285296440125,-0.9951960444450378,0.9987075328826904
435.03099999999904,53703,10752,14,164.7220315717363,39,0.5150470711577262,0.5215574878243928,70.50000000000027,13.666666666666666,67,2296,2378,50.92530059814453,49.467529296875,0,300.0,-0.012500670301960781,39.36212984720866,2.9216025273005166,0.005430327340794368,0.068327188884723,0.3804437657161521,48,1.7106748126121645,0.48239232232737894,0.4809267818927765,0.20187265917602995,0.20349474979006382,0.2205992509363296,0.2161955566756077,0.1274656679151061,0.13498578345337572,0.10486891385767791,0.10266969415572123,0.17178526841448188,0.16988855195916092,0.17340823970037453,0.1727656639660706,0.5169376730918884,0.2373373955488205,0.002008080715313554,0.9995461106300354,-0.012975954450666904,0.4886251389980316,-0.9923452734947205,0.9977141618728638
468.3909999999996,57535,11520,15,114.92322456813488,44,0.511222508204226,0.5177329248708927,184.33999999999799,9.166666666666666,67,2463,2564,41.395503997802734,35.23848342895508,0,300.0,-0.013259451077272407,28.300756176312763,2.9145841697851815,0.005614222716076256,0.0701922019519164,0.503105558578488,48,1.723210202186655,0.4871377742944493,0.48875147104263306,0.19940782698249226,0.1944979201276388,0.19915036045314108,0.1934225983875501,0.13426879505664263,0.14399357970778015,0.10659114315139032,0.11482216197833292,0.19052523171987643,0.1840108657460307,0.17005664263645726,0.1692528740526673,0.508567750453949,0.2383931577205658,0.0017936874646693468,0.9970018863677979,-0.009026058949530125,0.48504331707954407,-0.9928520917892456,0.996424674987793
486.0619999999981,61368,12288,16,217.09333937472863,47,0.48995037853817003,0.50948162853817,27.93333333333346,5.0,67,2532,2673,53.86873245239258,58.936744689941406,0,300.0,-0.005368838474775354,30.13118184407552,2.9100108702977496,0.002081885784749223,0.016424640314653516,0.42920388318263536,30,1.714471095757717,0.5101363455185868,0.49553990364074707,0.23284823284823286,0.22902416567848088,0.1968121968121968,0.19373757057080307,0.12543312543312543,0.12224327673903283,0.10649110649110649,0.11218361704962129,0.1750981750981751,0.17527665852641724,0.1633171633171633,0.16753471143564466,0.5205872058868408,0.24034270644187927,0.009684204123914242,0.996650755405426,0.0034857839345932007,0.486513614654541,-0.9983037114143372,0.9936045408248901
503.2659999999996,65203,13056,17,223.1207819409113,50,0.4976433489453183,0.504153765611985,129.66666666666666,3.6666666666666665,67,2606,2764,41.03067398071289,38.572147369384766,0,300.0,-0.009789738396648318,31.05423075358073,2.8836973269780475,0.0025642249607396176,0.019951464594729865,0.20469826759999699,30,1.7136543526213266,0.5012312636207849,0.5060211420059204,0.2056480811006517,0.2086233916482926,0.20902727492155443,0.20440797213195386,0.15713251267197684,0.1551611065682709,0.11368573497465605,0.1152857055344393,0.17282162684045377,0.16928852143395,0.1416847694907072,0.14723330268309331,0.5207788944244385,0.24011406302452087,0.010839041322469711,0.9983040690422058,-0.024037381634116173,0.4878777861595154,-0.9870530962944031,0.9840785264968872
525.0159999999996,69031,13824,18,176.1214630779801,54,0.49429998100702927,0.5073208143403626,161.19999999999774,5.5,67,2699,2857,46.50690841674805,48.0938606262207,0,300.0,-0.009328592820869138,30.614549557367962,2.9075470765431723,0.00353379068421115,0.037292450647025056,0.39609220746597995,24,1.706320748755441,0.49389657377403046,0.5006657838821411,0.19776507276507277,0.19112110455485137,0.2312889812889813,0.2254814280964538,0.15696465696465697,0.15333277542995186,0.09667359667359668,0.0896307574367461,0.1632016632016632,0.17762398600435603,0.1541060291060291,0.16280994847764083,0.5288196206092834,0.24231892824172974,0.0020966453012079,0.9958350658416748,-0.024655938148498535,0.48020631074905396,-0.9948884844779968,0.9921461343765259
542.7659999999996,72867,14592,19,216.29546095291087,57,0.48630549281526897,0.5058367428152689,35.533333333333566,4.833333333333333,67,2776,2953,49.558475494384766,53.25917053222656,0,300.0,-0.00028040598893615726,33.09710462888082,2.8872895340124765,0.002318331765536641,0.015901193968602456,0.3332991590459262,24,1.6932130681696367,0.4823015585713003,0.48500141501426697,0.20554335894621295,0.20213086760529478,0.24615806805708013,0.25005302184403394,0.17316136114160263,0.1826601006863761,0.08863885839736553,0.08056685027679339,0.1394072447859495,0.13658297448523343,0.14709110867178923,0.14800618510226837,0.5132185220718384,0.24253785610198975,0.0035925565753132105,0.9968273043632507,-0.011937322095036507,0.4825826585292816,-0.9901835918426514,0.9867348670959473
574.280999999999,76701,15360,20,121.71428571428571,60,0.5183293958603844,0.524839812527051,193.13333333333023,13.333333333333334,67,2963,3096,45.21187210083008,42.35296630859375,0,300.0,-0.010450839563938124,37.02847108386812,2.857523833002363,0.0048832876073425895,0.05106933731752049,0.500631424917195,42,1.6730381892277644,0.49157188265931373,0.4900508224964142,0.1938631221719457,0.1914115616008015,0.25805995475113125,0.2625374405425129,0.18523755656108598,0.18375126508871295,0.08823529411764706,0.08606606989212126,0.13942307692307693,0.1357512359429152,0.1351809954751131,0.1404824269329362,0.5166230797767639,0.2411305159330368,0.002916740020737052,0.9981173872947693,-0.007650742772966623,0.47791633009910583,-0.9953387975692749,0.9956811666488647
607.155999999999,80539,16128,21,116.80209379469721,61,0.5235837129284026,0.5300941295950693,32.800000000000196,12.666666666666666,67,3202,3344,42.80054473876953,40.696632385253906,0,300.0,-0.015092246809438097,40.012142181396484,2.8484985142043144,0.00724358145625405,0.10207025529940217,0.5175891989003014,66,1.6603856776048458,0.4938616873003522,0.4967133402824402,0.18442622950819673,0.17396315050918987,0.27133010432190763,0.27745602858519147,0.19467213114754098,0.19053255570264543,0.0823397913561848,0.08401972354011625,0.14251117734724292,0.14108623277494634,0.12472056631892697,0.13294230888791067,0.5224351286888123,0.2412237823009491,0.0009536178549751639,0.9985488653182983,-0.016122721135616302,0.48431146144866943,-0.9964221715927124,0.9969722032546997
638.7340000000004,84375,16896,22,121.53855902667104,63,0.5323038023189589,0.5323038023189589,297.54999999999916,11.5,67,3456,3594,49.236331939697266,48.32766342163086,0,300.0,-0.01284621687179121,38.213697242736814,2.8285988569259644,0.005089715985089545,0.060748075903878394,0.4987748105628854,60,1.6498782176125966,0.5110692784821557,0.5170110464096069,0.16998779991866614,0.160182669905943,0.2922936152907686,0.3073593487019068,0.18696624644164295,0.17671010526502579,0.08184221228141521,0.07772572605005186,0.14243594957299716,0.1429865619605647,0.12647417649450995,0.13503558811650787,0.5243748426437378,0.24114327132701874,0.00470451544970274,0.9970043897628784,-0.014564717188477516,0.4767673909664154,-0.996263325214386,0.9983898401260376
673.0619999999981,88209,17664,23,111.7393331779032,66,0.523677864583331,0.5301882812499976,118.8,9.833333333333334,67,3647,3805,46.69824981689453,38.04389190673828,0,300.0,-0.00836483329638011,33.02928274649161,2.8161947550597013,0.004206135223621795,0.038443434988881496,0.5727924068639358,54,1.6201461139254176,0.5157972770884282,0.5170075297355652,0.17590072929139,0.18039681725328754,0.30238380320017416,0.301675086454551,0.18961576140198105,0.1823334289330013,0.07782736475454446,0.07335774693023375,0.1332317405028845,0.13485051083020677,0.12104060084902579,0.12738640959871964,0.5127533674240112,0.24193918704986572,0.0013231061166152358,0.9985262751579285,-0.01188272051513195,0.483898401260376,-0.9954336285591125,0.993451714515686
695.6090000000004,92049,18432,24,170.3109061072253,66,0.5015627191526472,0.5015627191526472,,15.166666666666666,67,3870,3996,52.18194580078125,49.25676727294922,0,300.0,-0.011567430863882086,41.3795641263326,2.780137504140536,0.005199291007973746,0.06500894590863027,-0.04976923056102667,48,1.5968568321538912,0.5002906229895884,0.5017901659011841,0.16366065464261856,0.16363441723677516,0.32117568470273883,0.3217286942358585,0.19505678022712092,0.18930720810360882,0.08016032064128256,0.08093202783026252,0.12344689378757515,0.12760733304515456,0.116499665998664,0.11679031954834043,0.5204299092292786,0.2413545399904251,0.0007245031301863492,0.9964693188667297,-0.017170261591672897,0.487122505903244,-0.9931621551513672,0.9939271211624146
719.5619999999981,95889,19200,25,160.42110540169227,69,0.5181166454822557,0.511606228815589,208.49999999999986,5.333333333333333,67,3996,4156,54.171234130859375,57.1020622253418,0,300.0,-0.0019213268815725488,31.87739453996931,2.7627384776160833,0.004043179757337341,0.025019189678243407,0.20401011910162858,42,1.6076576584188327,0.5014721829467025,0.5164110660552979,0.16536262413481795,0.1645605458910771,0.316430935901294,0.32421244943505056,0.17724947336743907,0.17590644658854154,0.07959674992476677,0.07517009624062533,0.1364730665061691,0.13283067208589489,0.12488715016551309,0.12731978975881056,0.5287760496139526,0.2394682914018631,0.00359597010537982,0.9986130595207214,-0.01960684172809124,0.47712835669517517,-0.9983417987823486,0.9944112300872803
755.9840000000004,99729,19968,26,105.47711915618584,70,0.5480651466455441,0.5415547299788774,299.9999999999997,24.666666666666668,67,4372,4413,47.97214889526367,47.37625503540039,0,300.0,-0.005245463848243364,51.97337918811374,2.7199081083138785,0.004073844470435721,0.046563468236046096,0.20637486879038913,72,1.5582050947346544,0.5130666684111049,0.5118585824966431,0.13545573484518098,0.13268497342552288,0.37583951155691236,0.3918848448262532,0.15202791103358046,0.1633143354403939,0.08539031836022677,0.08118853716109115,0.11208024422154383,0.10419556446426637,0.1392062799825556,0.1267317446824725,0.5139418244361877,0.24019378423690796,0.0027313416358083487,0.9996147751808167,-0.035050857812166214,0.48243042826652527,-0.9930758476257324,0.9946253299713135
789.7969999999987,103569,20736,27,113.61955203124988,71,0.53032934350958,0.5238189268429133,299.9999999999997,14.833333333333334,67,4608,4691,50.5782585144043,50.536376953125,0,300.0,-0.006499393634536925,41.135295708974205,2.7293813162379794,0.004089072962768923,0.03883516570608157,0.10544971100223155,72,1.549697721211468,0.5068299319790547,0.5092121362686157,0.1486161251504212,0.14106163488774442,0.3760529482551143,0.37704847306512185,0.14878803506962351,0.1533151320593851,0.09446450060168472,0.09917977743258999,0.11010830324909747,0.11566915924986323,0.1219700876740588,0.1137258233052954,0.5060187578201294,0.23969420790672302,0.0009335802169516683,0.9987932443618774,-0.01049986481666565,0.4805624186992645,-0.9927982091903687,0.9946948289871216
820.3119999999981,107409,21504,28,125.90163934426229,73,0.519466089136397,0.519466089136397,297.99999999999926,7.666666666666667,67,4811,4935,50.33604431152344,44.37681579589844,0,300.0,-0.010691314501067002,30.813271776835123,2.7473728974660236,0.005223029310135644,0.06534534133291649,0.545069285224102,60,1.5583195356668098,0.4900033319547932,0.4895780384540558,0.1618848376170552,0.1667899493228854,0.3666068938035465,0.34764888650672227,0.14086471408647142,0.151823709676019,0.10251046025104603,0.10363707883111119,0.10300856744371388,0.11299461954136435,0.12512452679816696,0.1171057561218978,0.5165401101112366,0.2392229586839676,0.0035358506720513105,0.9987464547157288,-0.018862420693039894,0.4794931411743164,-0.9987137913703918,0.9971708059310913
856.7030000000013,111245,22272,29,105.45704467353951,75,0.524727662916309,0.524727662916309,171.55000000000004,15.166666666666666,67,5106,5176,44.27724838256836,37.760189056396484,0,300.0,-0.008721500496683417,42.68154473738237,2.7306858120542583,0.00505168813695162,0.0643742449059518,0.4420387659766267,66,1.5775389248559266,0.5089084722910656,0.5097178220748901,0.17231972356097117,0.1718313841975336,0.34654905883422754,0.3643526193928357,0.1454032918068564,0.14572348242911629,0.10793852868964263,0.10670949896525302,0.09366190779303446,0.08607569952370606,0.1341274893152678,0.12530731549155533,0.5169294476509094,0.2372199296951294,0.0020814877934753895,0.9961811900138855,-0.01989351399242878,0.47932079434394836,-0.9974923133850098,0.993877649307251
886.375,115085,23040,30,129.48475856488145,78,0.4969333027662204,0.4904228860995537,211.33333333333323,8.333333333333334,67,5289,5397,41.09632873535156,41.640602111816406,0,300.0,-0.005679912632331252,29.281855971724898,2.7355336171609386,0.003488319311608629,0.02249060593614424,0.37287008507761377,54,1.5546246152935606,0.4964238076260962,0.4993398189544678,0.17477096546863988,0.1759136054168182,0.35259572468874795,0.3691527959838229,0.14846135776368335,0.1465237324718387,0.10007047216349542,0.10181142966441056,0.09713413201785295,0.0898118191145857,0.12696734789758046,0.11678661734852393,0.5239943861961365,0.24009916186332703,0.0024870424531400204,0.9997730851173401,-0.008430859073996544,0.4797837734222412,-0.9978995323181152,0.993156909942627
913.5780000000013,118924,23808,31,141.20719461506445,81,0.5180595933719557,0.5245700100386225,177.63333333333148,16.333333333333332,67,5476,5537,51.88245391845703,54.47041320800781,0,300.0,-0.01460691228082093,35.61670335133871,2.7040644039710364,0.004124976785483401,0.04114203004489051,0.5601351585001543,48,1.5513720594236764,0.5015385078180518,0.5123405456542969,0.16002162454385727,0.1690702595278071,0.3654547911879984,0.3734921062623571,0.14880389241789432,0.14740040388757322,0.09285038518718745,0.07765363167132103,0.09690498716042709,0.09933109260798453,0.1359643195026355,0.13305250604295696,0.5159428715705872,0.2392898052930832,0.0013914125738665462,0.9964501857757568,-0.0009778722887858748,0.48392730951309204,-0.9930949211120605,0.9916211366653442
946.625,122764,24576,32,129.27987072012345,81,0.5233630051966581,0.5233630051966581,,25.333333333333332,67,5812,5819,57.4213752746582,58.60435104370117,0,300.0,-0.011119244881330006,43.894116931491425,2.6909852690166898,0.006728234186184328,0.09201603962315454,-0.11758234091727093,72,1.5345985080381959,0.49492409643209756,0.4903354346752167,0.1489092899856818,0.14564335890716845,0.3767371346753137,0.3911002510545587,0.15059378421628905,0.1493794328592845,0.09576349701002274,0.08961101067615014,0.10351217047081614,0.10049206762546929,0.12448412364187653,0.12377387887736892,0.5215983390808105,0.23712337017059326,0.004851409699767828,0.9992018938064575,-0.00599486380815506,0.4834478795528412,-0.995060384273529,0.9947117567062378
981.625,126604,25344,33,109.76446375485818,82,0.5371579770988342,0.5306475604321675,299.9999999999997,11.666666666666666,67,6068,6141,60.81735610961914,55.67156219482422,0,300.0,-0.009779107101703396,39.84455514565492,2.7106483104901438,0.006361283784658092,0.08283120057342622,0.4668533581666032,78,1.5611314266216703,0.5255997203634708,0.5265846252441406,0.15527054716551567,0.15276858948357527,0.3481065492904303,0.3744996099419299,0.14259694922971844,0.1419252889492427,0.10647340062229643,0.09046571073400593,0.10700462927828792,0.10203359632236206,0.14054792441375125,0.13830720456888418,0.5173196196556091,0.24269090592861176,0.0011542988941073418,0.9979538917541504,-0.014232792891561985,0.4823642671108246,-0.9987584948539734,0.994236946105957
1017.280999999999,130441,26112,34,107.65993265993441,84,0.518472936334828,0.518472936334828,261.59999999999565,9.666666666666666,67,6310,6399,56.62964630126953,58.411190032958984,0,300.0,-0.010360174239119233,32.48907112352776,2.7061381195530747,0.004523722035417739,0.049928697241491383,0.5724808739059173,66,1.5097167311574697,0.5088733993931931,0.49738603830337524,0.1338716913414087,0.1363852491339708,0.3956034096007178,0.39714212266656873,0.14939434724091522,0.14994050417929783,0.08595782862270077,0.0818003015277818,0.09672498878420817,0.09762467867712757,0.13844773441004934,0.13710714381525332,0.5170416831970215,0.2411600798368454,9.836714889388531e-05,0.9986310601234436,0.015923015773296356,0.48561108112335205,-0.9957987666130066,0.9991611242294312
1053.4840000000004,134277,26880,35,106.00491889352027,86,0.5086304829044284,0.5216513162377617,144.2999999999954,16.666666666666668,67,6616,6673,46.14800262451172,46.582794189453125,0,300.0,-0.015758432382261326,36.50864173426773,2.696713042981697,0.007663760537623655,0.10190739018920188,0.7079763481256791,66,1.5168671402940277,0.5196999021664577,0.5184805989265442,0.1275459400742283,0.13334686914132107,0.38390513261518966,0.3940692184661012,0.13587399293925953,0.14137892270520327,0.10265230379288495,0.08623492817738475,0.10355752693038835,0.10118426541944629,0.14646510364804924,0.14378579609054337,0.5224296450614929,0.24217377603054047,0.001595549052581191,0.9999535083770752,0.021327883005142212,0.4871715009212494,-0.9974161386489868,0.9948592185974121
1092.625,138113,27648,36,98.04472843450479,89,0.5432168520976156,0.5367064354309489,282.6999999999966,11.5,67,6862,6936,60.713661193847656,48.19526672363281,0,300.0,-0.00897175412521594,35.5826924112108,2.6889919108814664,0.006798267700488451,0.0853580982463124,0.551099624500371,72,1.5350056739411433,0.5111323763437035,0.5037218928337097,0.12747535362194598,0.1323778712140266,0.3740248606943849,0.3881985477941754,0.1481354479211316,0.14788383642418393,0.10330047149592798,0.09652161968610004,0.10578654093441921,0.1011955497993534,0.1412773253321903,0.1338225750821607,0.5262718200683594,0.2409694939851761,0.0014426737325266004,0.9974049925804138,0.028744978830218315,0.48429322242736816,-0.9951358437538147,0.9972035884857178
1114.7340000000004,141953,28416,37,173.81070927442485,90,0.5218421874999936,0.5283526041666602,40.0000000000003,12.5,67,7033,7106,47.74647521972656,48.892887115478516,0,300.0,-0.015508354850074587,40.8214963277181,2.72244893014431,0.007275089944905854,0.09950919930512707,0.3977364016319004,48,1.5404423795993103,0.5129351504267519,0.5127409100532532,0.13553530751708429,0.12955377716643252,0.36547709440647935,0.3708483119333865,0.15742849911414833,0.167069551494301,0.109972158947102,0.112446440120686,0.09339407744874716,0.09463395280561758,0.13819286256643887,0.12544796647957637,0.5396552085876465,0.243382528424263,0.0009831814095377922,0.9994984269142151,0.027387358248233795,0.48408836126327515,-0.9959152340888977,0.9987133741378784
1150.7659999999996,145787,29184,38,106.45268769435918,93,0.5183425309927377,0.5248529476594045,170.299999999998,17.333333333333332,67,7338,7384,62.36841583251953,62.39967346191406,0,300.0,-0.015242537005564593,37.53812024087617,2.694787762381814,0.006556728908463177,0.08136306920840236,0.44069679407283446,66,1.5666748898718306,0.5291164408710445,0.5302284359931946,0.1252270337443839,0.12289100968730102,0.33725265271006594,0.34982406982369324,0.15887582449096643,0.16720684295053131,0.12073415543447089,0.12672553988443874,0.11757958130197878,0.11344362268368267,0.14033075231813402,0.11990891497035301,0.537441611289978,0.24081890285015106,0.004636754281818867,0.9984989166259766,-0.0010220172116532922,0.48673003911972046,-0.9945942163467407,0.9973593950271606
1178.9840000000004,149627,29952,39,136.15572811402396,94,0.5162640002101664,0.5097535835434998,299.9999999999997,12.666666666666666,67,7566,7634,63.751304626464844,62.23468780517578,0,300.0,-0.00413175885429761,37.06444759368897,2.7122740785280866,0.0028048657699741852,0.023369463352719323,0.2946672124607297,60,1.5452348705329517,0.5227829579209586,0.52653968334198,0.11257425742574258,0.10517792535082494,0.35108910891089107,0.3511275634281389,0.15326732673267326,0.15655763076407422,0.11227722772277228,0.11866281757677673,0.1096039603960396,0.11226005098092402,0.1611881188118812,0.1562140118992612,0.5332726240158081,0.23862892389297485,0.0011784951202571392,0.9997913837432861,-0.0031898191664367914,0.4880192279815674,-0.9975218176841736,0.9954972267150879
1216.1719999999987,153465,30720,40,103.2497578822807,95,0.5364619418191302,0.542972358485797,245.29999999999035,17.166666666666668,67,7888,7934,49.88943099975586,51.781742095947266,0,300.0,-0.014899547204896365,40.98233445485433,2.7343292860757735,0.006285000847453505,0.08057107338460073,0.63082562451546,84,1.576030182281652,0.542056636783016,0.5452789664268494,0.11760592924066564,0.11352975881721084,0.3247098307928961,0.3484622879517308,0.1366941686477416,0.13780985187552128,0.1320095091595581,0.1257181406148495,0.11543840022374494,0.10792750179351249,0.17354216193539365,0.1665524589471751,0.5239766240119934,0.2406538873910904,0.0030133055988699198,0.9989702701568604,-0.006211647763848305,0.4897071421146393,-0.9984023571014404,0.9940232038497925
1248.780999999999,157305,31488,41,117.81309443455504,97,0.5400624208144846,0.5270415874811513,299.9999999999997,14.666666666666666,67,8122,8181,62.38924789428711,53.522666931152344,0,300.0,-0.005190217789883415,37.540522835471414,2.7222416364785396,0.0052419559647110215,0.05869327674118915,0.43312988094589044,66,1.5514206454603021,0.5278244335127075,0.5301060676574707,0.10443180792490298,0.08922276542982754,0.3571621987544002,0.35802259846151985,0.15894936366098023,0.16239324874891067,0.11742937088184854,0.12751440480183635,0.10361946024009387,0.10363113156370943,0.15840779853777417,0.15921585099419616,0.526205837726593,0.2431178092956543,0.002478785580024123,0.9988327622413635,-0.005200359970331192,0.4859791100025177,-0.9990420937538147,0.9946337938308716
1288.1090000000004,161145,32256,42,97.68009768009341,97,0.5462952268464094,0.5462952268464094,,26.166666666666668,67,8544,8534,49.2174186706543,47.69408416748047,0,300.0,-0.008537445208240374,45.48596651413862,2.7115325390123854,0.007250297375036348,0.09594608415100797,0.21914907542210504,102,1.5506865495151898,0.5235971217168698,0.523850679397583,0.09412401515607145,0.08831625651356785,0.32711854213027003,0.33153710268477266,0.17489625308233597,0.17924958950394554,0.11312924760931016,0.11185109554200424,0.10494978047753653,0.1034464244665823,0.18578216154447585,0.18559953128912743,0.525283694267273,0.2415558397769928,0.002008966403082013,0.9988609552383423,-0.014807811006903648,0.48428672552108765,-0.9984127879142761,0.993323564529419
1331.936999999998,164984,33024,43,87.62439514288707,100,0.5240832843518041,0.5175728676851374,262.2999999999977,13.833333333333334,67,8846,8904,47.13138198852539,42.9667854309082,0,300.0,-0.0076429019370051615,28.085000292460123,2.7123464902242023,0.005313751618063847,0.05526156923863002,0.569460014299455,90,1.5469693641605915,0.50551260576285,0.5053778290748596,0.09489396190733486,0.08838408454917097,0.344387410509253,0.34626894808691416,0.161150884776442,0.16010850254691347,0.12353100094556262,0.12269442593169794,0.09867621234634608,0.09650047575507631,0.17736052951506145,0.18604356313022713,0.5270610451698303,0.24011223018169403,0.0017162805888801813,0.9991717338562012,-0.02023295685648918,0.4898297190666199,-0.9979156255722046,0.9963362216949463
1362.780999999999,168821,33792,44,124.46477228494506,102,0.5109746821775585,0.5109746821775585,168.6,15.0,67,9074,9119,53.79771423339844,54.76780700683594,0,300.0,-0.007091118643681209,38.95694923400879,2.6622239042211464,0.0033098020563913735,0.03224202012966594,0.37162765201935555,54,1.521154977236503,0.47596843444002446,0.48180705308914185,0.08171459576776995,0.07944433571684076,0.3510580575149213,0.34696747676898254,0.19045035268583832,0.19400301096100317,0.11513836136733586,0.10732297903880152,0.10406945198046663,0.10725091991554515,0.15756918068366793,0.1650112775988269,0.5160877108573914,0.24134713411331177,0.005599522963166237,0.999451220035553,-0.00716214207932353,0.47817566990852356,-0.998849630355835,0.993371844291687
1396.280999999999,172657,34560,45,114.56217895113954,103,0.5209640142389929,0.5274744309056595,294.5999999999985,16.833333333333332,67,9348,9387,51.52625274658203,49.937259674072266,0,300.0,-0.0005748252226159167,37.35017040448311,2.7118121630106216,0.007734882614574252,0.10386231688496012,0.6744411443964025,78,1.5217331325573813,0.504614658776139,0.49896806478500366,0.09461532251554049,0.08649118226994847,0.36062000484378787,0.3704544432081332,0.20045208686526197,0.20958495903747412,0.0929199967708081,0.08789380061258456,0.09687575684185033,0.09612623363593059,0.15451683216275128,0.14944938123592905,0.5205385684967041,0.24159209430217743,0.0014329981058835983,0.9992010593414307,-0.008867673575878143,0.48332422971725464,-0.9962264895439148,0.9939030408859253
1426.1090000000004,176497,35328,46,128.80719173486443,104,0.535610052979906,0.5290996363132394,299.9999999999997,14.5,67,9626,9653,53.24580001831055,50.58428955078125,0,300.0,-0.005934601474614788,38.1116361618042,2.6714501877625785,0.006220552844975805,0.07622760888221415,0.17705712516323435,72,1.529942489739553,0.5032619784652207,0.4899071753025055,0.09709626424827357,0.09380501866462121,0.36026291704800734,0.35592300966822027,0.18936683584324818,0.19101625316641016,0.09925950578251103,0.10278640568207634,0.09942590897745236,0.09877768086528911,0.15458856810050753,0.15769163195338293,0.5231857895851135,0.24344737827777863,0.0002889338356908411,0.9990481734275818,-0.01614515669643879,0.4779077172279358,-0.999179482460022,0.9982082843780518
1457.2340000000004,180335,36096,47,123.37265743032413,106,0.5011454638698257,0.514166297203159,166.89999999999725,6.833333333333333,67,9815,9898,45.97029495239258,44.57020950317383,0,300.0,-0.010276489638878653,28.509296703338624,2.7040316422780353,0.005809776839460936,0.060730368394676285,0.7179606206477861,60,1.5468731194366026,0.501278171969597,0.500694990158081,0.09725424439320897,0.09087344045637641,0.33588346258645985,0.33157676320445,0.1778453154474953,0.19293322337616736,0.11559421504925592,0.11945752198328283,0.10752462796059527,0.10037782225772013,0.1658981345629847,0.16478122872200326,0.5252525806427002,0.24146172404289246,0.0006421057623811066,0.9998738765716553,-0.024129049852490425,0.47629663348197937,-0.9993872046470642,0.9957996606826782
1491.5780000000013,184174,36864,48,111.83290608249389,109,0.533746743305635,0.5272363266389682,221.30000000000004,14.333333333333334,67,10022,10064,38.55998992919922,32.138771057128906,0,300.0,-0.019063265718674907,36.248064804077146,2.6851003249486287,0.0056607652520013485,0.06576582380706289,0.6971527188752868,60,1.547898842488541,0.5114417548310325,0.5162466764450073,0.08676391139924365,0.07878554973443357,0.3401404646137223,0.3504613841281038,0.18444084278768233,0.19460163534004882,0.10059427336574825,0.09802915481551207,0.11485683414370611,0.11217118230546,0.17320367368989736,0.16595109367644176,0.5293348431587219,0.24129082262516022,0.002151183784008026,0.9984633326530457,-0.025928892195224762,0.47610118985176086,-0.9952124953269958,0.9940809011459351
1512.311999999998,188014,37632,49,185.20304813352965,110,0.5150032082601809,0.5084927915935142,299.9999999999997,13.333333333333334,67,10211,10251,50.417808532714844,48.41557312011719,0,300.0,-0.005786631288628996,36.853206713994346,2.7188095400730767,0.0051086888676407935,0.05219044989644317,0.0905861398786757,48,1.5450556369870432,0.5102296883888155,0.5073586106300354,0.09086326402016383,0.08581455601620282,0.34530560806553245,0.34523110407662677,0.18853182104599875,0.18834182888897846,0.10270951480781348,0.10369034933578866,0.1068683049779458,0.11066169047639318,0.1657214870825457,0.1662604712060101,0.5290900468826294,0.24218103289604187,0.0030039376579225063,0.9981311559677124,0.011199425905942917,0.4718608558177948,-0.9983632564544678,0.994265079498291
1548.25,191854,38400,50,106.89827960581658,111,0.5480760102346344,0.5415655935679676,299.9999999999997,12.0,68,10518,10548,49.86036682128906,47.430320739746094,0,300.0,-0.010239946927564839,39.634841136443306,2.741059627288427,0.00541249011983339,0.059088601609871075,0.35977069072558543,78,1.581998736877299,0.565761637655359,0.5640800595283508,0.10750428148840106,0.10347836263884555,0.3151953915615756,0.3225575504490549,0.20099641911879185,0.19345532711118427,0.10867196014323525,0.11311510873105146,0.10921687684882454,0.11464682880093274,0.15841507083917172,0.1527468222689311,0.52420574426651,0.2423408031463623,0.0037723234854638577,0.9993153214454651,-0.019455555826425552,0.4811231791973114,-0.9973872900009155,0.9975579977035522
1576.469000000001,195694,39168,51,136.15572811402396,112,0.5371613865288807,0.530650969862214,299.9999999999997,14.5,68,10766,10772,45.656551361083984,41.992305755615234,0,300.0,0.008493328209119176,43.600988705952965,2.7162748177846274,0.00613468253045857,0.08087941684061661,0.3755281160243622,72,1.5794361249026985,0.5299053602534849,0.5373256206512451,0.10109870636186426,0.09885171669147676,0.31694134325713275,0.3228077545940211,0.18562821194400142,0.17786234668615686,0.10579479000531632,0.10323044428348126,0.11181995392521708,0.11544523364194983,0.1787169945064682,0.18180250410291418,0.5218937397003174,0.24018406867980957,0.0022147451527416706,0.9999169111251831,-0.024098724126815796,0.48274439573287964,-0.9960018992424011,0.9958800077438354
1599.7030000000013,199531,39936,52,165.25259485765284,113,0.5046236684247827,0.5111340850914493,37.20000000000026,12.166666666666666,68,10931,10956,44.83879852294922,46.11666488647461,0,300.0,-0.010537833598425129,32.717716464289914,2.74011343938333,0.004719912570414741,0.05410649577862824,0.6396504667289116,54,1.5966763523205603,0.5304786558890892,0.5361438989639282,0.10276590960197886,0.10636828343752375,0.29131999100517203,0.2905591919792741,0.2012592759163481,0.19517889400294539,0.11344726782100292,0.1167176916923436,0.11603328086350348,0.11563443445944757,0.1751742747919946,0.1755415044284656,0.5283336043357849,0.24175480008125305,0.0016487599350512028,0.9997028112411499,-0.02806626819074154,0.47914090752601624,-0.9941139221191406,0.9914159774780273
1636.811999999998,203362,40704,53,103.28094249589674,119,0.5079339369791341,0.5079339369791341,236.1833333333303,10.833333333333334,68,11100,11132,39.09014129638672,34.84868240356445,0,300.0,-0.0037142747745141,26.210081736246746,2.7651077955961227,0.0015101377458082755,0.006876460738567403,0.6534369362330227,48,1.597132139921038,0.5327468152946336,0.5306463837623596,0.09300567107750472,0.09694074675125335,0.30245746691871456,0.2984213197511808,0.19735349716446124,0.18633788309409618,0.1164461247637051,0.12445159720609716,0.12224322621298046,0.11777617918463154,0.1684940138626339,0.17607227401274095,0.5348967909812927,0.24095909297466278,0.00122535799164325,0.998284637928009,-0.03662659600377083,0.4827919006347656,-0.9976285099983215,0.993120551109314
1657.625,207199,41472,54,184.49776410060332,121,0.49984603220931767,0.512866865542651,72.10000000000005,11.0,68,11210,11251,55.3278694152832,47.768287658691406,0,300.0,-0.010570668475702405,34.3845911026001,2.7563271284103394,0.0036922254937079937,0.04821237552290161,0.6055858579126071,30,1.583447839562858,0.5336073596566097,0.5317043662071228,0.0914658237850652,0.0900453585538733,0.3135124456736468,0.3097899629340054,0.1860924535756618,0.17771904627218552,0.10885025681548795,0.1189284442697486,0.1349269063611221,0.1318023298624836,0.1651521137890162,0.1717148581077036,0.5418305397033691,0.24112163484096527,0.001435464946553111,0.9989526867866516,-0.04479051008820534,0.47626784443855286,-0.9919378161430359,0.994050145149231
1684.780999999999,211037,42240,55,141.4148857774533,122,0.5240343709576547,0.5305447876243213,108.7999999999981,14.666666666666666,68,11417,11441,48.46310043334961,52.127281188964844,0,300.0,0.013698590779677033,36.729080028533936,2.7228923988342286,0.010217637411928372,0.14769218809204177,0.702937562023098,50,1.6123766509199748,0.5767275193114754,0.5698912739753723,0.10606224921375122,0.1011230293416473,0.2788200845895239,0.2794946920672209,0.2067020930484763,0.1978292015057083,0.12113653616744388,0.12478053823026465,0.11896757401583342,0.1220761151807326,0.16831146296497126,0.17469642367442628,0.5354299545288086,0.2427099496126175,0.0014953073114156723,0.9999550580978394,-0.06033739075064659,0.47428199648857117,-0.9973796606063843,0.9971495866775513
1716.655999999999,214877,43008,56,120.53109011582141,123,0.5306640423852327,0.5371744590518993,196.49999999999312,12.5,68,11717,11759,54.4699592590332,54.990211486816406,0,300.0,-0.010709863149150763,40.923763593037926,2.763683029583522,0.006997435996980189,0.09188045461529068,0.5342788651064339,84,1.6206587702145423,0.6052559331254316,0.6084473133087158,0.1197265912097604,0.11125931362816031,0.26914596501543436,0.2775994015592813,0.1902836983683669,0.1816790079525851,0.12060855504924298,0.12765261378170073,0.11392032926650007,0.11681862447812796,0.18631486109069528,0.18499103860014457,0.5319566130638123,0.24373529851436615,0.0020296117290854454,0.9986538887023926,-0.03832199424505234,0.48626619577407837,-0.9984725713729858,0.998638391494751
1746.655999999999,218716,43776,57,128.0349519743847,125,0.5268732350566019,0.5268732350566019,164.44999999999993,9.333333333333334,68,11959,12020,48.95697784423828,44.254127502441406,0,300.0,-0.007765585039224889,36.94211403528849,2.7582869629065194,0.005562151454777818,0.07425573732002198,0.5274137099254039,72,1.613087669219838,0.6129622222010476,0.612642228603363,0.1205395996518712,0.11200707057030083,0.2649260226283725,0.2718135443596809,0.18894691035683203,0.18171791304289686,0.10844212358572672,0.11273006065457893,0.12080069625761532,0.12528193141265417,0.19634464751958225,0.19644947995988826,0.5384140014648438,0.2477686107158661,0.004882498644292355,0.9999514222145081,-0.04583355784416199,0.4857744872570038,-0.9992422461509705,0.9907699823379517
1770.3590000000004,222552,44544,58,161.94537087852922,127,0.5072962841911012,0.5072962841911012,206.5499999999988,5.0,68,12137,12221,53.435386657714844,57.06354522705078,0,300.0,-0.004265779689982689,34.84936920801798,2.7409858405590057,0.001818572336795733,0.008791033696373537,0.401817060637773,48,1.6071985307505219,0.629779163198206,0.626306414604187,0.11515453639082751,0.12302064081796263,0.2805333998005982,0.2818390376656814,0.19516450648055833,0.19532325199714395,0.10468594217347957,0.1030632465962529,0.12126121635094717,0.1229894931084853,0.18320039880358924,0.1737643298144738,0.5387000441551208,0.24396207928657532,0.004974451847374439,0.9984354972839355,-0.05331045016646385,0.484592467546463,-0.9974753260612488,0.996530294418335
1796.4840000000004,226388,45312,59,146.9225171396815,131,0.5259780323735165,0.5129571990401831,235.27499999999986,8.0,68,12309,12372,46.65744400024414,46.7036247253418,0,300.0,-0.0021731139138518344,35.346753892444426,2.7389718350910006,0.0008237986445294654,0.00020248830800742975,0.5259203172419671,42,1.6097879305266332,0.6181617385711007,0.620296835899353,0.11179307321350285,0.10555702856519805,0.28306298407131375,0.28676418059149955,0.19099810024842906,0.19702301182058748,0.11749232792634809,0.12153022226223138,0.13254420575770862,0.12524006158478776,0.16410930878269764,0.16388549517569576,0.5482727885246277,0.24315334856510162,0.0038694017566740513,0.9991323947906494,-0.03355298936367035,0.48453566431999207,-0.9939278960227966,0.9955960512161255
1825.7969999999987,230227,46080,60,131.03730757416034,132,0.5325787389893134,0.5390891556559801,42.40000000000033,21.166666666666668,68,12585,12574,50.755184173583984,46.140933990478516,0,300.0,-0.015649111604822488,46.3295841217041,2.720305589834849,0.006743523914590489,0.09157067760728145,0.5560288888233021,60,1.5887058623891421,0.6057854748430737,0.6043491959571838,0.11604369175268063,0.1133908473316948,0.3069445836256138,0.30165548537091424,0.18368574005411364,0.1798092944842906,0.10842769816614892,0.11575688934402341,0.12355947489728429,0.1302309682452114,0.16133881150415874,0.1591565152238656,0.5377357006072998,0.2450210303068161,0.00264257425442338,0.9995054006576538,-0.02265223301947117,0.4813575744628906,-0.9998868703842163,0.9926093816757202
1862.7969999999987,234064,46848,61,114.16245165129229,133,0.5169049764361421,0.5234153931028088,236.19999999999087,11.333333333333334,68,12818,12871,48.26164627075195,54.31132507324219,0,300.0,-0.007292149442946538,35.89413187238905,2.720097061660555,0.011480484779013906,0.15336811217194837,0.7190688114403874,72,1.594568892832386,0.6220023734458981,0.6207113862037659,0.10275180807902629,0.09144679817291147,0.29731875110248723,0.3161508881843208,0.18257188216616688,0.17407991160547914,0.1126300934909155,0.11459432747439974,0.13926618451225967,0.1306262101855267,0.16546128064914448,0.17310186437736214,0.5456424355506897,0.24209563434123993,0.0013531699078157544,0.9983392953872681,-0.0271823201328516,0.48545876145362854,-0.9991344213485718,0.9949725866317749
1895.030999999999,237904,47616,62,119.18433222632252,134,0.5481533447222776,0.541642928055611,299.9999999999997,19.166666666666668,68,13156,13155,41.35055160522461,37.99692916870117,0,300.0,-0.005603700557586331,46.64243747026492,2.6713389249948354,0.005199215498829176,0.056039004995583154,0.39363631871993976,78,1.5616336843937395,0.6284539831059861,0.6295574903488159,0.10543494762410809,0.09514730559706226,0.31417944436010325,0.32713639724869686,0.18969181721572795,0.1900654413799449,0.0989828449977228,0.09961785844488459,0.13154698648853802,0.12735619285070884,0.1601639593137999,0.16067680447870253,0.54619961977005,0.2419089376926422,0.0007725557079538703,0.9992376565933228,-0.006753014866262674,0.4891548752784729,-0.9996904730796814,0.9981086254119873
1920.1090000000004,241744,48384,63,153.22001436436585,134,0.5177645134252823,0.5177645134252823,,14.333333333333334,68,13388,13416,49.51404571533203,48.17332458496094,0,300.0,-0.018632035851745363,38.007598050435384,2.7100608110427857,0.009808394657539254,0.14568558813189156,0.7693305424607215,60,1.5809577948132794,0.6257681215628108,0.6319095492362976,0.09597301717089125,0.08731740559257707,0.30253475061324614,0.30900626506329315,0.17917007358953393,0.1826266884803615,0.10588716271463613,0.10921307065533316,0.142988552739166,0.12891342157453806,0.17344644317252658,0.18292314863389708,0.5428048968315125,0.24630790948867798,0.0005412038299255073,0.9994763135910034,-0.029562409967184067,0.49349358677864075,-0.9996092915534973,0.9947975873947144
1964.2340000000004,245571,49152,64,86.76233875172792,141,0.5203050079347128,0.5268154246013794,183.2428571428561,8.833333333333334,68,13607,13641,50.860145568847656,52.256710052490234,0,300.0,-0.007860424351262434,38.09684505462646,2.7290486057599384,0.0062904321736269074,0.07812338595831533,0.5741544542164972,60,1.5928948027805439,0.6485373086287536,0.6396970152854919,0.09659090909090909,0.09798331143300879,0.2692967409948542,0.2614092063463594,0.17292024013722126,0.15386800166974257,0.11438679245283019,0.13283952990383785,0.1341123499142367,0.12837425772303895,0.21269296740994853,0.22552569292401245,0.5362744331359863,0.24439024925231934,0.0003518295707181096,0.9995478391647339,-0.05437812954187393,0.4910818040370941,-0.9985027313232422,0.9924663305282593
1991.186999999998,249406,49920,65,142.36923191150734,143,0.5036569310986012,0.5166777644319346,31.75000000000018,13.0,68,13809,13828,56.39776611328125,51.103477478027344,0,300.0,-0.002892022952437401,41.26161377518265,2.6845696987929166,0.0032961143359512023,0.03582346230137369,0.5004309259858541,54,1.5512942543512658,0.6269323598580057,0.6223289370536804,0.09259259259259259,0.08821897709802182,0.30426629160806373,0.32712263643280853,0.17674636661978435,0.16637610584503792,0.10607126113455227,0.10659621312739422,0.12212845757149554,0.11794264492211497,0.19819503047351147,0.19374342257462257,0.5303909778594971,0.24850575625896454,0.0013362043537199497,0.9987362623214722,-0.056547705084085464,0.48430734872817993,-0.9960692524909973,0.9968551397323608
2031.280999999999,253245,50688,66,95.78821298468537,145,0.5299165251991313,0.5299165251991313,165.69999999999993,19.166666666666668,68,14099,14081,50.58240509033203,49.034027099609375,0,300.0,-0.010699584474936366,42.24869732979016,2.661801815032959,0.006631627273963663,0.0810004967602137,0.5297447525290269,78,1.5352838856230493,0.6113221305638634,0.6109493970870972,0.07253476611883691,0.07305125246213297,0.33367572692793934,0.33863378654428117,0.1802307206068268,0.17227867007784578,0.10224399494310998,0.10784410432537075,0.1377212389380531,0.13069284333803247,0.1735935524652339,0.17749934325233688,0.5221056938171387,0.24817274510860443,0.0009200284839607775,0.9992161989212036,-0.008831414394080639,0.48721063137054443,-0.9992430210113525,0.9966644048690796
2074.1409999999996,257085,51456,67,89.62748576229843,147,0.5182438350196916,0.5182438350196916,165.24999999999994,17.5,68,14390,14374,43.714569091796875,42.71643829345703,0,300.0,-0.008590920890561566,41.477726845514205,2.660759463196709,0.005798496434477176,0.06903210228275773,0.3371045312746406,84,1.5055564542767927,0.6170394088494059,0.6179890036582947,0.0738937419447229,0.07029673304365973,0.3426177860518402,0.34677109367547837,0.17814692825433195,0.16909730945106768,0.0907203207790348,0.09686925424493034,0.13797794644135758,0.1321086040200898,0.1766432765287126,0.18485700556477405,0.525763750076294,0.2483527809381485,0.0030456550884991884,0.9984986186027527,-0.0029263629112392664,0.48467394709587097,-0.9974656105041504,0.9946856498718262
2111.1090000000004,260925,52224,68,103.91578491597058,147,0.5367577753586076,0.5367577753586076,,21.833333333333332,68,14732,14690,45.721187591552734,35.9383544921875,0,300.0,-0.012696986321437483,47.26624984741211,2.649089143011305,0.009147115990889965,0.1339542290900782,0.11731902652266346,90,1.5264909670100124,0.6137662925985033,0.6183930039405823,0.07904103149553421,0.07461972564430039,0.32865489221677524,0.3477278717594833,0.19018198912094553,0.1742258659232483,0.09925458330535222,0.09777821528269778,0.14834463770062453,0.1454200461120956,0.15452286616076824,0.16022827527817468,0.5201171040534973,0.24832004308700562,0.0007603653939440846,0.9995914697647095,0.017312219366431236,0.4883119463920593,-0.9984247088432312,0.99761962890625
2149.844000000001,264763,52992,69,99.12446085900733,151,0.542611515862586,0.5295906825292528,236.94999999999987,14.166666666666666,68,15005,14987,45.139957427978516,43.71131896972656,0,300.0,-0.0028980029627489736,42.450515404725685,2.6635037324367423,0.008536410657176011,0.10865302642998405,0.4226019046651408,78,1.5394282478151877,0.6160501483045739,0.6148785948753357,0.07865882726839345,0.07890501958486487,0.31185444144287305,0.3078998509485455,0.19362784045765136,0.18150707538754773,0.09121245828698554,0.09956024034383197,0.1643890036548546,0.16680229141510947,0.16025742888924202,0.1653255223201005,0.5304799675941467,0.2489703893661499,0.0020693764090538025,0.9990101456642151,0.010238694958388805,0.48585620522499084,-0.9999736547470093,0.9999701976776123
2179.5,268603,53760,70,129.55028507810295,152,0.5430256707831407,0.536515254116474,299.9999999999997,23.0,68,15297,15217,44.37872314453125,44.36814880371094,0,300.0,0.0032981061029002173,45.742143101162384,2.6107808351516724,0.002817790051301644,0.024955145953248978,0.15390518511511697,72,1.504881808650052,0.6044499533269695,0.5984387993812561,0.0800247590414714,0.07977807101014295,0.3451233530816164,0.36565545789534,0.1792377752232735,0.16868049025724027,0.09302325581395349,0.08449974612215681,0.15217967990096384,0.1471599357568757,0.15041117693872139,0.1542262989582443,0.5370005965232849,0.24820856750011444,0.0008237835136242211,0.9998636841773987,0.017836041748523712,0.4863390326499939,-0.988941490650177,0.9972660541534424
2222.7340000000004,272443,54528,71,88.8518672775217,153,0.5459769848783145,0.5394665682116478,299.9999999999997,13.0,68,15661,15633,46.061073303222656,45.60034942626953,0,300.0,-0.0077507928008681455,40.46496652673792,2.673417250315348,0.006024737109277983,0.07453716845743151,0.32110669989172413,108,1.5358673835291718,0.6332842229730343,0.6343673467636108,0.06974627375128001,0.0670497014506554,0.3134600068267152,0.33543428313111057,0.17504835589941972,0.16491393697295806,0.10245761747639094,0.0962489166509571,0.17095232677210148,0.17054599285814043,0.16833541927409262,0.16580716893617845,0.5405051708221436,0.24965453147888184,0.001197702600620687,0.9996944069862366,0.00637765834107995,0.4891916513442993,-0.9954653978347778,0.997735857963562
2253.561999999998,276283,55296,72,124.62676879138775,154,0.5339013279733726,0.527390911306706,299.9999999999997,14.666666666666666,68,15940,15904,45.04872131347656,46.386680603027344,0,300.0,-0.009648412321338482,36.55566194322374,2.683969693051444,0.007428146627548892,0.09631153575982251,0.6652162919000046,72,1.5297493879510282,0.6186684519218656,0.611458957195282,0.07346289160663427,0.07392548652490476,0.3313787904171553,0.3526264097716689,0.16183615345954097,0.15041409275188075,0.10026805159993299,0.09577788470605615,0.16166862120958284,0.16237117575367288,0.17138549170715361,0.16488495049181653,0.5450199842453003,0.24956348538398743,0.0007306354818865657,0.9993070960044861,0.003749723080545664,0.4830228090286255,-0.9962754845619202,0.9947177171707153
2300.5780000000013,280120,56064,73,81.63829787234043,155,0.5456519965165391,0.5521624131832058,240.6999999999906,20.666666666666668,68,16279,16212,47.336055755615234,47.058067321777344,0,300.0,-0.008112094160196648,47.10839235782623,2.6601048012574515,0.008869477558334504,0.12136785208349465,0.5838985373908823,96,1.542561234280784,0.6063964994199919,0.6099507212638855,0.07749920660107902,0.0782538911816163,0.30929863535385593,0.32563946645425734,0.17854649317676927,0.1673195481701887,0.10860044430339574,0.10075024920900288,0.15950491907331005,0.16303082723795598,0.16655030149158997,0.1650060177469788,0.5333163142204285,0.24823787808418274,1.6945881725405343e-05,0.999247670173645,-0.005532061215490103,0.49066218733787537,-0.9987432956695557,0.9937330484390259
2349.9840000000004,283960,56832,74,77.74853209151742,157,0.5593053745590532,0.5462845412257198,299.9999999999997,18.333333333333332,68,16596,16526,53.3497428894043,42.70169448852539,0,300.0,-0.002667529642025733,50.091700575086804,2.650445548693339,0.0038756341309150117,0.03176743017845891,0.15395538052631808,90,1.5014380006378614,0.5880693186139629,0.5811960101127625,0.07272242940863079,0.07133714086887236,0.3387719765583378,0.3700785670118253,0.1732818327117741,0.1590533481367762,0.10635322322855621,0.10260042604550197,0.13965103889184868,0.13619357557343048,0.1692194992008524,0.16073694236359368,0.5393291115760803,0.24770422279834747,0.0007011513225734234,0.9996111989021301,0.017996640875935555,0.4844057261943817,-0.9990412592887878,0.9972628355026245
2391.936999999998,287798,57600,75,91.51822972554488,159,0.5461797726081538,0.5461797726081539,188.14999999999984,22.333333333333332,68,16975,16851,45.369178771972656,46.547176361083984,0,300.0,-0.0105385841594802,45.084300401475694,2.672555923461914,0.006441196479564999,0.08012720679916027,0.5303481287635996,90,1.5204868206635647,0.6050142436926335,0.6075287461280823,0.07672702883970489,0.07601665032444571,0.31857813547954394,0.3224205980868892,0.1858484238765929,0.18078071105072796,0.1101945003353454,0.10856106903852818,0.14795439302481556,0.1493169267959881,0.16069751844399732,0.16290404470342085,0.5353611707687378,0.24801374971866608,0.0019886598456650972,0.9986215233802795,0.02058548852801323,0.48913270235061646,-0.9977936148643494,0.9938971996307373
2426.405999999999,291638,58368,76,111.45618668912014,160,0.5370059408504688,0.5304955241838022,299.9999999999997,19.166666666666668,68,17269,17154,48.33198547363281,47.945281982421875,0,300.0,-0.005722598302998536,40.67376904260544,2.7042704423268638,0.004953055513777547,0.05195186826555679,0.3506738067211389,84,1.5323529477758262,0.5917006579299893,0.5943975448608398,0.08257334747260515,0.08536638879201962,0.3007423117709438,0.3181491489886506,0.18338635560268646,0.16604884055624122,0.10222693531283139,0.10044542676384183,0.16005655708731,0.15619310054303198,0.17101449275362318,0.17379709435621477,0.5324576497077942,0.24871383607387543,0.00028445207863114774,0.9989880919456482,0.0005159092834219337,0.4932019114494324,-0.9992021918296814,0.9992634057998657
2461.625,295478,59136,77,109.08161236257858,161,0.5333015004495548,0.5267910837828881,299.9999999999997,13.166666666666666,68,17527,17435,47.94782638549805,52.06407928466797,0,300.0,-0.0088464490575298,37.89018163925562,2.6590484319589076,0.0073782425496446095,0.10543010226907566,0.5289505842057867,78,1.494422541510984,0.595354626053258,0.5907894968986511,0.07295860847157352,0.07203539688108306,0.33032694475760993,0.35040686918680436,0.1867450475116766,0.1709671136141504,0.0951038814623933,0.09527312103962701,0.14519246255435658,0.14536596660219547,0.16967305524239007,0.1659515326761397,0.5238661170005798,0.24729250371456146,0.0012578698806464672,0.999908447265625,0.0007589075830765069,0.487057626247406,-0.9983773231506348,0.9959275722503662
2503.0159999999996,299318,59904,78,92.809667673716,163,0.5445740750260365,0.5315532416927032,299.9999999999997,8.666666666666666,68,17819,17703,47.78269958496094,44.843971252441406,1,900.0,-0.003031058960510159,50.529565546247696,2.668277598089642,0.0044881387230293005,0.04234669443960431,0.1251030131131402,72,1.5183232514952185,0.6352890551282698,0.639322817325592,0.07352565739086035,0.07137479164968587,0.29120925878648624,0.3148635373732533,0.2177687005361246,0.19068466772990703,0.09914049868096332,0.10033376238623656,0.144838737128755,0.14501050404990562,0.1735171474768105,0.17773273681101162,0.5234184861183167,0.2518422305583954,0.0005778894410468638,0.9987246990203857,0.004945020657032728,0.49131011962890625,-0.9974676966667175,0.9987339973449707
2537.594000000001,303151,60672,79,110.89893817087021,166,0.49718988921889684,0.5167211392188968,168.43333333333123,9.833333333333334,68,18032,17924,47.42687225341797,46.86318588256836,1,900.0,-0.009581311378860846,44.73803284962972,2.711947496732076,0.0028849718799619146,0.03256552665843628,0.5445728298970338,60,1.5302749848882449,0.6263409410035612,0.6235876679420471,0.08552493162213338,0.08917817472683284,0.30601725226172943,0.3034926315766952,0.20113612455291394,0.18165177930299695,0.10772143909110035,0.10796931171274393,0.13507258573532505,0.14225175139499677,0.1645276667367978,0.1754563512857343,0.5193600654602051,0.2492719143629074,0.0016066033858805895,0.999713122844696,0.0034376904368400574,0.48865169286727905,-0.9912156462669373,0.9958746433258057
2557.686999999998,306991,61440,80,191.25410897501942,167,0.5156367080040977,0.509126291337431,299.9999999999997,9.666666666666666,68,18204,18096,53.329959869384766,51.19316482543945,1,900.0,-0.0042031319317175075,36.248435616493225,2.6787200520435968,0.0046844127593958845,0.05936567406752147,0.5287155585873466,48,1.5129840845237426,0.6188242866371455,0.6138316988945007,0.07223777155804345,0.0696078504981556,0.30934292949486875,0.32217197726951785,0.18672530987604957,0.1735162602096404,0.11022257763561243,0.11088309443513363,0.14314274290283888,0.14270274360566562,0.17832866853258697,0.1811180739818869,0.5269755125045776,0.25091785192489624,0.002270787488669157,0.9996355175971985,0.0020740015897899866,0.48715364933013916,-0.9905775189399719,0.9979506731033325
2579.7340000000004,310831,62208,81,174.29985021107382,168,0.5267243296160607,0.5202139129493941,299.9999999999997,14.166666666666666,68,18423,18285,47.28009033203125,49.57725524902344,1,900.0,-0.002957382923880316,42.4319923542164,2.6550259678452104,0.0043731706949248494,0.04391558670559553,0.5943480125221401,54,1.522432681659368,0.6038057628192652,0.6036773324012756,0.07977800901838362,0.07670233275282264,0.28720083246618106,0.3094491683749799,0.1992137819401087,0.18771606272875244,0.1257948895826107,0.12626963633626118,0.1573592322811886,0.15220283599931356,0.15065325471152735,0.1476599638078703,0.524431586265564,0.2509849965572357,0.0009576957672834396,0.9991928339004517,-0.002566996729001403,0.49257296323776245,-0.9996023774147034,0.995957612991333
2609.0780000000013,314671,62976,82,130.93289689033773,169,0.528472187182133,0.5219617705154663,299.9999999999997,18.0,68,18648,18488,49.272464752197266,46.451904296875,1,900.0,-0.006369374323791514,37.751755968729654,2.670958522955577,0.0037321275326893727,0.03330587145367948,0.6986151186467655,60,1.4777211308327092,0.6031810535202548,0.6082764267921448,0.0761221883901385,0.07192301718957243,0.32138296827423635,0.3191204629994465,0.2046950201355466,0.18437489715635727,0.10382084274629211,0.10768798310900587,0.15047637756605442,0.15931054572581074,0.14350260288773206,0.15758309381980715,0.5177989602088928,0.2506573796272278,0.00016784951731096953,0.9998754262924194,0.002993765054270625,0.48332923650741577,-0.9935319423675537,0.999173641204834
2637.875,318507,63744,83,133.28237378826753,170,0.4834382519172126,0.48994866858387925,234.59999999999096,8.833333333333334,68,18806,18706,49.90860366821289,49.1150016784668,1,900.0,-0.005402174260881212,38.20652710949933,2.6680932574801974,0.003016756520608396,0.025870225373957376,0.38267558377476907,54,1.477840850450641,0.5973954850536282,0.5952542424201965,0.08359236234458259,0.08734383955233559,0.30495115452930727,0.28232926570670513,0.21047957371225579,0.18826365196551847,0.10091030195381882,0.11431124237002553,0.15075488454706928,0.16181003938046887,0.14931172291296627,0.16594196102494643,0.5123415589332581,0.2513754069805145,0.0017132307402789593,0.9991877675056458,0.004541769623756409,0.4898250102996826,-0.9989149570465088,0.9990323781967163
2669.5469999999987,322346,64512,84,121.27242860753464,172,0.5013782203523691,0.5143990536857025,184.20000000000437,15.0,68,19010,18883,41.71311569213867,39.746559143066406,1,900.0,-0.009808132002406099,45.348314921061196,2.631773489492911,0.004621801616055932,0.0562031808054868,0.47460492354579287,54,1.4825470113386159,0.5928591500529057,0.6046925187110901,0.08926823964336196,0.09193662564578,0.30390344677612263,0.3319744121294864,0.21082961835381103,0.18037960962457678,0.11036207458954007,0.11397307983911327,0.15820376209633577,0.1517376757894591,0.12743285854082853,0.12999859697158442,0.5147222876548767,0.24970465898513794,0.0010674071963876486,0.9993126392364502,0.012280802242457867,0.48582983016967773,-0.9981442093849182,0.996150016784668
2695.6719999999987,326183,65280,85,146.95518958253214,174,0.49102590144432207,0.5040467347776554,129.34999999999553,7.5,68,19167,19095,50.3818359375,47.1575927734375,1,900.0,-0.011505206132521076,46.06484194596609,2.508029341697693,0.00934308013876732,0.12305017245914011,0.3541161451485145,48,1.4723876246935745,0.5873509788404534,0.5891484022140503,0.08288062404234572,0.07435552101588737,0.313832010029252,0.35565191981419986,0.19236662487811673,0.16808798392279548,0.10349630867808887,0.10491778844723121,0.16464688675302966,0.16103550951730125,0.142777545619167,0.13595127728258483,0.5145843625068665,0.25178664922714233,0.0011020478559657931,0.9993873238563538,0.03795776143670082,0.4797748029232025,-0.9961695075035095,0.9988082647323608
2716.0159999999996,330023,66048,86,188.8927148408534,174,0.5062075823491058,0.5062075823491058,,14.0,68,19362,19251,46.97754669189453,51.502288818359375,1,900.0,-0.014031136890740268,41.83877990359352,2.4337965647379556,0.006857881878709212,0.09164000129593271,0.684609539932653,42,1.3985277462005614,0.5927273217753765,0.5935536026954651,0.06671875,0.06299239811193692,0.37390625,0.42497266455962457,0.175,0.1485876522852619,0.1021875,0.10458950556940344,0.15375,0.13136293287134665,0.1284375,0.1274948466024265,0.5411484241485596,0.2534523010253906,0.0021402782294899225,0.9986660480499268,0.0291655994951725,0.47823581099510193,-0.9944934844970703,0.9972460269927979
2744.3909999999996,333863,66816,87,135.33039647577093,174,0.5105661879639545,0.5105661879639545,,8.0,68,19564,19489,46.99094772338867,47.84947967529297,1,900.0,-0.00947706021834165,33.28937683105469,2.546321185429891,0.0060078885249452985,0.07697347819727535,0.8644525725611647,60,1.4263022710710256,0.6008832245747834,0.6026822328567505,0.08074222668004012,0.07730897986257468,0.3245737211634905,0.3469965227714069,0.1892678034102307,0.16840950170330635,0.11023069207622868,0.11381900815278523,0.15606820461384152,0.15534127944866974,0.13911735205616851,0.13812470806125712,0.5208161473274231,0.25126126408576965,0.0013337130658328533,0.99957674741745,0.054820626974105835,0.4843747615814209,-0.9973796606063843,0.9965972900390625
2767.0780000000013,337703,67584,88,201.77604960325047,174,0.5149996388434747,0.5149996388434747,,11.0,68,19728,19635,42.86384963989258,38.841041564941406,1,900.0,-0.0028783698896101364,43.89404741923014,2.506313267208281,0.004078007129258642,0.034280590003445036,0.8563408363650814,42,1.3843927803667904,0.5980261992198759,0.6005188226699829,0.08376742221596509,0.08754256898458249,0.3529494579755033,0.35857713496226945,0.17063212727016752,0.1584542037502505,0.09446712656623962,0.09560239781190233,0.1576798535829931,0.1616062231867339,0.14050401238913135,0.13821747130426132,0.5359606742858887,0.2517757713794708,0.0036518683191388845,0.9997286796569824,0.039453957229852676,0.4864759147167206,-0.9882856011390686,0.9984279870986938
2798.4530000000013,341539,68352,89,122.32532925156904,175,0.49805666821198563,0.5045670848786523,623.1000000000731,11.666666666666666,68,19975,19883,39.32314682006836,37.55748748779297,1,900.0,-0.005541768798138946,35.7077956199646,2.56064399878184,0.002597495230241468,0.019969161567860282,0.8017790996645587,60,1.4026371569511218,0.6028359754454596,0.6041250228881836,0.08328205128205128,0.08580004933218785,0.33415384615384613,0.3433467185182846,0.17015384615384616,0.15669461049421127,0.11405128205128205,0.11533616678914844,0.1762051282051282,0.17020051182124005,0.12215384615384615,0.12862194304492777,0.5345828533172607,0.2531049847602844,0.0026375632733106613,0.9993582367897034,0.04576711356639862,0.4852108657360077,-0.992978036403656,0.9970946311950684
2819.75,345376,69120,90,180.3016775527547,176,0.49180097368938486,0.4983113903560515,298.6999999999994,8.833333333333334,68,20130,20060,44.681888580322266,39.4271240234375,1,900.0,-0.007816139475575514,38.97378199441092,2.548278822785332,0.004259749018412721,0.03605612578879421,0.7652292765831294,42,1.4260795985195394,0.5788099080611975,0.5812520980834961,0.07044310988475896,0.07546264932739648,0.30563220256451873,0.3246247029447339,0.18844343450738515,0.17004423979057076,0.11572796623924687,0.1167298583981489,0.18779418925499108,0.17815029175382388,0.13195909754909918,0.1349882577853261,0.5320335626602173,0.25370559096336365,0.0002312256401637569,0.9997652173042297,0.03415286913514137,0.48144832253456116,-0.9898893237113953,0.9966965913772583
2849.6719999999987,349201,69888,91,127.90075570120119,181,0.4591165922427313,0.49166867557606464,469.9000000000475,8.833333333333334,68,20262,20217,41.00218200683594,44.155372619628906,1,900.0,-0.013891979731043749,39.330679681566025,2.5302189919683666,0.00026984272959232184,0.0,0.8408614942903849,36,1.4474804486627726,0.5801438058729199,0.5831232070922852,0.0656326839417439,0.07130914709887586,0.3030073765840741,0.33992182942271804,0.17363344051446947,0.14085942884281896,0.12861736334405144,0.12681945835837222,0.2090032154340836,0.20593071902352414,0.12010592018157745,0.11515941725369079,0.554469645023346,0.2519611120223999,0.001983101712539792,0.9990110397338867,0.03884939104318619,0.48439186811447144,-0.9952938556671143,0.9972686767578125
2869.8909999999996,353039,70656,92,189.82145506700715,182,0.5205562485122992,0.5270666651789658,22.800000000000054,10.0,68,20430,20383,57.20275115966797,47.240875244140625,1,900.0,-0.016731420495489147,48.69257680575053,2.5396929383277893,0.006978625788711762,0.1108797474395639,0.26595461689480315,48,1.4743006654308222,0.5706318375745552,0.575694739818573,0.07215241183623834,0.066152246912647,0.28104310228347523,0.3243449083398079,0.18308336711255235,0.1603572867863253,0.11984866909877044,0.11991905018689587,0.2190244561545737,0.20468150364141974,0.12484799351438995,0.1245450041329042,0.5514549016952515,0.252048522233963,0.0035195837263017893,0.9987571835517883,0.028178248554468155,0.48265424370765686,-0.9971385598182678,0.9995570182800293
2904.061999999998,356879,71424,93,112.42534254596873,182,0.5493006206246105,0.5493006206246105,,21.0,68,20796,20683,42.28605651855469,38.05381393432617,1,900.0,-0.006989427841782951,42.74874369303385,2.6141838505864143,0.007427239513697,0.09985222411948295,0.5225191475020249,96,1.4877945554457457,0.5822473659477957,0.5841726660728455,0.07837250894225856,0.06517296415689701,0.24782830863566685,0.3001081026263535,0.21173990802248338,0.18271358448740035,0.09900357690342361,0.09459948052396562,0.22023505365355137,0.21774631420994775,0.14282064384261625,0.1396595539954358,0.5313475728034973,0.2541087865829468,0.0020572789944708347,0.9999470114707947,0.032326217740774155,0.4950560927391052,-0.9979488253593445,0.9980330467224121
2933.6409999999996,360716,72192,94,129.7906166491974,183,0.522488126334367,0.5289985430010337,300.19999999999976,13.666666666666666,68,21018,20954,50.87282180786133,52.637596130371094,1,900.0,-0.015583694288626505,37.02869464189578,2.6043604413668313,0.0139734163492172,0.19985990707452098,0.7141354164242284,78,1.487018702747376,0.5898993386004733,0.5890048146247864,0.0740650406504065,0.06640285085360073,0.2591869918699187,0.2827662482020252,0.17772357723577237,0.162786169688606,0.11065040650406505,0.11826413830506066,0.2251219512195122,0.2212180144878379,0.1532520325203252,0.14856257846286947,0.5340650081634521,0.25359275937080383,0.0008291117264889181,0.9994130730628967,0.02756427973508835,0.4956004023551941,-0.9986702799797058,0.9949507713317871
2959.3590000000004,364553,72960,95,149.28218495894643,184,0.5085767958246028,0.5150872124912694,272.6999999999935,10.5,68,21208,21168,46.76544189453125,49.10329055786133,1,900.0,-0.010837859167562176,34.3662306467692,2.6229163567225138,0.012428850219110473,0.15589267874117166,0.6866559384081958,60,1.4410020013322007,0.5964227068773444,0.5965091586112976,0.06518474016221087,0.0662519391525547,0.292880744968459,0.29220254842631177,0.18243716831881446,0.17257352270457219,0.09482327025132672,0.09604572825548227,0.23730850105136678,0.24351699249093586,0.12736557524782216,0.12940926897014318,0.5476373434066772,0.25014978647232056,0.0010434112045913935,0.9995722770690918,0.03228938207030296,0.4914974868297577,-0.9995124936103821,0.9979102611541748
2993.875,368383,73728,96,111.01449275362319,187,0.4898496101379039,0.5093808601379038,167.33333333333417,11.0,68,21427,21399,54.96458053588867,53.13838577270508,1,900.0,-0.008532459187942246,51.93791176478068,2.54932808081309,0.005492280567165586,0.07237311947634832,0.5772821416527043,60,1.4303983848663382,0.6051903244221246,0.60764080286026,0.07611492281303602,0.07963520332263001,0.2746569468267582,0.29813497201108713,0.17141938250428818,0.1445874744413866,0.09026586620926244,0.09248080845849449,0.24271012006861065,0.24150248023584323,0.1448327615780446,0.14365906153055857,0.5445014238357544,0.2567403018474579,0.0005607772036455572,0.9999653100967407,0.039019543677568436,0.4918374717235565,-0.9983481168746948,0.9951721429824829
3016.6090000000004,372223,74496,97,169.0289638172318,187,0.5102658790562037,0.5102658790562037,,10.0,68,21629,21607,56.638484954833984,59.36836624145508,1,900.0,-0.01801581030896934,41.061424785190155,2.4388511225029275,0.011793832861309474,0.16954716540338402,0.318661188719526,54,1.3660374450137402,0.5902955698520984,0.5849125981330872,0.07803364753609354,0.07586872390031624,0.32311180050113353,0.3732527157218406,0.15952750268464383,0.13229430964850386,0.0764825199856819,0.08188236989722075,0.2219305572127431,0.20501610593163974,0.1409139720797041,0.1316857749004788,0.5413604974746704,0.25401780009269714,0.0008769191335886717,0.9989341497421265,-0.002901938743889332,0.48969870805740356,-0.9968498349189758,0.9990309476852417
3043.9530000000013,376061,75264,98,140.44203747071913,189,0.48387215408909817,0.4968929874224315,76.64999999999841,7.166666666666667,68,21849,21854,52.31095504760742,45.84415817260742,1,900.0,-0.0054574089892277565,53.5913722426803,2.5168672844215676,0.0053696945560965,0.06589340949775996,0.22863177835132276,54,1.398292175216405,0.581113313091946,0.5774944424629211,0.0766335956209374,0.07796423373141763,0.29148135477249404,0.3136659240481098,0.15965332421028625,0.14218986121403362,0.09305508039685255,0.0892141013223942,0.24164671000114038,0.2389563163514857,0.13752993499828942,0.13800956333255907,0.540513277053833,0.2538236379623413,0.0007657515234313905,0.9998588562011719,0.00043892921530641615,0.49192726612091064,-0.999853253364563,0.9995725154876709
3067.7659999999996,379892,76032,99,160.98667899315944,193,0.4863811338803415,0.5124228005470082,302.400000000019,8.833333333333334,68,21987,22002,50.834022521972656,49.95963668823242,1,900.0,-0.0033184566095264423,53.70449415842692,2.569925751951006,0.002560426000505456,0.023979529256596126,0.5941723547877467,36,1.3866863041284596,0.5721018148432452,0.5713494420051575,0.08838883888388839,0.0888880367583897,0.32187218721872185,0.3193616870135401,0.1360936093609361,0.12788807024595983,0.07650765076507651,0.07707866306876775,0.22592259225922592,0.2332415218390963,0.15121512151215122,0.15354202107424633,0.5433638691902161,0.2549132704734802,0.001658124034292996,0.999226987361908,-0.02594733238220215,0.48593416810035706,-0.9943636655807495,0.9926331043243408
3089.3280000000013,383732,76800,100,178.21506474217247,193,0.5152818689536066,0.5152818689536066,,11.333333333333334,68,22214,22214,46.45505905151367,42.43391036987305,1,900.0,-0.013728650103547369,41.567570227163806,2.49974051228276,0.007809803145250203,0.11159106170008373,0.4432256735324336,54,1.3962963013964347,0.5878787780173178,0.5899035930633545,0.0851581508515815,0.08010211181562697,0.32127847821278477,0.36118724264528357,0.15638133156381331,0.14038090494764585,0.08770183587701835,0.08203236906645696,0.19896040698960407,0.1839627266988217,0.15051979650519798,0.15233464482616493,0.5278071761131287,0.2559880018234253,0.0010635445360094309,0.9995746612548828,-0.028205862268805504,0.4944908916950226,-0.999250590801239,0.9961495399475098
3122.530999999999,387572,77568,101,115.70795793534282,193,0.5111594137996616,0.5111594137996616,,9.166666666666666,76,22501,22514,53.14304733276367,50.45519256591797,1,900.0,-0.002152335991969523,33.29239275516608,2.511934045033577,0.00486885846800238,0.0525691092838175,0.8169176581550789,78,1.401506928614111,0.5898707212499328,0.5904043912887573,0.07907729664103602,0.0780000808733174,0.31218130311614734,0.34176928252451744,0.17588021044111696,0.1528996224022381,0.08692836908134359,0.08257736744080689,0.20898421691622826,0.20568886045133278,0.13694860380412788,0.13906478630778743,0.5227357745170593,0.25251489877700806,0.00018965479102917016,0.99929279088974,-0.015004961751401424,0.4963941276073456,-0.9991294741630554,0.9981088638305664
3147.8280000000013,391406,78336,102,151.65539337841042,195,0.45112812970653887,0.46414896303987224,467.95000000004154,8.5,76,22734,22761,52.144813537597656,53.208805084228516,1,900.0,0.0008011581893596384,49.877591380366574,2.465067254172431,0.00396848682740988,0.046308749612998565,0.7693406575985228,54,1.3567893540563662,0.5875973976452953,0.5883209705352783,0.07874852420306966,0.08616039724054876,0.3395513577331759,0.363380813240728,0.13896103896103895,0.12448031232732555,0.08677685950413223,0.08287997693471963,0.20106257378984652,0.18951159084494887,0.15489964580873672,0.1535869094117292,0.5219200849533081,0.25565478205680847,0.0013461440103128552,0.9971898794174194,-0.004386324901133776,0.4894659221172333,-0.9931745529174805,0.9983733892440796
3171.469000000001,395246,79104,103,162.53968253968253,196,0.5065308182918319,0.5130412349584986,304.0000000000006,17.166666666666668,76,22962,22942,45.50094985961914,48.13873291015625,1,900.0,-0.005292349162994436,48.13467371905291,2.4576193491617837,0.0024290688915801386,0.02113077076339525,0.5278312721503129,54,1.3596262339391403,0.5813905841109952,0.5765611529350281,0.07668529306860064,0.07867062714720116,0.34692664368089404,0.3618526512276053,0.14385923195815004,0.13670769604967561,0.08928783735584354,0.09068132310866919,0.18701700154559506,0.17744870858348494,0.15622399239091667,0.15463899388336377,0.5266788601875305,0.2549501061439514,0.0003104255301877856,0.9992597699165344,-0.014782578684389591,0.4963386654853821,-0.9984933137893677,0.9979082345962524
3205.186999999998,399080,79872,104,113.7584191318358,198,0.490501371777218,0.5035222051105513,266.9500000000239,11.666666666666666,76,23212,23235,56.72149658203125,58.438480377197266,1,900.0,-0.005442007308981071,49.7409790886773,2.5275043580267162,0.0026862961005499116,0.02098681994498798,0.6029321973603128,72,1.3890337642704853,0.5929270487092935,0.599602460861206,0.0752897386007952,0.0777330193934973,0.3438795364182387,0.3682250567642296,0.14372726503679892,0.13179732157682572,0.07935030877252347,0.07663068502392217,0.2058201505794772,0.1931545515172574,0.1519330005921665,0.15245936572426777,0.5169488787651062,0.25559914112091064,0.00032537311199121177,0.9980220198631287,-0.032797619700431824,0.49141940474510193,-0.9975757002830505,0.9996896982192993
3238.0469999999987,402913,80640,105,116.70320302034808,200,0.5138377644435244,0.5268585977768577,205.40000000000762,11.0,76,23441,23478,53.656532287597656,51.95637893676758,1,900.0,-0.009947268981098508,46.88852236005995,2.6115862793392606,0.0037201369419186175,0.04328085690697966,0.6731710159858517,72,1.428774057984792,0.5885412560244158,0.5893169641494751,0.0856725899218817,0.08842998455167349,0.29367327667610954,0.30832035638331706,0.14044123959138125,0.12831638218212396,0.1035281998454803,0.10086309706591892,0.21306549918447937,0.20583699648457562,0.16361919478066786,0.16823318333239096,0.5058156847953796,0.2569402754306793,0.0005857919459231198,0.99978107213974,-0.016882115975022316,0.5000724792480469,-0.9982981085777283,0.9989762306213379
3268.969000000001,406751,81408,106,124.17898857862757,202,0.5056008372338961,0.5186216705672295,239.4000000000168,13.833333333333334,76,23721,23751,46.95244598388672,49.74734115600586,1,900.0,-0.01182065991209432,48.242314391665985,2.5481346911854215,0.005716538707921304,0.06741165195853682,0.7092238532170168,72,1.4009514207303475,0.5951219212670625,0.5914875268936157,0.08421494542401343,0.08890110605123405,0.3193954659949622,0.3262762801807663,0.13249370277078085,0.11549030969901546,0.08807724601175483,0.08485881428569088,0.19815281276238456,0.2068652832420987,0.17766582703610412,0.1776082065411946,0.5168645977973938,0.2592792809009552,0.00035776416189037263,0.9969707131385803,-0.015581505373120308,0.498811811208725,-0.9956978559494019,0.9995632171630859
3293.344000000001,410588,82176,107,157.5123152709322,203,0.4978441084510652,0.5043545251177318,323.200000000005,19.666666666666668,76,23976,23976,56.41289138793945,62.325897216796875,1,900.0,-0.009844348395805962,43.38738117218018,2.4580504218737285,0.005160505255055451,0.06649067918284951,0.5616445533556083,60,1.3435207260523947,0.5661718727454693,0.5630002021789551,0.07169283071692831,0.07512581002897595,0.37606239376062395,0.39869159552073513,0.14508549145085492,0.13291339488528678,0.07839216078392161,0.07155688303566442,0.17048295170482952,0.16560970030829864,0.15828417158284172,0.1561026162210391,0.5290080308914185,0.257392019033432,0.0002032673655776307,0.9994645118713379,-0.009816906414926052,0.49371835589408875,-0.997270405292511,0.999430775642395
3335.625,414425,82944,108,90.78218899351806,204,0.526198689348925,0.5327091060155916,340.20000000000886,19.666666666666668,76,24263,24268,51.34333801269531,56.82395935058594,1,900.0,-0.012578056431892845,40.894532182481555,2.536246919631958,0.010004501886064382,0.1298745359083922,0.778114654767528,90,1.4119363653577892,0.5864729776187819,0.5868027210235596,0.07139520918129046,0.06995241658138132,0.30219523587108826,0.33201530180655797,0.170014012143858,0.15353347543625342,0.08881030226196036,0.08092982027739698,0.1896310135450724,0.1823401311175381,0.1779542269967305,0.1812288547808722,0.5093611478805542,0.2596951127052307,0.0012935963459312916,0.9994920492172241,0.0193040668964386,0.5062962174415588,-0.9979844093322754,0.9998055696487427
3372.094000000001,418265,83712,109,105.34112418730582,204,0.5213611550097837,0.5213611550097837,,12.5,76,24572,24620,46.63792037963867,41.51893997192383,1,900.0,-0.0070771163561100065,34.523926536242165,2.4557749976714454,0.00924487883263158,0.12695751978996364,0.5647826781184704,96,1.3696385542633733,0.5737159383880179,0.5768749713897705,0.07427723283427981,0.07155015644828727,0.3344088797108931,0.3690964714966135,0.16507485802787816,0.15058828015174228,0.08479607640681466,0.07981321511308272,0.17817501290655652,0.17243464292064697,0.1632679401135777,0.15651723386962724,0.5334967970848083,0.2617206573486328,0.0009606223902665079,0.9997610449790955,-0.00831236969679594,0.49617594480514526,-0.9996973872184753,0.999858021736145
3401.0,422105,84480,110,132.91336402340002,204,0.5034021214818614,0.5034021214818614,,8.0,76,24823,24898,59.2459831237793,58.41361618041992,1,900.0,-0.005025759598621252,34.22194174564246,2.379347219611659,0.0044116950648947694,0.042634546504511185,0.612020430489145,66,1.3197411226939006,0.5569387811204569,0.547768235206604,0.07144201807228916,0.0661237678723009,0.3665286144578313,0.39592484584040366,0.15003765060240964,0.13793140412690574,0.07445406626506024,0.06842594345680492,0.1665097891566265,0.16037988428280148,0.17102786144578314,0.1712141544207833,0.5430557131767273,0.2596434950828552,0.00014433481555897743,0.9998255968093872,-0.012104921042919159,0.49310144782066345,-0.9970952868461609,0.9992930889129639
3434.5780000000013,425945,85248,111,114.41511232941433,204,0.5048873707509963,0.5048873707509963,,12.333333333333334,76,25123,25172,39.72343444824219,35.36879348754883,1,900.0,-0.003022788152318551,45.41363938649496,2.3586190011766224,0.0021081041677489293,0.014039587314376453,0.7679330889260438,72,1.3175486489218737,0.5685327855239813,0.5771574974060059,0.07125032269167886,0.07106006685220137,0.36752430943980724,0.3920404076169283,0.1505033990190173,0.13991910696829798,0.08045779192840548,0.08170017688129401,0.163325015058945,0.1522046186127948,0.1669391618621461,0.1630756230684835,0.5491860508918762,0.26151224970817566,0.0011374190216884017,0.9994969367980957,-0.011802371591329575,0.4865821301937103,-0.9977643489837646,0.9996411800384521
3459.2969999999987,429785,86016,112,155.44670687772162,204,0.5064764864673077,0.5064764864673077,,12.0,76,25332,25383,48.92385482788086,45.95149230957031,1,900.0,-0.008427016919961682,51.652306662665474,2.395511238663285,0.005657214164484537,0.073722608752885,0.6319801772461956,54,1.3266623668743733,0.5629448359565683,0.5631831288337708,0.06740900383141762,0.0700500041399165,0.3728448275862069,0.38671677762620843,0.1424808429118774,0.13233928305624973,0.08536877394636015,0.0825396750726869,0.17157567049808428,0.16547156741934574,0.16032088122605365,0.16288269268559272,0.5590912699699402,0.26112282276153564,0.0001301246229559183,0.9999629259109497,-0.01722775772213936,0.47792038321495056,-0.9986200332641602,0.9993281364440918
3485.436999999998,433618,86784,113,146.7177033492823,206,0.4823897055939217,0.495410538927255,561.1500000000591,9.166666666666666,76,25499,25577,48.20220184326172,46.13153839111328,1,900.0,-0.003678897162899375,32.15391115347544,2.4349188009897866,0.0021235623774935736,0.01189338960709089,0.8415537642405421,48,1.3687549048129803,0.5438249978064069,0.5485838055610657,0.07646435197455606,0.07366323139366207,0.34428836469652796,0.3648444306406127,0.14206201961304002,0.13083053027626002,0.09607739199575935,0.09469557512739993,0.17638483965014579,0.16590315118585544,0.16472303206997085,0.17006308137620985,0.5535566806793213,0.26143234968185425,0.0006726207211613655,0.9996004104614258,-0.018167508766055107,0.4862687885761261,-0.997422456741333,0.9996200799942017
3508.594000000001,437458,87552,114,165.82458867726916,206,0.5266968321705879,0.5266968321705879,,22.833333333333332,76,25745,25741,49.39912796020508,49.20493698120117,1,900.0,-0.01520228263985633,59.54109361436632,2.3422996512165777,0.0049965721974012545,0.05834292932801569,0.8708344559291363,54,1.3292130325501224,0.5248622690621871,0.526198148727417,0.086144578313253,0.08173525689263915,0.3521686746987952,0.37968695885841225,0.1236144578313253,0.10974247311193522,0.10361445783132531,0.09767178728384596,0.1755421686746988,0.16268424907227125,0.15891566265060242,0.1684792747808962,0.5546741485595703,0.26351913809776306,0.0002577225386630744,0.9999552965164185,-0.017674431204795837,0.48653170466423035,-0.9985917806625366,0.9982084035873413
3542.719000000001,441298,88320,115,112.57695690413176,206,0.5019663503725506,0.5019663503725506,,11.833333333333334,76,25998,26060,49.07992172241211,49.059852600097656,1,900.0,-0.0057489808305035695,27.72115733888414,2.4330961571799383,0.00488314164975366,0.05501769323988507,0.9457523154060244,72,1.3919718619660175,0.5449945713873066,0.5436801314353943,0.09475721619119751,0.08881696891741764,0.2863754944037701,0.3452166000016952,0.1502987461078852,0.1356437293055951,0.10695952200622738,0.09079732314139857,0.19700412353782715,0.18256337716935267,0.16460489775309264,0.1569620014645408,0.5271323919296265,0.26479434967041016,3.61849379260093e-05,0.9990094304084778,-0.01867145672440529,0.49230435490608215,-0.9984919428825378,0.9986380338668823
3571.436999999998,445132,89088,116,133.57488764241742,209,0.48443660483933065,0.5039678548393306,596.9666666667339,11.166666666666666,76,26185,26266,51.175628662109375,51.6137809753418,1,900.0,0.0011792771226653174,41.08229290997541,2.431938264105055,0.0009319209115292874,0.001747909917159834,0.9086554120263041,54,1.3990007573412964,0.5169858040202199,0.5192846059799194,0.10361646443016893,0.09951015940403132,0.3047822983583155,0.34357059064648465,0.1492981203901975,0.1349622773278437,0.11789198191767784,0.10812360119294258,0.16916488222698073,0.16041272157053027,0.15524625267665954,0.15342064985816747,0.5449362397193909,0.26305273175239563,0.0008952069329097867,0.9997998476028442,0.0033268339466303587,0.4831828773021698,-0.9986065626144409,0.999207615852356
3601.5159999999996,448966,89856,117,127.53218241693175,211,0.5129625041136655,0.5259833374469988,362.7000000000447,12.833333333333334,76,26424,26505,43.744972229003906,47.31951904296875,1,900.0,-0.007972345983778889,44.5174364899144,2.5333351041331436,0.004367180421856821,0.051216415083741376,0.8876636511985214,66,1.4174730047755262,0.5291683015908261,0.5292099118232727,0.09407602286129003,0.09366085261940377,0.29284223895491246,0.2945336851242258,0.15513018234600381,0.1495263701245381,0.11820738455955729,0.11749687491160252,0.18778916810305724,0.19171657650414403,0.15195500317517918,0.1530656407160858,0.5319501757621765,0.26589635014533997,0.0012380504049360752,0.9996960759162903,-0.002744964323937893,0.4866248369216919,-0.9983011484146118,0.9999152421951294
4523.391,452806,90624,118,127.20286206440369,211,0.5354310575974162,0.5354310575974162,,19.666666666666668,76,26712,26752,49.21895980834961,45.69593048095703,1,900.0,-0.010014140541089647,46.976807064480255,2.4066248171859317,0.009402240107190641,0.13397504280955116,0.6927970567506183,72,1.4115538650080055,0.5114213967132957,0.5099371671676636,0.10072956391974797,0.09847649626935978,0.30525617642182057,0.3528236873449132,0.1607527773171945,0.14962724711785721,0.11432598242414194,0.1009593924150359,0.16746808157851104,0.15399407489911748,0.151467418338584,0.1441191019537164,0.530632734298706,0.26455429196357727,0.0002970309869851917,0.9997372627258301,0.0008798381895758212,0.48592182993888855,-0.9957919120788574,0.9979748725891113
4554.421999999999,456646,91392,119,139.71257049299322,211,0.5261486768863014,0.5261486768863014,,11.0,76,26955,27047,54.70768356323242,53.68838119506836,1,900.0,-0.007066529121301655,35.72577052646213,2.462632265355852,0.01142397556608598,0.15665856872348943,0.8077884204197316,72,1.4245666314403793,0.5202850190176219,0.5111358761787415,0.11546530166988336,0.10634514702720235,0.2784257782999077,0.3292779429259126,0.15725434253587312,0.13665703119874154,0.11429050935638164,0.10159236596958447,0.17605101955190064,0.1705770695411034,0.15851304858605353,0.15555044333745557,0.5141340494155884,0.26243680715560913,0.0011897783260792494,0.9988021850585938,0.033961717039346695,0.49044182896614075,-0.9969124794006348,0.9998306035995483
4574.266,460483,92160,120,193.35819391250828,212,0.5011207451706999,0.5076311618373666,428.700000000029,8.166666666666666,76,27127,27241,47.139827728271484,53.87928009033203,1,900.0,-0.0029883085783997862,35.81929528713226,2.4459587981303534,0.004781351474726939,0.04766971782858794,0.8034107811478313,48,1.4111188399577126,0.5035364503532621,0.5006977319717407,0.11210428305400373,0.10943221665963336,0.3101179391682185,0.3466375812579021,0.14959652389819988,0.13963652716302266,0.10775915580384854,0.10090402244073891,0.1734326505276226,0.16394335496174667,0.14698944754810678,0.13944629751695628,0.5176878571510315,0.25938597321510315,0.0008664068882353604,0.9997815489768982,0.01855623908340931,0.4793999195098877,-0.9975712299346924,0.9997384548187256
4599.984,464323,92928,121,149.3989028517994,213,0.5120662703273022,0.5185766869939689,481.500000000041,10.666666666666666,76,27376,27480,52.919925689697266,53.71784210205078,1,900.0,-0.006570457709797969,38.62705942789714,2.489142568906148,0.0038975556883285765,0.04841998121701181,0.8094651221742021,60,1.4090128268756845,0.4823616250622192,0.47263631224632263,0.11739520063725978,0.11377088672851901,0.28119087921935676,0.3068327254386456,0.1499551926715125,0.13925437872255825,0.10923030966842577,0.10230231488995928,0.17873145474459823,0.1673234774879702,0.16349696305884695,0.1705162167323477,0.510089635848999,0.2639143466949463,0.00037587230326607823,0.9996629953384399,0.015545510686933994,0.48851361870765686,-0.9934666752815247,0.9983326196670532
4628.546999999999,468163,93696,122,134.51501033384173,214,0.5149650955585446,0.5214755122252112,386.5000000000194,17.166666666666668,76,27638,27708,44.17763137817383,44.063514709472656,1,900.0,-0.01073661315604113,43.587723876490735,2.565506288499543,0.006184371842606585,0.08159591213828235,0.730084047010734,66,1.4433892064437173,0.5044571044807094,0.5086036920547485,0.10902083142149216,0.10323492717440272,0.2591538955675874,0.299036918321724,0.1684867394695788,0.15808145040452876,0.12388730843351381,0.1116380420640604,0.19537487381848215,0.18582121653039801,0.14407635128934568,0.14218744550488605,0.5064390897750854,0.2613362669944763,0.0008500136900693178,0.9995420575141907,-0.00024575513089075685,0.4914494752883911,-0.9989494681358337,0.9967004060745239
4661.078000000001,472003,94464,123,118.09570672898312,215,0.5168780688811042,0.5233884855477708,174.49999999999437,10.166666666666666,76,27840,27957,45.35573196411133,44.256229400634766,1,900.0,-0.011668987217655575,52.031049554998226,2.531377976590937,0.002231838877687306,0.020839119300062797,0.6278932287549466,66,1.4392684384257877,0.5098459235919366,0.5090789794921875,0.10674260518096639,0.10121458836188924,0.2715414293588095,0.31086968678144256,0.14725335293036929,0.1296652470733165,0.1331986037111887,0.12178567878235569,0.20788168289546205,0.19960475981703518,0.13338232592320412,0.13686003918396086,0.509773313999176,0.26673296093940735,0.002300300169736147,0.999859094619751,0.005443569738417864,0.4941265881061554,-0.999008297920227,0.9979902505874634
4692.391,475840,95232,124,122.59961018628508,217,0.4863353132143667,0.49935614654770005,454.3500000000348,11.166666666666666,76,28064,28185,47.626399993896484,43.81156539916992,1,900.0,-0.005990654936370751,58.21910699208578,2.4573380668958027,0.001234424223910371,0.0057055384987810005,0.7236559262055049,60,1.3819489311116118,0.47695852557541624,0.47775670886039734,0.0933058702368692,0.09913043310006145,0.3180226570545829,0.33120401052861986,0.12409886714727085,0.120213137760415,0.1203913491246138,0.10903911059522296,0.19897013388259527,0.1939272563780143,0.14521112255406798,0.14648605163766643,0.5254253149032593,0.2631661295890808,0.0005530414055101573,0.9999414086341858,-0.04623008146882057,0.4865034520626068,-0.9981800317764282,0.9994544982910156
4721.578000000001,479680,96000,125,131.63307280953302,217,0.5368546827970698,0.5368546827970698,,23.833333333333332,76,28381,28426,54.22431564331055,52.303890228271484,1,900.0,-0.012880242572009593,44.01984193589952,2.406123777230581,0.008140615164772255,0.11543554830132052,0.7088569762001911,72,1.360289820728686,0.48067132643581534,0.48142722249031067,0.07768456375838927,0.07295761404081803,0.33682885906040266,0.35620221931541185,0.12558724832214765,0.12333666637457939,0.12256711409395973,0.11070547665451994,0.20268456375838925,0.2056048483376129,0.13464765100671142,0.13119317527705787,0.5309647917747498,0.26304274797439575,0.0008596700499765575,0.9996569752693176,-0.02712099812924862,0.4812987446784973,-0.9940801858901978,0.9990881681442261
4755.328000000001,483520,96768,126,113.83174245568142,217,0.5199979364888602,0.5199979364888602,,16.666666666666668,76,28669,28757,53.47237777709961,56.191802978515625,1,900.0,-0.004605087498757278,56.291835149129234,2.3648392274266197,0.008536755210544913,0.1172581423999786,0.7816558621939139,84,1.379447679915664,0.48195028569747567,0.48242172598838806,0.08594825712008117,0.07747207034575486,0.30893543010363067,0.3546171525101012,0.12747300529023842,0.11604398957100204,0.12573374882237842,0.11072092903467924,0.19479672440031887,0.1915200683188783,0.15711283426335243,0.14962579021958441,0.5249660611152649,0.2687793970108032,5.5958695156732574e-05,0.9995781183242798,-0.012878941372036934,0.4903358817100525,-0.999920129776001,0.9966555833816528
4789.530999999999,487359,97536,127,112.29414689794997,218,0.49832165492023694,0.5048320715869036,246.89999999999026,10.166666666666666,76,28940,29072,47.775142669677734,47.44511413574219,1,900.0,-0.004936184368691304,65.9679438273112,2.3608389331234827,0.0011066478708166726,0.003645294976498311,0.6405265533467401,72,1.3556072182621561,0.4940629108643635,0.49691975116729736,0.09036880240983473,0.07942321497397335,0.3101033949360905,0.34667135162473883,0.14165920377757876,0.1327525656202846,0.1130017096800456,0.10245192325430753,0.19978832532768867,0.19546393608989812,0.1450785638687617,0.14323700843679754,0.5327431559562683,0.2655816376209259,0.00012469229113776237,0.9999539852142334,-0.022648628801107407,0.4870026409626007,-0.9997133612632751,0.99896240234375
4818.766,491198,98304,128,131.3871111263176,219,0.5227378549002907,0.5292482715669573,786.9000000001104,11.0,76,29173,29305,48.03532409667969,38.47941207885742,1,900.0,-0.005631788104603236,32.810396367853336,2.381226962262934,0.005272432153816539,0.06159185537288784,0.9465355719082186,66,1.3614520813136786,0.5108272153242392,0.5004979372024536,0.0932360097323601,0.07750064181382756,0.29956204379562046,0.33925997347677717,0.13800486618004867,0.12511761176739658,0.12009732360097324,0.11039074658254558,0.22053527980535279,0.2156426199242237,0.12856447688564476,0.1320884064352294,0.5305688977241516,0.2664629817008972,0.0006729806191287935,0.9998523592948914,-0.017693182453513145,0.4871719777584076,-0.9984228014945984,0.9980093240737915
4846.266,495038,99072,129,139.71257049299322,220,0.5063656958954499,0.5128761125621165,44.000000000000355,7.0,76,29384,29545,55.988258361816406,56.27334976196289,1,900.0,-0.008306926589769621,50.7933713277181,2.3868680675824483,0.005716363531449718,0.06868045832767772,0.538958372162891,60,1.339747928083728,0.5141013066744501,0.5205774903297424,0.09807226377330665,0.09297827334782545,0.309280522490256,0.34311267670078666,0.13020120088486253,0.11530150305600272,0.10881702306963026,0.10122320063165398,0.20699462762035184,0.20536152706627098,0.14663436216159276,0.14202281919746024,0.5367943048477173,0.2624487280845642,0.00010282911534886807,0.9997087717056274,-0.01401611976325512,0.4803900718688965,-0.9998733401298523,0.9991412162780762
4869.75,498878,99840,130,163.62009459286048,220,0.5069186413531538,0.5069186413531538,,10.5,76,29604,29744,60.37482833862305,52.5845947265625,1,900.0,-0.006638518211224841,61.24207440129033,2.2361759344736734,0.005060962214732611,0.05810671381186694,0.6731491369570763,54,1.2833689540628128,0.4879795675278863,0.4843466579914093,0.08995643471093842,0.08213796923005984,0.3639467797009302,0.41532871189916337,0.128458730719416,0.11681361458775866,0.10632285411515366,0.0930649998754042,0.17685152478511715,0.16486970517048002,0.1344636759684446,0.12778499923713393,0.5453521609306335,0.2594790458679199,0.0003124865470454097,0.9994638562202454,0.0039917295798659325,0.472156822681427,-0.9987266063690186,0.9988042116165161
4893.234,502714,100608,131,163.45662178284798,221,0.494543497031104,0.5010539136977706,459.1000000000359,9.666666666666666,76,29763,29913,61.89353942871094,50.566593170166016,1,900.0,-0.004711261468141207,33.50803684052967,2.408975975854056,0.002592867654506991,0.022467178361867332,0.889678204662819,42,1.3179416677900972,0.4924441121506852,0.48672693967819214,0.10143097643097643,0.09457991965383393,0.3468013468013468,0.35561786792461986,0.12906846240179573,0.12263718067912019,0.10942760942760943,0.10053132000816077,0.17592592592592593,0.1828427637373242,0.13734567901234568,0.14379094799694106,0.5352903008460999,0.2615772485733032,0.00021518280846066773,0.9986018538475037,-0.0034617644269019365,0.4872128963470459,-0.9983234405517578,0.9976804256439209
4919.311999999998,506552,101376,132,147.26421610007992,222,0.48758751444757564,0.49409793111424233,660.8000000000817,11.833333333333334,76,29982,30124,54.89807891845703,54.19390869140625,1,900.0,-0.008596788173842166,57.40255626042684,2.3194536566734314,0.003292388171303302,0.03428004625675385,0.7647614723179573,48,1.2998432823674595,0.49142386599005283,0.49776244163513184,0.09328358208955224,0.08185779391248543,0.37027363184079604,0.41571670263710386,0.1294776119402985,0.11573509789903334,0.11131840796019901,0.10090092415927024,0.15646766169154228,0.14917052648882934,0.13917910447761195,0.1366189549032778,0.540743887424469,0.26006636023521423,0.000921401078812778,0.9995174407958984,0.0049367486499249935,0.4814743101596832,-0.9995067119598389,0.9967801570892334
4956.311999999998,510385,102144,133,103.63941163747398,224,0.49996448290180834,0.5129853162351417,619.9000000000724,16.0,76,30273,30400,60.911712646484375,51.86445617675781,1,900.0,-0.004303447169315239,46.6824928630482,2.397138223503575,0.0011862916292691024,0.0031834215112736056,0.8942029567851544,66,1.3820604310418567,0.522259897340572,0.5250726342201233,0.13202554744525546,0.10789901004393652,0.29023722627737225,0.35866531875488167,0.16104014598540145,0.1398766110013743,0.11852189781021898,0.09796831867447907,0.15392335766423357,0.15207480719032704,0.14425182481751825,0.14351593433500143,0.5237516760826111,0.26404449343681335,0.00010340472363168374,0.9998072981834412,0.029011746868491173,0.49606573581695557,-0.9991053938865662,0.9991530179977417
4985.953000000001,514225,102912,134,129.62025316455697,224,0.5076525011565677,0.5076525011565677,,17.166666666666668,76,30530,30650,53.28701400756836,52.93327331542969,1,900.0,-0.013076123687576248,49.878720139012195,2.398046674150409,0.006115497358401426,0.08786813075439016,0.8373045336113392,66,1.4145539065441453,0.5283112752698617,0.5246455073356628,0.13770707831325302,0.10810110634174457,0.27146084337349397,0.3478336640340344,0.15625,0.14171376177086367,0.12274096385542169,0.09864306816662588,0.16255647590361447,0.15065746253853443,0.14928463855421686,0.1530509371481971,0.5215683579444885,0.2621002793312073,0.0001863355137174949,0.9999396800994873,0.0019988948479294777,0.49565619230270386,-0.9999513626098633,0.9991694688796997
5021.625,518064,103680,135,107.66771370877562,225,0.5076198145047718,0.5141302311714384,408.40000000002436,12.833333333333334,76,30812,30963,46.86343002319336,46.10187530517578,1,900.0,-0.010761268853370677,32.375686191377184,2.5058742193948653,0.010167517762558179,0.14575868278431395,0.9203467234154008,84,1.4030259877990106,0.535703949727583,0.540130615234375,0.1323424832882947,0.11436464803845771,0.2666761484852795,0.299593893026641,0.15502773431944247,0.14497493577393997,0.13084909685677712,0.12395697785803515,0.16178353008106955,0.15934847867381965,0.15332100696913667,0.15776106662910647,0.5142070651054382,0.2640511989593506,5.102325667394325e-05,0.9998108744621277,0.02355417236685753,0.49969959259033203,-0.9992160797119141,0.9982357025146484
5050.686999999998,521904,104448,136,132.20409006404338,225,0.51156539571763,0.51156539571763,,16.333333333333332,76,31107,31237,43.12822341918945,46.631324768066406,1,900.0,-0.007073672000842635,36.87262879477607,2.391108903619978,0.003845765722709671,0.03718404121819832,0.9478040812802939,72,1.3659540119658566,0.5177030111096569,0.5175257921218872,0.1339757017176372,0.1198267022741174,0.3113531629660662,0.35463619197238255,0.15131964809384163,0.1390495939337664,0.11705069124423963,0.1000307311214267,0.14520318391286133,0.1381973178148564,0.141097612065354,0.14825946288345054,0.5220867395401001,0.2641031742095947,5.866217179573141e-05,0.9997151494026184,0.01760276034474373,0.5034372210502625,-0.998555064201355,0.997954249382019
5080.891,525743,105216,137,127.16973631907442,226,0.5117219325281358,0.5182323491948025,809.9000000001156,15.0,76,31368,31511,54.4106330871582,52.77728271484375,1,900.0,-0.01052060218838354,47.68818254181833,2.4203820445320825,0.008942631004901827,0.12328117631841451,0.8575733239728733,66,1.376279881295683,0.529651991752416,0.5328528881072998,0.13796253997259023,0.12152548027046546,0.297396071265418,0.3328147293266865,0.1536774783005939,0.15747506948077936,0.1306532663316583,0.1156817242814973,0.1317496573777981,0.12371391731682575,0.14856098675194152,0.14878907932374566,0.515486478805542,0.2635924816131592,0.000212703671422787,0.998835027217865,0.020004380494356155,0.4987418055534363,-0.9982924461364746,0.9995641708374023
5112.469000000001,529583,105984,138,121.66143902670109,226,0.509381588160091,0.509381588160091,,11.5,76,31642,31806,45.573936462402344,47.882080078125,1,900.0,-0.005829505774373602,32.22150550948249,2.505063053634432,0.006299950121601058,0.0732108017287424,0.8747520320139119,72,1.3822192717733164,0.537070073862328,0.5397486090660095,0.15047844864086712,0.1422202908788075,0.2754678634939453,0.29566129084721765,0.16131763908883057,0.155503373849283,0.1381996782115336,0.1262939726853037,0.136590735879414,0.13533460720595777,0.13794563468540944,0.14498646453343034,0.5015657544136047,0.2678294777870178,0.00011122968862764537,0.9997597932815552,0.012692831456661224,0.5040176510810852,-0.9989822506904602,0.998749852180481
5141.094000000001,533416,106752,139,133.97413491785815,229,0.4892240975977573,0.5087553475977573,352.7666666666808,11.166666666666666,76,31823,32004,57.25994110107422,56.74177551269531,1,900.0,-0.0017799788814348478,72.59837390758373,2.5482518054820873,0.004167241947718281,0.03491621767170727,0.6766035117427778,54,1.397444181439124,0.49732966071007234,0.4987695813179016,0.14066440083324197,0.1363877083503942,0.286372108321456,0.28954886993551665,0.16719657932244272,0.16465196261694484,0.12060081131454885,0.11611247025372254,0.13934875561890145,0.14091412727169622,0.14581734458940906,0.15238486157172554,0.517160177230835,0.26427745819091797,0.00046607531839981675,0.999775767326355,0.0066878944635391235,0.49997928738594055,-0.999663233757019,0.9976601600646973
5174.546999999999,537256,107520,140,114.83940427059625,229,0.5173337971276082,0.5173337971276082,,18.166666666666668,76,32174,32313,51.07244110107422,45.4875373840332,1,900.0,-0.00638385193901957,41.06377111162458,2.4527974611236933,0.005422615769346958,0.07260385241049032,0.8716146113800836,84,1.391022448975153,0.5210911352211531,0.5220672488212585,0.15226429101707498,0.14099225835147228,0.2584261321455085,0.29924689205196636,0.1720861172976986,0.15863835437622292,0.13466963622865627,0.1194584217624416,0.13630289532293988,0.13444496622014462,0.14625092798812175,0.14721910723775222,0.5065934658050537,0.26705214381217957,6.221876537892967e-05,0.9999073147773743,0.015385041944682598,0.507881224155426,-0.9995808601379395,0.9999481439590454
5203.469000000001,541096,108288,141,132.83979658904823,229,0.5186310513468378,0.5186310513468378,,12.833333333333334,76,32407,32578,49.764312744140625,48.99802780151367,1,900.0,-0.015309248768971884,37.220748583475746,2.38417649269104,0.010671718533512087,0.15047745872935694,0.9541209593344763,72,1.3606497220405074,0.4797134276820685,0.47473666071891785,0.12864013992129428,0.11708396684602368,0.2986445124617403,0.3377223497415522,0.1720157411456056,0.1559706311596251,0.11779623961521644,0.10663762682641352,0.13108876257105379,0.13071101899660836,0.15181460428508964,0.15187440642977715,0.5254769921302795,0.26382288336753845,0.00023284975031856447,0.999663770198822,0.022924866527318954,0.49248072504997253,-0.9985033869743347,0.998428463935852
5226.234,544936,109056,142,168.7912087912088,229,0.48579268021559746,0.48579268021559746,,10.833333333333334,76,32646,32829,47.874977111816406,50.1669807434082,1,900.0,-0.003288719195148183,37.39468850029839,2.3534392383363514,0.0044360260913992545,0.046995730598508895,0.9035507616980327,54,1.3237705846800587,0.4866345654363218,0.48856431245803833,0.12093484731562121,0.11463698977283107,0.30437658472053797,0.3327403999123182,0.18046521882923602,0.17565932705080212,0.10318597729026568,0.09305163382523661,0.11762760445375373,0.1122182310937926,0.1734097673905854,0.17169341834501942,0.5148671865463257,0.2642737030982971,0.00028275905060581863,0.999612033367157,0.04134612902998924,0.4855860471725464,-0.9996055364608765,0.9997328519821167
5253.061999999998,548776,109824,143,143.219453975842,229,0.5094082755500106,0.5094082755500106,,14.5,76,32911,33072,51.32787322998047,46.03892517089844,1,900.0,-0.002340065833943134,34.80001033436168,2.3222976236632378,0.0022304684178342865,0.015712614454307848,0.9523832191910615,66,1.3072984930959608,0.49241909062166017,0.4921419322490692,0.11279136967828934,0.10614282337514548,0.31727990753226737,0.3426439861861925,0.16335966095164708,0.16099192177009589,0.11857060296667309,0.10953919982676112,0.129262184550183,0.12646410105938444,0.1587362743209401,0.15421796778242056,0.5241926312446594,0.2656952738761902,0.0003498088335618377,0.9999523162841797,0.03868558630347252,0.4886685907840729,-0.9995798468589783,0.9997005462646484
5277.703000000001,552614,110592,144,155.85786802030458,230,0.492114694508224,0.49862511117489067,759.8000000001042,10.333333333333334,76,33110,33301,59.60631561279297,52.43166732788086,1,900.0,-0.007879439913840205,34.35919496748183,2.4052788195786654,0.004178980723232342,0.042999310466391896,0.9644589835607056,54,1.3381233297835444,0.4740357220158998,0.4790356457233429,0.1250996015936255,0.1276270633177011,0.29447922595332954,0.2951444182742163,0.15845190665907796,0.1498527502631865,0.11826977803073421,0.11568112039853537,0.14319863403528743,0.14739975008191322,0.16050085372794537,0.16429489766444752,0.5210211873054504,0.2627636194229126,1.6059128029155545e-05,0.9990922808647156,0.04067443311214447,0.49207550287246704,-0.9995676875114441,0.9959084987640381
5304.655999999999,556454,111360,145,142.55485020604647,230,0.48933208577406173,0.48933208577406173,,16.166666666666668,76,33341,33497,48.66733932495117,50.258094787597656,1,900.0,-0.00508352396718692,35.15624153614044,2.2866147557894387,0.0024698229179808385,0.019372090515389573,0.9241181768030756,48,1.2872889590653447,0.4898304247379182,0.49278298020362854,0.11600442858900234,0.10952287362642915,0.31307663919301265,0.33930856477650906,0.15081805880182064,0.14654641590100667,0.114897281338418,0.10571705039767389,0.1482347152171239,0.14651504367003798,0.15696887686062247,0.15239005162834324,0.5319973230361938,0.2641930878162384,0.0002352099836571142,0.9993017315864563,0.025792725384235382,0.48641201853752136,-0.996366560459137,0.997448205947876
5338.969000000001,560292,112128,146,111.90483132634758,231,0.5018119206964936,0.5083223373631602,445.30000000003275,8.166666666666666,76,33535,33744,45.881744384765625,44.22053909301758,1,900.0,-0.007065513508860022,51.25222880045573,2.4100687861442567,0.0048458257200212455,0.06687208245857619,0.7714396067784975,60,1.3700255521616542,0.4901040957366722,0.49790409207344055,0.15388471177944862,0.1354211150717581,0.24892230576441102,0.28842640341198655,0.16411027568922307,0.16005581283770548,0.1468671679197995,0.12628464586005794,0.15027568922305765,0.1500363989187362,0.13593984962406014,0.1397756238997557,0.5217536687850952,0.2625882625579834,0.00013928624684922397,0.9994012713432312,0.010267027653753757,0.4972328245639801,-0.9996592402458191,0.9992308616638184
5367.719000000001,564126,112896,147,133.42613537497556,234,0.5119641666871934,0.5184745833538601,630.3000000000748,9.166666666666666,76,33707,33921,53.687984466552734,50.58052444458008,1,900.0,-0.00641732054403595,68.90251795450847,2.425352066755295,0.004375898499386677,0.059487796244260004,0.8805849904136629,48,1.363302591396933,0.5303190317908459,0.5341115593910217,0.16721644252727735,0.1437999842741233,0.24968282161887845,0.29946126179674526,0.14031971580817051,0.13858766566222833,0.12433392539964476,0.10626367118214783,0.16734331387972595,0.15914397035551223,0.15110378076630296,0.15274344672924306,0.5146017074584961,0.2694302201271057,0.00012327938748057932,0.9988692998886108,0.003976528532803059,0.5027121901512146,-0.999225378036499,0.9989856481552124
5398.171999999999,567964,113664,148,126.09238451935792,235,0.5169375590704423,0.523447975737109,735.3000000000986,13.5,76,33959,34152,48.092613220214844,47.48356628417969,1,900.0,-0.005797859816811979,52.665798568725585,2.481312175591787,0.002935109250269193,0.026567010365154905,0.6850353285423023,60,1.358889208349988,0.5322332828636441,0.5234060287475586,0.17927283714372041,0.1664922839489425,0.2382918722932823,0.26685102864906995,0.14039681740356533,0.13625602548223464,0.12871386846610938,0.1116011341980046,0.17333064759794542,0.17499730188852594,0.13999395709537718,0.14380222583322239,0.5103369355201721,0.267955482006073,9.812991629587486e-05,0.999988317489624,-0.01602231338620186,0.508733332157135,-0.9996922612190247,0.9993699789047241
5430.391,571799,114432,149,119.08458576573769,237,0.4969576124319645,0.5099784457652978,90.49999999999802,16.666666666666668,76,34201,34385,49.82249069213867,48.775245666503906,1,900.0,0.006891627371078357,89.6516191482544,2.4880054116249086,0.009644495720416067,0.12929527341620997,0.3225545729609055,40,1.3782235789351083,0.5384377483168084,0.5390222668647766,0.17700123445066945,0.1754979248375204,0.2300826132371095,0.24863427333422952,0.1539265027062957,0.1450733032222393,0.12781312316019372,0.1122571654115377,0.15440129142531572,0.16249579811476497,0.1567752350204159,0.1560415350797081,0.5162277817726135,0.26440566778182983,0.00010093652235809714,0.9997773766517639,-0.017515070736408234,0.5068814158439636,-0.9994602799415588,0.9985760450363159
5465.796999999999,575635,115200,150,120.46225348575312,238,0.4992229702205114,0.5057333868871781,369.1000000000154,9.666666666666666,76,34435,34666,50.06757736206055,48.69947814941406,1,900.0,-0.01355813059490174,39.289997789594864,2.5421061515808105,0.012266163872029986,0.17522149364231154,0.7325200929961219,72,1.4068369896842752,0.567608542095393,0.5679766535758972,0.1588622962192161,0.1467940572939401,0.2208636836628512,0.23290519966106893,0.1806278182448838,0.18050514539967694,0.136576482830385,0.1249991418753936,0.14420742282344778,0.141072935109712,0.1588622962192161,0.17372352066020844,0.5075599551200867,0.26561859250068665,0.0010807530488818884,0.9996530413627625,-0.027791224420070648,0.5119000673294067,-0.9994992613792419,0.9989272356033325
5494.125,579471,115968,151,135.48546604032563,239,0.5044258133162208,0.5109362299828876,254.59999999998982,13.833333333333334,76,34664,34875,52.73454666137695,52.181182861328125,1,900.0,-0.020332324780368557,52.3510316212972,2.368790046374003,0.006200805070913214,0.07679102843831061,0.5821616041337856,60,1.3641378856335296,0.5151434812819808,0.5156832933425903,0.1494597196961592,0.1397173807886368,0.2578367390606612,0.3008967147486375,0.18219749652294853,0.1716770587718156,0.12624371456082165,0.1079246085452862,0.14475232694982348,0.13887240820924793,0.13951000320958595,0.14091182893637597,0.523126482963562,0.26820436120033264,0.0007922749500721693,0.9992793798446655,-0.03065885230898857,0.49619123339653015,-0.999332070350647,0.9985846281051636
5519.609,583311,116736,152,150.7774462070004,239,0.5117030921264972,0.5117030921264972,,11.0,76,34884,35112,59.31700134277344,57.227149963378906,1,900.0,-0.008361591704306193,33.794594828287764,2.476018206278483,0.005434044527885682,0.06270176155958325,0.8877791916036962,60,1.3894043717647622,0.5286582819088732,0.5311715602874756,0.1448875255623722,0.14012751529935835,0.23936605316973414,0.25045285969854625,0.19355828220858895,0.19059580504041654,0.12607361963190183,0.12307255966798257,0.1423312883435583,0.1401053083301243,0.1537832310838446,0.15564595196357203,0.5159720182418823,0.26753950119018555,0.000774741405621171,0.9998868107795715,-0.0015022611478343606,0.5039151906967163,-0.9991185665130615,0.9996581077575684
5549.578000000001,587147,117504,153,128.06730544519175,241,0.47796143931278134,0.49098227264611466,434.0500000000302,7.0,76,35064,35326,56.355224609375,57.13996887207031,1,900.0,-0.005810557338581593,35.87471008300781,2.5277382885968245,0.009790643621383056,0.13265055367352302,0.8560153239776496,54,1.4151405430771278,0.527565487053714,0.5223898887634277,0.16289592760180996,0.16357499738997489,0.2017146939747559,0.21484282557627024,0.22267206477732793,0.20784099656658075,0.11550369135508455,0.11626744952309365,0.14622529173612764,0.13716196914661866,0.15098833055489402,0.1603117617974618,0.502471923828125,0.27103862166404724,0.000541401095688343,0.999725878238678,-0.008067344315350056,0.5038730502128601,-0.9992912411689758,0.9984873533248901
5577.186999999998,590986,118272,154,139.12948936325884,242,0.5036104082365991,0.5101208249032657,400.40000000002254,14.833333333333334,76,35297,35517,49.827659606933594,52.651084899902344,1,900.0,-0.004174144653478396,48.78507176151982,2.432464634930646,0.0020501570873551625,0.017967440689163696,0.7312274109934003,54,1.3941931176938172,0.5087168739247824,0.5100563168525696,0.14830982762480413,0.140689857129771,0.2216252518468771,0.25602051703797984,0.2365122005820461,0.21564913426821505,0.09861204387732259,0.08148787680574895,0.14954107902395344,0.15640225096914398,0.14539959704499664,0.14975036378914117,0.5125446915626526,0.26824483275413513,8.250193786807358e-05,0.9994019865989685,-0.004870327189564705,0.5004856586456299,-0.9996191263198853,0.9977805614471436
5608.641,594822,119040,155,122.01794007253037,244,0.5002258583872193,0.5132466917205526,68.04999999999926,13.833333333333334,76,35517,35753,49.96165466308594,52.425106048583984,1,900.0,-0.007942785032686184,78.45275029269132,2.4473842310182974,0.004626637182113989,0.05549162083259558,0.4160172232894066,66,1.4053088404751939,0.5049769143396041,0.5073757171630859,0.1615575807787904,0.15256426970529274,0.20694099235938507,0.2445455528541638,0.24873423547822884,0.23263626508473287,0.11138727791586119,0.09910973824792652,0.12455122894228114,0.12385394033431957,0.14682868452545336,0.14729023377356448,0.5018606185913086,0.2644418776035309,7.715045649092644e-05,0.9995886087417603,-0.005114693660289049,0.4990402162075043,-0.9987777471542358,0.9995944499969482
5651.280999999999,598662,119808,156,90.08797653958945,244,0.5305633590407518,0.5305633590407518,,21.833333333333332,76,35889,36077,46.746150970458984,48.176971435546875,1,900.0,-0.011151945932094046,51.68013377984365,2.3806916400790215,0.01104514061921749,0.1488387535015742,0.8281805819649692,96,1.4226931802574667,0.5033363618917717,0.5105395913124084,0.16813300556346228,0.14067853736554822,0.1720144908785095,0.2528538065408502,0.2689222409108552,0.2281265378654471,0.13604606029240524,0.11581187296892596,0.10518825203777979,0.10145501313479631,0.14969595031698796,0.16107423212443223,0.4986938536167145,0.26869457960128784,4.646278830477968e-05,0.9994879364967346,0.005564712453633547,0.5084879994392395,-0.9994742274284363,0.9970525503158569
5686.061999999998,602502,120576,157,110.45591830864561,244,0.5061010437268678,0.5061010437268678,,12.833333333333334,76,36167,36409,50.951438903808594,46.180381774902344,1,900.0,-0.007594699315155768,33.35801160903204,2.3637251257896423,0.0076932896359473745,0.10087799785902635,0.9127285884665988,84,1.3987999407676222,0.4938005939219733,0.49789121747016907,0.15884869136518523,0.13202167304471665,0.1968389762923222,0.27387992615294166,0.24737185528891467,0.21192080955387563,0.12368592764445734,0.10623348160828032,0.1098383237874284,0.10819528653088875,0.16341622562169217,0.167748823109297,0.5097358822822571,0.26652422547340393,5.531311671802541e-06,0.9999353885650635,0.004218525718897581,0.5048868656158447,-0.998833954334259,0.999981164932251
5713.125,606342,121344,158,141.97508041557992,244,0.5156175354373453,0.5156175354373453,,14.333333333333334,76,36424,36657,50.235084533691406,48.468936920166016,1,900.0,-0.005918181935240599,40.88782333605217,2.4017081080061016,0.007030877743901172,0.0911262314061098,0.9041967650149074,66,1.3743539998850571,0.49467079198755926,0.49857819080352783,0.16008142870361802,0.1508629776007263,0.20866105302118998,0.25122099481949794,0.23373739243083186,0.2132714214345892,0.11668363097992042,0.10615077438737147,0.10678264088091052,0.10268941014959408,0.17405385398352918,0.17580442160822102,0.5081079602241516,0.26363006234169006,0.00032351489062421024,0.9997198581695557,0.0021956355776637793,0.489711195230484,-0.999271810054779,0.9973118305206299
5739.155999999999,610182,122112,159,147.60714972131794,244,0.4838029190728986,0.4838029190728986,,11.166666666666666,76,36638,36890,52.29825210571289,44.29167556762695,1,900.0,-0.0017847259597921813,49.73559708065457,2.139532921490846,0.006491681880727119,0.07453926324012207,0.878296442381745,54,1.3288622138317119,0.49534769765639225,0.4942333400249481,0.1643592474263401,0.13102433226449373,0.25559105431309903,0.37141897803816026,0.192403265885694,0.15947961944502467,0.12495562655307065,0.09901181653325089,0.08910188143414981,0.08093099370352871,0.17358892438764642,0.15813426001554176,0.5054718852043152,0.2604883015155792,0.0006178117473609746,0.9989124536514282,0.011951960623264313,0.493144690990448,-0.9978386759757996,0.9978423118591309
5767.078000000001,614019,122880,160,137.497312405921,245,0.49744149888388595,0.5039519155505526,653.7000000000801,15.0,76,36886,37120,58.43381118774414,61.16575241088867,1,900.0,-0.006936737869249622,46.321443133884,2.2839797293698347,0.0022547572307418866,0.017345410232708133,0.9129347920105468,54,1.308711469753727,0.4853627534925511,0.48973748087882996,0.15148354195642094,0.14052812081954563,0.26054705609643025,0.31139171867114945,0.21244784422809457,0.20080540915104636,0.13641631896152062,0.11771495904309309,0.07591562355122856,0.07330952649609292,0.16318961520630507,0.15625026581907253,0.5032935738563538,0.2621361017227173,0.00037884837365709245,0.9997767806053162,0.016300316900014877,0.4875054955482483,-0.9962460994720459,0.9985686540603638
5801.046999999999,617859,123648,161,113.09751715607634,245,0.5011995280461019,0.5011995280461019,,13.333333333333334,76,37148,37392,54.89765167236328,51.603755950927734,1,900.0,-0.009844430524026393,55.51629998948839,2.3147283063994513,0.005912263965821039,0.08438411689712666,0.9101514664214544,72,1.3674255063861072,0.47862512368953647,0.4762195646762848,0.18223701049398516,0.16032009848218043,0.2182407644398942,0.30176416113890375,0.2186673492022865,0.1954290550055465,0.13710434263288115,0.11494166670652982,0.0764439894206979,0.07395186310254503,0.1673065438102551,0.15359315556429443,0.4940411150455475,0.26422855257987976,0.0008758663316257298,0.9996140003204346,0.018767617642879486,0.508122444152832,-0.9998990297317505,0.9993336200714111
5832.561999999998,621697,124416,162,121.84126984126983,246,0.4634509029549096,0.4699613196215762,679.3000000000859,9.166666666666666,76,37366,37640,46.64421081542969,45.377723693847656,1,900.0,-0.003931072933968002,32.37835191090902,2.4104390660921733,0.0015787268601941864,0.006462358435965143,0.9365782656599944,60,1.3465030011702286,0.47723605623003534,0.48364707827568054,0.17723861416675235,0.16620256739792505,0.2499228950344402,0.2685189446526633,0.1855659504472088,0.18322073816352213,0.14331242932044824,0.13503984964846322,0.08039477742366609,0.08387036154646248,0.16356533360748432,0.16314753859096384,0.5017722845077515,0.26435843110084534,0.00023137418611440808,0.9992190599441528,0.009929017163813114,0.497269868850708,-0.9985926151275635,0.9991480112075806
5866.953000000001,625535,125184,163,111.6509090909091,248,0.5023250455633446,0.5153458788966779,321.40000000003545,12.333333333333334,76,37605,37870,45.877193450927734,40.25029754638672,1,900.0,-0.011653846687267738,74.83455883372913,2.3916822130029853,0.007073598170801609,0.0894674671581015,0.8176243771175975,66,1.3648809782814904,0.4647374152191289,0.46587979793548584,0.15812421277008043,0.13926793953936625,0.22575331847689178,0.2753199290556683,0.21170429221974615,0.1967139113029018,0.13845557601007655,0.12129432809627892,0.09233601395213642,0.09264305673384884,0.1736265865710687,0.17476083527193587,0.5065656304359436,0.2676246762275696,2.424804279144155e-06,0.9998683333396912,-0.004827192984521389,0.5087348818778992,-0.9995532035827637,0.9994250535964966
5897.344000000001,629375,125952,164,126.41975308641975,249,0.5277569403260159,0.5212465236593493,900.0000000001361,12.166666666666666,76,37801,38070,57.08000946044922,56.91338348388672,1,900.0,-0.0075246032870685065,39.05681845347087,2.4055745005607605,0.005271560843962474,0.06070938290116222,0.9465462560584833,60,1.3702893139471544,0.4695763680486801,0.4701404571533203,0.17347474535335503,0.1711106547571662,0.22030872624173053,0.256377774322863,0.19605166439147328,0.17967196780827344,0.1329413000105009,0.11905424288419997,0.08936259582064475,0.0947713686763422,0.1878609681822955,0.1790139915511552,0.5032501220703125,0.2647266089916229,0.00045554086682386696,0.9989976286888123,-0.020257093012332916,0.5026617646217346,-0.9985487461090088,0.999536395072937
5936.359,633212,126720,165,98.38461538461539,252,0.5185301916111666,0.5380614416111666,539.2333333333873,13.0,76,38049,38328,56.61360168457031,52.59705352783203,1,900.0,-0.008976871226978902,59.92696566051907,2.4732139342361026,0.007555538445023278,0.09822681284761832,0.8407699271382029,72,1.399621706822419,0.4996177938403525,0.5008557438850403,0.18568795039383273,0.16686792142645687,0.1897938662644545,0.23557347688124694,0.19306184012066366,0.17983610691032798,0.13985252220546338,0.12297501178248217,0.09653092006033183,0.0943114908177343,0.1950729009552539,0.20043599218175173,0.49244028329849243,0.2695797383785248,0.00014874598127789795,0.9997349381446838,-0.008699069730937481,0.5132350325584412,-0.9988566040992737,0.9993972778320312
5968.719000000001,637052,127488,166,118.72372000989012,252,0.5342537624051588,0.5342537624051588,,17.333333333333332,76,38327,38580,46.448402404785156,38.08544158935547,1,900.0,-0.014946526263464386,35.757972619472405,2.509413263736627,0.012008408588789115,0.1756141955832927,0.5651754937567024,78,1.384697474060451,0.4867714260480594,0.4843878448009491,0.1731201799485861,0.16170252447327738,0.2134479434447301,0.22567447568356572,0.1849293059125964,0.1868121553888047,0.1414685089974293,0.12831428210432266,0.08965295629820051,0.09189005259642362,0.19738110539845757,0.20560650975360592,0.4989394247531891,0.2690950036048889,0.00039408289012499154,0.999431848526001,-0.005254840943962336,0.5185379385948181,-0.9979283213615417,0.9997742176055908
5999.828000000001,640892,128256,167,123.49649450054291,252,0.520950033821315,0.520950033821315,,17.5,76,38624,38876,49.78205108642578,48.58219909667969,1,900.0,-0.0035345862953753177,35.7203571228754,2.422938109863372,0.011271066170455358,0.15731264455410252,0.3605114951105415,84,1.364193077961216,0.5049179275201788,0.5059148669242859,0.191438227562899,0.18364041121785504,0.20630867442733758,0.24249391900241143,0.17641757416447615,0.16587185699899273,0.14547502816372512,0.12888580193315152,0.08696958317686819,0.08655248186958091,0.19339091250469395,0.19255552897800837,0.498328298330307,0.2683415710926056,8.746111234358978e-06,0.9990851879119873,-0.00378489145077765,0.5132431983947754,-0.9987027645111084,0.9999804496765137
6028.796999999999,644732,129024,168,132.6287431354369,252,0.5107435335074663,0.5107435335074663,,14.166666666666666,76,38871,39143,51.3140983581543,41.13695526123047,1,900.0,-0.005544942570850253,30.655179897944134,2.4253475500477686,0.008248096869558063,0.10965361409277345,0.7029099042085303,72,1.3315259896134468,0.5230839129443112,0.5255480408668518,0.16841496654827787,0.16204156282758955,0.2349054266127034,0.24992124243027805,0.15891632939621705,0.1620451361861237,0.13397208226645743,0.12603234169036082,0.08375320062773602,0.08729438185094987,0.22003799454860826,0.21266533501469803,0.49655911326408386,0.2692796289920807,6.133894203230739e-06,0.9995466470718384,-0.01745530776679516,0.5139425992965698,-0.9999164938926697,0.9974669218063354
6052.921999999999,648572,129792,169,159.27001244296588,252,0.49871233501570206,0.49871233501570206,,9.833333333333334,76,39072,39370,48.89125061035156,46.30065155029297,1,900.0,-0.0063924249207721676,28.14792170347991,2.3761082931801125,0.0022723461708688384,0.019777730555722007,0.6643627900854618,54,1.2972635416880614,0.5406968619233818,0.5355062484741211,0.1701172088947311,0.1592882425634733,0.2564355351078979,0.27190347443846347,0.1425128710702158,0.14749856594476432,0.13024427648154233,0.12690145713130924,0.07273523934713551,0.06950108046611794,0.22795486909847737,0.22490717945587171,0.4879732131958008,0.2677594721317291,0.00012397229147609323,0.9999975562095642,-0.008812920190393925,0.5096740126609802,-0.9991864562034607,0.9997035264968872
6082.061999999998,652409,130560,170,131.74248927038627,254,0.47070451278804004,0.48372534612137336,169.84999999999894,9.666666666666666,76,39263,39572,56.49509048461914,55.82157516479492,1,900.0,-0.017152900923974812,63.823858857154846,2.3821247865756354,0.009540289206701887,0.11615197684053176,0.22218912040229977,48,1.2498623404581348,0.5508182075993643,0.5380228161811829,0.15913872045538918,0.16341514634156595,0.30342779358990224,0.28658412490823737,0.12399455512931568,0.1238399924742696,0.10951614899146145,0.10601091882794353,0.07870313080064348,0.08752735373161999,0.22521965103328795,0.23262246371636358,0.494630366563797,0.26802581548690796,7.529784488724545e-05,0.999875545501709,-0.017575334757566452,0.49492791295051575,-0.9972651600837708,0.9999256134033203
6111.811999999998,656249,131328,171,129.14508643305376,254,0.500327736928062,0.500327736928062,,15.333333333333334,76,39518,39793,64.24913787841797,60.517417907714844,1,900.0,-0.004942292821835037,42.9618299625538,2.2681106991238065,0.005990432410837564,0.0567887754813354,0.6908852428305677,54,1.2382129375232873,0.5370629520886434,0.5367488265037537,0.14462353720468094,0.13862003914774784,0.30205343342901303,0.33242234279540833,0.11856922057849414,0.11153731197298504,0.1430779421505851,0.12380988593810716,0.07286376683594613,0.0778144429993563,0.21881209980128064,0.21579597714639534,0.5090296864509583,0.2652178108692169,0.0003486981731839478,0.9994118213653564,-0.01739473268389702,0.5049938559532166,-0.9996410608291626,0.9977918863296509
6147.561999999998,660089,132096,172,107.46068170370935,254,0.5068839426556276,0.5068839426556276,,10.5,76,39751,40055,45.63003921508789,47.37718963623047,1,900.0,-0.0042276486235206185,36.73443170027299,2.395725029887575,0.0016645092552571344,0.009004122115474082,0.8579023785103974,66,1.3092998262554165,0.5300960268241198,0.5361021161079407,0.17044077905134655,0.1628342865516243,0.22066908955362968,0.2594999441117528,0.1395955642530985,0.13276886524448495,0.14472090205945393,0.1183179755518691,0.0669089553629671,0.07157893683347795,0.2576647097195042,0.2549999917067909,0.4944974482059479,0.26996755599975586,0.00018131567048840225,0.9996814131736755,-0.006436872761696577,0.5132613778114319,-0.9995698928833008,0.999199628829956
6180.875,663926,132864,173,115.23560681142908,255,0.4932837905332126,0.49979420719987927,708.7000000000926,8.333333333333334,76,39930,40252,46.690982818603516,45.12861251831055,1,900.0,-0.017570204868981684,51.983225645842374,2.3732897308137684,0.0022923069363582397,0.020762894975228444,0.872736289346372,54,1.2980317992585255,0.5116613239529954,0.5062371492385864,0.14521100047415836,0.13285922376945866,0.2412280701754386,0.2874519654834557,0.15659080132764344,0.1492952322086675,0.1427216690374585,0.11481839142997424,0.06661925082977714,0.07674854533420389,0.24762920815552394,0.23882664177424,0.4991680681705475,0.2678927779197693,4.909016934107058e-05,0.9999973177909851,-0.008999359793961048,0.5077755451202393,-0.9986807107925415,0.9982973337173462
6210.75,667760,133632,174,128.40349643323458,258,0.48467737273835504,0.504208622738355,605.3000000000692,14.0,76,40111,40414,53.36981964111328,52.800758361816406,1,900.0,-0.014595463256227958,45.549391190210976,2.2695262481768927,0.0016725133699317888,0.015132794159095889,0.932584046228311,48,1.2738670508392123,0.5330183405948206,0.533156156539917,0.1373993723563924,0.12611655338868807,0.2937644972028926,0.3461756589191692,0.14053759039432392,0.12652000179687822,0.13726292809387367,0.12094252260703242,0.07790967389821259,0.07613518135324415,0.21312593805430483,0.20411008193498795,0.4982694983482361,0.265182763338089,0.0004827270458918065,0.9996572136878967,-0.02427838183939457,0.5006885528564453,-0.9993679523468018,0.998629093170166
6249.921999999999,671600,134400,175,98.02920453385406,258,0.5191948455384074,0.5191948455384074,,18.833333333333332,76,40443,40717,52.33338928222656,50.152496337890625,1,900.0,-0.009130305008078548,36.13211595444452,2.335229007970719,0.009741680337372232,0.12754112567927223,0.9838802176025705,84,1.3491405155957334,0.5550578989317186,0.5512449145317078,0.1547921967769296,0.13638828461547445,0.213457732541702,0.30572916052150667,0.14751201583262652,0.12253664530356867,0.19621147865422675,0.15361884439623474,0.08679672038450664,0.08472522162366383,0.2012298558100085,0.19700184353955164,0.49765777587890625,0.273024320602417,9.988289093598723e-05,0.9999138712882996,-0.030508186668157578,0.519565224647522,-0.9999982118606567,0.9996470212936401
6287.125,675436,135168,176,103.15155426481128,260,0.5006130345763068,0.5136338679096402,609.8000000000701,14.833333333333334,76,40709,41017,47.719940185546875,48.90472412109375,1,900.0,-0.016821756926126395,61.370717464349205,2.4563109263395653,0.010667492844700671,0.13041192142125696,0.868466305982333,78,1.3902777387750125,0.5733312250493647,0.5636577606201172,0.15316007996309397,0.1466046351507167,0.20928802091342458,0.26082852406905765,0.14362601876057204,0.13513377302627053,0.18130093802860217,0.15683664470815986,0.09856989081962171,0.09683582395124413,0.21405505151468554,0.20376059909455116,0.4981042444705963,0.2728137671947479,4.842373891733587e-05,0.9999486804008484,-0.049660343676805496,0.5196878910064697,-0.9997087121009827,0.997917890548706
6312.609,679276,135936,177,150.7774462070004,260,0.5191140744223035,0.5191140744223035,,15.5,76,40957,41261,51.67115020751953,52.605125427246094,1,900.0,-0.012901257892901247,32.157937454454824,2.4165506940899473,0.009255912714047687,0.13518942759732122,0.48218348776670805,66,1.3474968303930084,0.5853804800176811,0.591443657875061,0.12899429709423374,0.11857548462949662,0.23698741739838872,0.2580920740091823,0.13478772517425544,0.12821224849268575,0.1736217977731511,0.16082998600494833,0.10038924594912646,0.10235211181766374,0.22521951661084458,0.23193809504602322,0.5010715126991272,0.2684227228164673,5.960449925623834e-06,0.9998308420181274,-0.06367835402488708,0.51261305809021,-0.9980489015579224,0.9995416402816772
6341.203000000001,683116,136704,178,134.29390781282336,260,0.5294618844141142,0.5294618844141142,,17.166666666666668,76,41251,41545,50.04765701293945,51.19412612915039,1,900.0,-0.009288455747862048,35.06046967279343,2.476973465510777,0.007607936474995308,0.0985349515076017,0.47085720033216705,84,1.3610078922864048,0.5733825609818537,0.5759612917900085,0.14958244032222304,0.146826337551376,0.218535215431232,0.22526989832437763,0.13517108861133692,0.13327574360811023,0.17448821225334418,0.1712678234028598,0.11669499667430346,0.11899775558900154,0.20552804670756042,0.20436244152427477,0.5028987526893616,0.26925128698349,0.0005243406048975885,0.9999247193336487,-0.0689358115196228,0.5127912759780884,-0.9997274875640869,0.9983294010162354
6370.5,686956,137472,179,149.5793081957074,260,0.4797861882506573,0.4797861882506573,,8.666666666666666,76,41448,41793,43.07537841796875,35.174102783203125,1,900.0,-0.0036374905701248078,21.730221536424423,2.372232437133789,0.005681916798018767,0.0663595971547895,0.8415707968107164,54,1.33213799840195,0.5788013569862297,0.5867170691490173,0.14228173307206618,0.13128280755092384,0.23916829958632702,0.25669574207101475,0.1287829305464838,0.12283007735568931,0.15937295885042455,0.14559873004377383,0.107228391029828,0.11321031070214979,0.22316568691487046,0.23038233227644847,0.4998072683811188,0.2695598304271698,0.0002583261230029166,0.9999681711196899,-0.04631003737449646,0.507932722568512,-0.999980628490448,0.9989013671875
6396.828000000001,690791,138240,180,145.75098814228298,262,0.47689215855519834,0.48991299188853166,350.0000000000111,5.5,76,41617,41991,49.399208068847656,42.85076904296875,1,900.0,-0.0025094014140666417,65.85540925888787,2.2636559179850986,0.0011376479860768507,0.0008382959529713151,0.7256586750357555,42,1.313757293264166,0.58455660177171,0.5845447778701782,0.16542362768496421,0.13766973613851205,0.27655131264916466,0.33810275740173096,0.12291169451073986,0.11045477356781172,0.1357398568019093,0.1184198326200877,0.1066527446300716,0.10252329927548105,0.19272076372315036,0.19282960099637653,0.5019248127937317,0.2671050429344177,0.00013202358968555927,0.9995757937431335,-0.05424034222960472,0.5079013109207153,-0.9998148083686829,0.9996224641799927
6432.171999999999,694630,139008,181,108.66734601449983,263,0.5171439924081991,0.5236544090748657,444.40000000003255,17.833333333333332,76,41918,42223,54.35498046875,49.01395797729492,1,900.0,-0.004492232820484787,49.26698818206787,2.351054600874583,0.0009439375688284092,0.0046454501590536285,0.8458364114999477,60,1.3335152365390734,0.5729135009036997,0.5740454792976379,0.17588340986224796,0.14066525728162135,0.25364344180475146,0.29598545065658394,0.13246156917548413,0.12605935566772597,0.1618087442603314,0.13621912621280233,0.11579157516470354,0.12618688751289825,0.16041125973248152,0.17488392266836816,0.4993102252483368,0.2691596448421478,9.083272743737325e-05,0.9998204708099365,-0.06274592131376266,0.5125946998596191,-0.9997999668121338,0.9976130723953247
6469.141,698464,139776,182,103.75060886507117,265,0.49476195673246554,0.5077827900657989,507.7000000000469,11.333333333333334,76,42217,42571,44.10399627685547,38.35700225830078,1,900.0,-0.007753562307931507,66.10397602961613,2.3846970215821877,0.003053993382501151,0.027686619752038937,0.7940246230290343,78,1.3572639595273057,0.5679188443929372,0.5665603280067444,0.18445863746958638,0.16140191401431686,0.23532542579075424,0.2908138701578597,0.1257603406326034,0.1147997875589952,0.1573905109489051,0.129862586182506,0.1083485401459854,0.11594532727710904,0.18871654501216545,0.18717651480921316,0.5002808570861816,0.27219510078430176,2.2662681658403017e-05,0.9997645020484924,-0.04246444255113602,0.5166180729866028,-0.9998249411582947,0.9991217851638794
6493.436999999998,702304,140544,183,158.1483464437277,265,0.510178932696146,0.510178932696146,,15.166666666666666,76,42475,42806,46.20973587036133,47.61188507080078,1,900.0,-0.008822624088747101,29.319767386824996,2.3379729412220143,0.004543650341293777,0.0558003147048617,0.9126016944808892,54,1.2989741414165183,0.5797630220624753,0.5769837498664856,0.15618838992332967,0.14114635725433375,0.28378970427163197,0.300922170245024,0.11829134720700986,0.11497806125283808,0.14370208105147864,0.1281432178177877,0.11631982475355969,0.12067252613971327,0.18170865279299014,0.19413766729030324,0.511461079120636,0.2698667347431183,7.299581193365157e-05,0.9997110366821289,-0.059260230511426926,0.5090183615684509,-0.9998835921287537,0.9999234676361084
6536.921999999999,706138,141312,184,88.20078676758693,268,0.4963257909117152,0.5158570409117152,263.46666666667693,15.666666666666666,76,42771,43114,52.807899475097656,50.40633773803711,1,900.0,-0.015201497048390312,96.47844762068529,2.4421255313433132,0.008349747127916947,0.099558740946612,0.6560754787344557,52,1.3610355080376442,0.5691505835844863,0.5705122947692871,0.17636887608069166,0.15080862740773043,0.2487443392342528,0.2613288884784313,0.13931659118979003,0.1347327087735063,0.16558254425689584,0.14400814922752317,0.11074516261836147,0.1223842802349926,0.15924248662000823,0.1867373458778162,0.5060617327690125,0.2733306884765625,0.00013079414202366024,0.9998157620429993,-0.05454239249229431,0.5163846015930176,-0.9989774227142334,0.999198317527771
6570.219000000001,709978,142080,185,115.32570501846217,268,0.5203215000678021,0.5203215000678021,,13.5,76,43063,43419,42.45347595214844,42.30979919433594,1,900.0,-0.005239689346992583,34.12017206918625,2.4329111036800204,0.004900652802065631,0.04789046928427914,0.6296211556358793,84,1.345161000627219,0.5417370870233127,0.5391172170639038,0.2030970815961882,0.1877911563586224,0.2383114949374628,0.26146905641667983,0.13259380583680763,0.13013312632427476,0.13936867182846932,0.1257768233521007,0.1110035735556879,0.11072198189421656,0.17562537224538416,0.18410785565410573,0.5135457515716553,0.27358075976371765,0.00032348159584216774,0.9998555779457092,-0.04174944758415222,0.5183852910995483,-0.9985733032226562,0.9998677968978882
6591.186999999998,713818,142848,186,183.26731255669458,268,0.4982688789415382,0.4982688789415382,,9.0,76,43262,43645,59.89220428466797,55.18785095214844,1,900.0,-0.005650863245440026,34.28123202147307,2.4145728702898377,0.0031824560757922893,0.02651070765137707,0.8717001629743572,54,1.3349007434884212,0.5394806000921462,0.5311259627342224,0.17669127435556092,0.1638332025921894,0.25789664770664406,0.2736974966220678,0.15042962604380974,0.1466515169070434,0.12549921336076486,0.1170155230391224,0.10589374319254508,0.10569781453073021,0.1835894953406753,0.19310444630884674,0.5200315117835999,0.26893162727355957,9.592712012818083e-05,0.9995419979095459,-0.046878669410943985,0.5101507902145386,-0.9998189210891724,0.9982256889343262
6623.828000000001,717654,143616,187,117.57854406130268,270,0.4962934031027178,0.5093142364360511,322.8000000000105,9.0,76,43502,43895,46.57233428955078,50.03980255126953,1,900.0,-0.0022750989262325066,87.70714619954427,2.4116918722788494,0.0035564281092747563,0.025664096203399822,0.635559947396972,60,1.3338258913574947,0.5320426043937048,0.5372692942619324,0.16900567333532399,0.16339577328030147,0.26366079426694533,0.285392083553553,0.15387677913805117,0.14813845130013595,0.12700308549815864,0.11469503829036033,0.1094854185328954,0.10690475468378294,0.17696824922862547,0.18147389889186633,0.5217313766479492,0.2700780928134918,4.3608026317087933e-05,0.9993547201156616,-0.047884587198495865,0.5100131630897522,-0.9999541640281677,0.998805046081543
6649.328000000001,721494,144384,188,150.68278135300358,270,0.5135746665785269,0.5135746665785269,,10.333333333333334,76,43710,44095,49.25456237792969,47.801971435546875,1,900.0,-0.0041332186789346725,36.43105097170229,2.24817192112958,0.0024858981015705365,0.020200091791425453,0.8920925046291452,54,1.29182936528601,0.5361768293869604,0.543140172958374,0.18089773877826526,0.16251891390145615,0.29440881988975137,0.3458732877131772,0.1303858701766228,0.1219824913872644,0.12926088423894702,0.10792034916879249,0.0971987850151873,0.0920484044477214,0.16784790190122623,0.16965655338158836,0.5128644108772278,0.26686567068099976,6.005168688716367e-05,0.9995175004005432,-0.0574675016105175,0.5035801529884338,-0.9989913702011108,0.9995249509811401
6678.344000000001,725330,145152,189,132.27586206896552,271,0.49618952070140665,0.5026999373680733,315.60000000000326,16.333333333333332,76,43957,44311,48.975685119628906,46.42442321777344,1,900.0,-0.0024519961061068222,40.558861061378764,2.2452453860530146,0.0020187424427319466,0.012115352338662854,0.9201658851854853,54,1.234171671416039,0.5181372470775834,0.5181480050086975,0.15447246409589505,0.14821470215490504,0.34185231256360965,0.3600421166427259,0.10957819744430623,0.10801701916317272,0.10392400768969806,0.0972385383122244,0.10392400768969806,0.10266891310599166,0.18624901051679293,0.18381871062098026,0.5229730010032654,0.2654283046722412,0.0002610173833090812,0.9993059039115906,-0.06522305309772491,0.4871848523616791,-0.9996702075004578,0.998565673828125
6709.171999999999,729167,145920,190,124.46477228494506,272,0.4994098443696135,0.5059202610362802,369.20000000001545,12.0,76,44175,44560,51.23106002807617,54.9364013671875,1,900.0,-0.002184799552196637,83.96696764628092,2.2387569069862367,0.0015450039887129655,0.013961313914721055,0.7209887035487228,60,1.2955417169895136,0.5170839827788206,0.5161916613578796,0.1761766763265714,0.15233277653741795,0.2689117617667633,0.33580502158105635,0.12071549915059458,0.11172659447798115,0.13330668532027581,0.10939220594066586,0.09603277705606075,0.09267240643310136,0.2048566003797342,0.19807099502977737,0.5147534608840942,0.2721107602119446,0.0005284195649437606,0.9998757839202881,-0.05912287160754204,0.5048564672470093,-0.999387264251709,0.9989324808120728
6746.171999999999,733005,146688,191,103.77179937812464,273,0.516251035059759,0.5227614517264256,674.8000000000849,13.833333333333334,76,44463,44842,50.89607238769531,51.46336364746094,1,900.0,-0.011518763580496829,37.26216910435603,2.3570256110949392,0.0035237417906718474,0.04043052402975706,0.9554014948121773,78,1.3313788980229164,0.49401344220029214,0.4958511292934418,0.19730729863790253,0.1745551189862918,0.23691047948980395,0.30076544794228854,0.11510904653176915,0.1046818857162179,0.15038185969608692,0.12120058298035764,0.1100700732225809,0.10782797658868469,0.19022124242185653,0.1909689877861594,0.5067550539970398,0.2695508897304535,6.912546814419329e-05,0.9997434020042419,-0.047100234776735306,0.5164839029312134,-0.9998106360435486,0.9994226694107056
6772.421999999999,736841,147456,192,146.2168858395241,275,0.48822851893973535,0.5012493522730687,475.55000000003963,9.333333333333334,76,44639,45055,47.37744903564453,46.80607604980469,1,900.0,-0.0069577750616224,61.32030663666902,2.4863421298839428,0.0024334778081474715,0.015901258862059977,0.8628365490077874,54,1.3755390456340189,0.5115002158344656,0.5255652070045471,0.19668219520509034,0.18352661469401224,0.2021361208953528,0.22120214971039995,0.1340756732189524,0.1296936539375606,0.15373253039427337,0.14043414847399535,0.09873877968412681,0.10204883324427204,0.2146347006022043,0.22309459993975983,0.511785626411438,0.27169784903526306,4.733128662337549e-05,0.9988857507705688,-0.058890361338853836,0.5169256329536438,-0.9995180368423462,0.9998167753219604
6798.391,740681,148224,193,147.86861257652808,275,0.5152158048598713,0.5152158048598713,,16.5,76,44889,45262,48.083290100097656,47.951080322265625,1,900.0,-0.009901885736595702,38.600800620185005,2.3788111827991627,0.005611645401562669,0.07454005190973273,0.8708695628389271,54,1.3398340950274938,0.48923735121704326,0.49097350239753723,0.19473450344367918,0.1812268838423533,0.22439457898244836,0.2631767453205848,0.1383025994223506,0.13104726038400907,0.13596978449233504,0.11404688919253908,0.11019773383692513,0.10498810392290124,0.19640079982226172,0.2055141173376125,0.5156643390655518,0.2688731849193573,0.00045124837197363377,0.9997242093086243,-0.052481647580862045,0.5128457546234131,-0.9993504881858826,0.9994752407073975
6829.484,744517,148992,194,123.43136623977846,276,0.49520465678521525,0.5017150734518819,213.59999999999215,9.333333333333334,76,45115,45536,47.96903610229492,50.02082443237305,1,900.0,-0.005003552768550545,59.30103322231408,2.502000281305024,0.004362388828798527,0.04636914760340005,0.7552670028972993,66,1.3838079880612142,0.49941846099868603,0.49866536259651184,0.1955323469683783,0.19137163524948528,0.19031041485349579,0.211091511644956,0.16990619862682527,0.16021694592460384,0.14234600135383424,0.12489504798756598,0.09592882699932308,0.09052853428312209,0.2059762111981433,0.22189632491026684,0.5156416296958923,0.2747472822666168,0.00017677724827080965,0.9999717473983765,-0.04808683320879936,0.5215353965759277,-0.9985538125038147,0.9998505115509033
6859.859,748351,149760,195,126.28874468855865,278,0.4918486018608427,0.504869435194176,476.70000000003984,11.166666666666666,76,45341,45761,38.084800720214844,33.10072326660156,1,900.0,-0.0038111031915630316,65.13447189331055,2.463024951793529,0.0013210973391854148,0.00769823596109981,0.8087930394450671,54,1.3921097580510364,0.5117825829497635,0.5041152238845825,0.19177624247827055,0.17304575052571763,0.18230443503454424,0.22398810180907222,0.1790728772008023,0.17378048282541683,0.13773122353465567,0.116429943675981,0.10953866726097615,0.10127408685810343,0.19957655449075107,0.21148163430570888,0.5173363089561462,0.270879328250885,9.394400694873184e-05,0.999788224697113,-0.036187946796417236,0.5195507407188416,-0.9999016523361206,0.9986412525177002
6888.219000000001,752191,150528,196,135.4784081286999,279,0.5232767191241394,0.529787135790806,415.500000000026,20.166666666666668,76,45645,46016,46.1485595703125,41.14201354980469,1,900.0,-0.005980066570272256,48.25183619393243,2.522427052259445,0.006312893230036846,0.07345261037941479,0.8688524493669829,72,1.4067867351691918,0.5392935916649487,0.5286227464675903,0.1777815728801981,0.16901877788601954,0.18982153530868415,0.21398300657156077,0.200836820083682,0.19292205426910466,0.1516522927162497,0.1404365527500487,0.0952096319699428,0.09399796510900349,0.18469814704124327,0.18964164341426282,0.5098921060562134,0.27607980370521545,0.0005237318691797554,0.999938428401947,-0.039021529257297516,0.5252809524536133,-0.9998061060905457,0.9995907545089722
6919.969000000001,756031,151296,197,121.00204821175136,279,0.5424674778445847,0.5424674778445847,,19.166666666666668,76,45961,46338,46.78862762451172,43.79239273071289,1,900.0,0.0016866603039792,35.5196181734403,2.524003895620505,0.00981087161126639,0.13901574005528042,0.8452324194448758,96,1.4012109017037377,0.5227096620655389,0.5260817408561707,0.1797321892875715,0.17503359803122107,0.1765470618824753,0.19214557142022495,0.18356734269370775,0.17783946039855136,0.15581123244929798,0.144854521477842,0.09776391055642225,0.0978608973493253,0.2065782631305252,0.21226595132283532,0.512170135974884,0.27555710077285767,0.00018758198712021112,0.9997335076332092,-0.030796047300100327,0.5243651270866394,-0.9998959898948669,0.9997729063034058
6943.655999999999,759871,152064,198,162.21696519095207,279,0.5134890083443486,0.5134890083443486,,11.0,76,46192,46618,41.133731842041016,39.47781753540039,1,900.0,-0.005454861841192751,23.815334637959797,2.4514620448603774,0.0086102947150477,0.11297756940069975,0.875602220961782,66,1.370568042161297,0.5486859075739645,0.5483660697937012,0.1837404301859278,0.17648479217802734,0.2149106817353263,0.2383119963897762,0.18547211082756107,0.17726179145482782,0.12103536274152388,0.11446148587505199,0.08120670798395917,0.08039726238347135,0.2136347065257018,0.21308267171884526,0.5170124769210815,0.2713800370693207,0.00017615736578591168,0.9998155236244202,-0.011317461729049683,0.5163900852203369,-0.9992376565933228,0.9982640743255615
6968.516,763708,152832,199,154.44372886813122,280,0.5069720293856215,0.5134824460522881,455.7000000000351,8.333333333333334,76,46358,46805,48.67759704589844,50.172943115234375,1,900.0,-0.00453714436541001,46.9847141901652,2.345365196466446,0.0025523704728573227,0.02091909572482109,0.8410118286390277,48,1.347736569830307,0.5477869875533665,0.5453272461891174,0.19339152119700748,0.16266372750222144,0.23890274314214463,0.2957181317623302,0.1708229426433915,0.15844995712604223,0.11633416458852867,0.08962853607769038,0.08104738154613467,0.08405395927351218,0.19950124688279303,0.20948568825820357,0.516369104385376,0.27153053879737854,0.00025367827038280666,0.9994673728942871,-0.0034221308305859566,0.5096662640571594,-0.9991883039474487,0.9998584985733032
6994.859,767547,153600,200,145.8143421452372,281,0.5053698662623232,0.5118802829289898,325.9000000000056,11.333333333333334,76,46555,46989,52.12782669067383,52.091854095458984,1,900.0,-0.010799026072466708,56.16516772905985,2.4574453930060067,0.0026572429497787715,0.03040444154369955,0.8929404513833445,48,1.3499528933794072,0.5272909582527242,0.5306380391120911,0.20241617357001973,0.18364637784498797,0.22078402366863906,0.2382253359213642,0.16876232741617356,0.17722795932357277,0.14176528599605523,0.12404522369848105,0.08826429980276135,0.07786931147054803,0.17800788954635108,0.198985791741046,0.5080470442771912,0.2729393243789673,0.0005898976232856512,0.9995332360267639,-0.009171364828944206,0.5146238803863525,-0.9998602271080017,0.9990378618240356
7031.844000000001,771386,154368,201,103.84376098893398,283,0.5047802582525368,0.5178010915858702,472.2000000000388,14.0,76,46830,47258,49.105445861816406,49.38372802734375,1,900.0,0.01357903876558137,62.12389037344191,2.420884132385254,0.0009903400518711505,0.0015261957475255865,0.901722506500029,72,1.372242186492837,0.482883404990627,0.49064579606056213,0.2349688405161064,0.20251164997833054,0.19231106819977178,0.25309770141069987,0.16501360484508032,0.16208240737745402,0.1529009040638989,0.1062823893972941,0.09233740015799174,0.08669431179417147,0.16246818221715087,0.18933154004204997,0.5038694739341736,0.27524736523628235,5.0866719902842306e-06,0.9999262094497681,0.009870514273643494,0.5251545906066895,-0.9994904398918152,0.9998968839645386
7062.436999999998,775226,155136,202,125.58048269998982,283,0.5151070171556678,0.5151070171556678,,15.333333333333334,76,47103,47523,52.32279586791992,53.61982727050781,1,900.0,-0.006962560440216394,36.88106375270419,2.3771063817871942,0.004477379512865382,0.05201978595141554,0.9206037211447089,72,1.34847833661518,0.48150878967555927,0.4748472273349762,0.21415711947626842,0.1925879868249734,0.22332242225859247,0.26818990245108026,0.16276595744680852,0.15856403636427063,0.1355973813420622,0.11707784640149477,0.09410801963993454,0.0879045496416604,0.17004909983633387,0.1756756783165205,0.513648271560669,0.272845059633255,0.00017547080642543733,0.9999901056289673,-0.0104711027815938,0.516537070274353,-0.9997010827064514,0.9987157583236694
7094.984,779063,155904,203,117.94903322984578,284,0.48723108531719334,0.49374150198386,471.20000000003864,16.666666666666668,76,47427,47844,56.048404693603516,55.13005065917969,1,900.0,-0.007356100250781776,67.28353735116812,2.35986245289827,0.0015414080306352716,0.01213296826925869,0.8009209674258242,78,1.3192751734265902,0.49033232421574136,0.49211305379867554,0.22719270166453265,0.20540898176735062,0.24079705505761845,0.28020435985248504,0.15596991037131883,0.15528944040874307,0.14452624839948783,0.1283565105608752,0.09539052496798976,0.09261682343926816,0.1361235595390525,0.13812388397127792,0.5138230919837952,0.2709771692752838,0.0004271031357347965,0.9998923540115356,-0.0162949338555336,0.5142521858215332,-0.9998322129249573,0.9994845390319824
7122.280999999999,782903,156672,204,140.75730361790752,284,0.501062246924306,0.501062246924306,,11.833333333333334,76,47673,48119,44.667869567871094,45.288272857666016,1,900.0,-0.008044423796077766,34.41412841912472,2.3343606573162656,0.003039906279486744,0.02485713174048049,0.9389343137791218,66,1.3183657991642408,0.47819504873377555,0.4806303381919861,0.23562849546163014,0.20987172561672437,0.23993765471715411,0.2901226705257277,0.14871183643531677,0.1392668648808531,0.1457779407719813,0.12138560789270815,0.09287613459246355,0.09636418760685957,0.13706793802145412,0.14298894347712707,0.5173785090446472,0.2723501920700073,6.879337888676673e-05,0.9998524188995361,0.0027157028671354055,0.5131627917289734,-0.9982092976570129,0.9998329877853394
7149.969000000001,786743,157440,205,138.76843018212205,284,0.48789169926612397,0.48789169926612397,,11.666666666666666,76,47945,48392,51.01593017578125,52.53569030761719,1,900.0,-0.00408355145059018,30.707772717331395,2.3541376879720977,0.0020107831159469265,0.01836166845521692,0.9496616935556583,66,1.288092463202095,0.4625844010775276,0.4680614769458771,0.2234964782373126,0.21775865807572584,0.2750586960447896,0.28842793302886754,0.1471916200108362,0.1452088917847029,0.12687375835289869,0.11611715433861239,0.08677984468123533,0.08521381501359367,0.14059960267292756,0.14727354775849766,0.5148519277572632,0.26962724328041077,0.00019550001889001578,0.9997314810752869,0.005478764418512583,0.5070606470108032,-0.9998503923416138,0.9996496438980103
7178.280999999999,790581,158208,206,135.63275258862006,285,0.47910356342842036,0.485613980095087,724.8000000000962,12.0,76,48197,48647,46.18273162841797,46.56147766113281,1,900.0,-0.004906953955651261,32.743675295511885,2.3345945676167807,0.002888768774667372,0.018555990975194923,0.8678655153886381,60,1.3129051114893624,0.47533088470661,0.4811018705368042,0.218860469952173,0.20152962508151862,0.25639426076107297,0.296260187744685,0.1517987107506758,0.14974599079187523,0.13277188604699522,0.11319117747839323,0.09555001039717197,0.09387088608921593,0.144624662091911,0.145402132814312,0.5220942497253418,0.2704632580280304,0.00064767588628456,0.9995316863059998,-0.0027698748745024204,0.507079005241394,-0.999983012676239,0.9986330270767212
7209.141,794421,158976,207,124.4974711451135,285,0.5113091421260925,0.5113091421260925,,14.5,76,48465,48900,54.222171783447266,58.790916442871094,1,900.0,-0.005287974703727135,37.80042238235474,2.3236117720603944,0.002260906418734296,0.012950958903335657,0.8677137444886666,60,1.3094076089244289,0.46844338187678614,0.4705761671066284,0.1927758930353223,0.181629016143153,0.2622231091598483,0.29531576215453936,0.15685491917780883,0.1582462843613212,0.14567950508880462,0.12564165408481853,0.08700858112153263,0.07940863825636992,0.1554579924166833,0.15975864499979797,0.5256413221359253,0.271217942237854,3.992951678810641e-05,0.9993773698806763,-0.010530421510338783,0.5058076977729797,-0.9999504685401917,0.999971866607666
7233.625,798259,159744,208,156.85152642117984,286,0.4870188398010238,0.49352925646769047,437.30000000003093,7.0,76,48612,49097,49.819313049316406,48.06869125366211,1,900.0,-0.00437801587584848,42.551729122797646,2.3470812489589057,0.000501600359762047,0.002081937328815305,0.8829316520063027,48,1.3316914446813102,0.47596047215051857,0.4833267033100128,0.1763096168881939,0.1630195118202643,0.24837112327339067,0.2883947689631824,0.17279124315871774,0.16455389603311044,0.14255929111284857,0.11777057970888925,0.0962991920771436,0.08967554919688783,0.1636695334897055,0.17658569427766577,0.5267674922943115,0.2705792188644409,0.00023696957214269787,0.999599039554596,-0.01766189932823181,0.5080010890960693,-0.9995924234390259,0.9998422861099243
7257.780999999999,802097,160512,209,158.98922949461857,287,0.4976715266708553,0.504181943337522,578.3000000000629,10.5,76,48801,49270,53.65733337402344,56.78184509277344,1,900.0,-0.0023396436313522003,63.88903209141323,2.2766982203438166,0.00045112511379474476,0.0013756574189756066,0.8348324338777358,42,1.2843551429042492,0.46584574083370733,0.46526962518692017,0.17467560245258806,0.16463836853847505,0.2796235562526736,0.32191471748938827,0.16084414658491372,0.15261463902773587,0.12733494937972337,0.10562559121508552,0.10951090831313276,0.09955135304261073,0.1480108370169685,0.15565533068670456,0.5264918804168701,0.2689897418022156,0.00024398196546826512,0.9997057914733887,-0.007898843847215176,0.5017760396003723,-0.9976656436920166,0.9989265203475952
7286.453000000001,805933,161280,210,153.6305018222537,289,0.47372868989812483,0.4867495232314582,665.0500000000827,11.166666666666666,76,48964,49439,50.50196838378906,51.2077522277832,1,900.0,-0.007429305267231982,55.836714971633185,2.264113806542896,0.00178542989091723,0.013422403271154812,0.9107727467850181,42,1.3141400382714052,0.4619887256812961,0.4662463366985321,0.17326732673267325,0.16269678804241802,0.27032703270327035,0.32464663692749424,0.15436543654365437,0.15051621867737833,0.1398139813981398,0.10729025343593597,0.10321032103210322,0.08562706158148517,0.15901590159015902,0.1692230413352883,0.5255788564682007,0.2681555151939392,9.820891136769205e-05,0.9998970627784729,-0.03159984201192856,0.5011385679244995,-0.9999671578407288,0.9991641044616699
7306.609,809769,162048,211,190.46673286991614,290,0.5058469149664062,0.5123573316330728,76.59999999999992,10.166666666666666,76,49116,49602,63.30173873901367,59.94157409667969,1,900.0,-0.009569245828537359,93.56044119880313,2.3579695395060947,0.003100453500579023,0.03486955052150214,0.5681444034093832,42,1.3279128254142798,0.47593249249701486,0.48850661516189575,0.18776967713137926,0.18030725421313373,0.24430888260675496,0.27174486515087387,0.15875613747954173,0.15921009215943147,0.13986013986013987,0.1280486881001811,0.1032584436839756,0.0931290883455868,0.1660467192382086,0.167560012030793,0.5208780169487,0.2700364291667938,8.297670137835667e-05,0.9998237490653992,-0.018970957025885582,0.5121895670890808,-0.9990971088409424,0.9998911619186401
7335.859,813605,162816,212,131.21707600738696,291,0.509782757014457,0.5162931736811237,551.6000000000569,16.666666666666668,76,49389,49841,45.907527923583984,43.62516784667969,1,900.0,-0.013042934169061483,55.64591178894043,2.31413520971934,0.0029790745344854598,0.03460251375023896,0.8472691922044824,60,1.3497939553079166,0.4692602625933485,0.47403302788734436,0.16418697900179383,0.13963281732029528,0.22644296718370793,0.29726850116621845,0.1752664345256938,0.1700379217699926,0.16798564946713096,0.1295426599748786,0.12282367837923394,0.11916037119501567,0.1432942914424396,0.1443577285735994,0.5150850415229797,0.27166303992271423,0.0004832781560253352,0.9998307228088379,-0.016303297132253647,0.5146874189376831,-0.9996996521949768,0.998602032661438
7369.844000000001,817440,163584,213,112.89705319555746,293,0.5002653447164325,0.5132861780497658,260.5000000000212,13.333333333333334,76,49620,50102,54.19580078125,54.210533142089844,1,900.0,-0.01404842002375517,89.00606699784596,2.4165225476026535,0.0076054145647810115,0.08910941089561675,0.7633104709489533,48,1.3574596194780517,0.45921626662716214,0.455608069896698,0.1592786111579302,0.14246269398074948,0.22526546435192987,0.25824598401416454,0.16728467891454576,0.16277855888280424,0.15969998314512052,0.13750330068718247,0.09573571548963425,0.1009530919418539,0.1927355469408394,0.19805637049324537,0.5167009234428406,0.2734157145023346,0.0001370119134662673,0.9998151659965515,-0.009494651108980179,0.5191743969917297,-0.999739944934845,0.9996770620346069
7406.141,821280,164352,214,105.83760542417949,293,0.5474750029688057,0.5474750029688057,,22.333333333333332,76,49978,50406,50.08906936645508,51.415992736816406,1,900.0,-0.011011626687185425,35.75561735365126,2.346989387936062,0.009334954547636165,0.12721156187665958,0.9357433128246275,90,1.3246846032880215,0.4629525042953507,0.4606671631336212,0.16155557053312664,0.15057240792736437,0.2480959762755274,0.28087912690450495,0.14928893981263058,0.14706944231873256,0.1643189323987329,0.14204914490660764,0.09240412482307744,0.09115469883257622,0.18433645615690503,0.18827517911021427,0.5137191414833069,0.27113670110702515,0.00011453789920778945,0.999942421913147,0.004135860130190849,0.5137830376625061,-0.9996389746665955,0.99876868724823
7437.999999999996,825120,165120,215,120.53109011583517,293,0.5214322552632235,0.5214322552632235,,18.0,76,50280,50734,48.546783447265625,50.00865936279297,1,900.0,-0.005749125896545593,26.28564648098416,2.386524889204237,0.00707792208976874,0.08550368922555612,0.9534196484831969,90,1.3220004958862561,0.4571674315931565,0.4535796046257019,0.16935319322587228,0.16466420177901062,0.2458681901652724,0.26646072852002123,0.13963136774807863,0.13743987422733756,0.15690675372372986,0.1455752705848047,0.08753315649867374,0.08370549453920961,0.20070733863837312,0.20215443034961625,0.5155540704727173,0.27159062027931213,2.0561919882311486e-05,0.9997630715370178,0.002213437110185623,0.5100942254066467,-0.9999768137931824,0.9996079206466675
7464.094000000001,828958,165888,216,147.17386302629814,294,0.4798746319570511,0.4863850486237178,523.3000000000504,8.666666666666666,76,50494,51009,54.61442184448242,51.277740478515625,1,900.0,-0.005198223970364779,30.19811995824178,2.25328749815623,0.0021849242348442803,0.015957827723468654,0.9249923250748543,60,1.2840407337935413,0.47912407280736474,0.4749842882156372,0.16574529074529074,0.15087620963160703,0.26044226044226043,0.30324998791361546,0.13882063882063883,0.13096281611892208,0.12766175266175267,0.11075993554473251,0.10094185094185094,0.10226340986513993,0.20638820638820637,0.201887640925983,0.5256510376930237,0.270723819732666,0.00025981280487030745,0.9999368190765381,0.02029368467628956,0.5063461065292358,-0.9997052550315857,0.9998100996017456
7494.797000000002,832798,166656,217,125.13034410843846,294,0.5276656349154649,0.5276656349154649,,19.166666666666668,76,50814,51266,50.64093780517578,48.658721923828125,1,900.0,-0.007310605074136137,37.09434867627693,2.3295456929640337,0.004679194443309684,0.046272537254315634,0.934824148631047,66,1.3151525048699548,0.4836958076536271,0.49088189005851746,0.174521020612004,0.1682924987308198,0.2364478343775538,0.2659108689718561,0.15563425043130846,0.15248873099660434,0.1409243621174975,0.11955313255574106,0.09161899573231636,0.0852855075136886,0.20085353672931988,0.20846926123129006,0.5230697989463806,0.27176228165626526,2.4992357793962583e-05,0.9999750852584839,0.01739327982068062,0.5106505751609802,-0.9997300505638123,0.99949049949646
7529.874999999996,836634,167424,218,109.40307446597798,295,0.517807018538181,0.5243174352048476,438.1000000000311,15.5,76,51074,51553,46.225685119628906,42.89494705200195,1,900.0,-0.009098552839159077,45.18751560113369,2.3605712163142667,0.004718076224058581,0.04695319813729908,0.8844752027510909,78,1.3586471013954868,0.47720946525505886,0.4776071012020111,0.19960411718131432,0.18394466265116483,0.21290577988915282,0.2642187631222977,0.16278701504354712,0.15414053069575756,0.1384006334125099,0.11201461390067859,0.09493269992082344,0.09044694841903642,0.19136975455265243,0.1952344812110649,0.5244590640068054,0.27210474014282227,0.00017546303570270538,0.9999502897262573,0.016307391226291656,0.5227919816970825,-0.9999207854270935,0.9994504451751709
7562.016,840471,168192,219,119.43968871595331,297,0.49478204794532976,0.5078028812786631,341.85000000003964,9.833333333333334,76,51246,51769,52.10258102416992,56.60525894165039,1,900.0,-0.01538639137870632,100.16170571645101,2.301512904961904,0.003728437531443411,0.041263999871443954,0.7808626145859001,60,1.3346582089577976,0.4816903762373579,0.49159175157546997,0.20224368962293549,0.1811177670488569,0.22478446037187078,0.263641039360197,0.16266749766282332,0.15373642764010284,0.12371455282019321,0.09905972103686121,0.09255219694608913,0.08884644336561845,0.1940376025760881,0.21359860154836358,0.5294643640518188,0.27421924471855164,0.0002536271349526942,0.9998727440834045,0.04768224433064461,0.5057612061500549,-0.9999827742576599,0.9991452693939209
7594.094000000001,844308,168960,220,119.6706484109338,299,0.5056273241696118,0.5186481575029451,526.8500000000513,16.833333333333332,76,51525,52016,50.46525955200195,45.89323043823242,1,900.0,-0.005847006720476643,57.402540264707625,2.364926764459321,0.0012893888771200977,0.006973330620288228,0.9072276255644316,66,1.3666572062268003,0.484086517028751,0.48169466853141785,0.2271766111979406,0.19899938925937136,0.20345683552450125,0.24859557792668485,0.150317183046796,0.1460884754814864,0.1447090190309828,0.11505836934195074,0.10232600900983727,0.11270518792755639,0.17201434218994208,0.17855300006295022,0.5180125832557678,0.2761329412460327,6.61276571918279e-05,0.999380350112915,0.049430444836616516,0.5181699395179749,-0.9999890327453613,0.9995697736740112
7631.234,848148,169728,221,103.43434343434343,299,0.54211360440845,0.54211360440845,,23.166666666666668,76,51903,52356,48.6673583984375,51.699256896972656,1,900.0,-0.008885425406818588,35.22418490515815,2.44834819899665,0.006420257489412763,0.08156973386907743,0.974984020343678,90,1.3944900856206082,0.468915769916377,0.47007378935813904,0.22978553350206474,0.21007429251421153,0.18968962301851605,0.23887892206591166,0.15678699880111896,0.1520731853085886,0.16711069668309578,0.1362329129874715,0.10023977620887171,0.0936803858226486,0.15638737178633275,0.16906030130116811,0.5207955837249756,0.2752111256122589,0.00013804188347421587,0.9999786615371704,0.027891427278518677,0.5285158753395081,-0.9998875856399536,0.998999834060669
7672.766,851988,170496,222,92.49445996723428,299,0.5158673904754383,0.5158673904754383,,17.666666666666668,76,52281,52767,52.19638442993164,50.36528778076172,1,900.0,-0.0066808675010357615,29.714963239781998,2.450359220598258,0.005245000377894373,0.04976567327713722,0.9757192470589658,102,1.3986251973424397,0.4649759399974424,0.45735684037208557,0.2148340616511161,0.19824333869147379,0.20455887563481753,0.2529348383574231,0.15052556985945434,0.14722885481439782,0.18383134522262903,0.15856407972977538,0.10464154954529349,0.09440742580330758,0.1416085980866895,0.14862146260362236,0.5124037265777588,0.27631300687789917,1.0787440260173753e-05,0.9996259212493896,0.013963088393211365,0.5202491283416748,-0.9999039769172668,0.9993420839309692
7708.077999999998,855828,171264,223,108.7911153922471,299,0.5111373286997809,0.5111373286997809,,20.333333333333332,76,52627,53097,53.96921157836914,52.467689514160156,1,900.0,-0.005641165122829584,30.768105528089734,2.4103926155302258,0.004502772930418296,0.042698914002782355,0.980737078623811,90,1.3554352369167468,0.4686426628022808,0.4709135591983795,0.22288803491174364,0.20907316631923448,0.22406044421285742,0.2557410731284559,0.14296880088582037,0.14033797865207231,0.16309516055494042,0.1477910669144307,0.09392301178922687,0.09199547276979561,0.15306454764541133,0.155061242216011,0.5218833088874817,0.27568238973617554,7.04204139765352e-05,0.9999189972877502,0.010624337941408157,0.5174012184143066,-0.9993336796760559,0.9999468326568604
7743.016,859668,172032,224,109.95933795315696,299,0.4807437446348892,0.4807437446348892,,10.166666666666666,76,52895,53426,46.1773796081543,42.255165100097656,1,900.0,-0.006247018748977914,22.489335231291943,2.3578980396955442,0.0018523805275055582,0.009101946944914138,0.9773137057955102,78,1.3336984100462803,0.4649159615825282,0.46815750002861023,0.2104678826328311,0.20182605978384527,0.24567803330689927,0.2758807517712022,0.1464710547184774,0.14301653648907003,0.16740681998413956,0.14828476462382117,0.0943695479777954,0.09188939992291792,0.13560666137985725,0.13910248740914344,0.5284606218338013,0.2732216417789459,6.528648373205215e-05,0.9997037053108215,0.011910450644791126,0.5131426453590393,-0.9999909996986389,0.9995675086975098
7775.734,863502,172800,225,117.23695073845956,302,0.4826291664811244,0.5021604164811244,423.46666666669444,7.833333333333333,76,53080,53640,50.216094970703125,47.1583251953125,1,900.0,-0.008470024217213332,123.27265562834563,2.3828436975125915,0.0017318679209774159,0.008743811411679618,0.8617887320124786,54,1.371146196482079,0.47096333119648,0.47809702157974243,0.18716146133456263,0.1685336196418868,0.23614152356805349,0.27852730833704886,0.1545465022473205,0.15042523783590014,0.14440474818485652,0.12015137369449125,0.10406822634551112,0.10343975175095212,0.17367753831969573,0.17892270873972085,0.5216746926307678,0.27208811044692993,0.00018499157158657908,0.9999193549156189,0.029499022290110588,0.5131013989448547,-0.9997444152832031,0.9993131160736084
7802.641,867342,173568,226,142.7987058867106,302,0.5086876511303623,0.5086876511303623,,18.0,76,53349,53848,46.318016052246094,47.39793014526367,1,900.0,-0.00732234903795567,50.1536948521932,2.183144247531891,0.00589726937337843,0.0676424968172796,0.9724344916787417,60,1.2933197923037643,0.4731096824225961,0.47301551699638367,0.16332559611732433,0.13491870726862396,0.28360413589364847,0.35060155970738704,0.1539354294154885,0.1470113468484344,0.15288035450516987,0.1127120004781011,0.10097066891749314,0.09172628315255402,0.1452838151508757,0.16303010254489947,0.5283749103546143,0.2694360911846161,0.00043687582365237176,0.9997648000717163,0.012892443686723709,0.510249674320221,-0.9988372325897217,0.9978640079498291
7836.172000000002,871179,174336,227,114.48263515931575,304,0.48600281466189843,0.49902364799523174,462.85000000006784,14.0,76,53618,54151,51.21660614013672,53.87793731689453,1,900.0,-0.0018798254060153014,115.95852538866875,2.383138971451001,0.006292411713892163,0.06958187125527705,0.7386863854078709,78,1.32971386075663,0.4849931324934447,0.4900689125061035,0.18494128847984767,0.1728260058179993,0.2576166296413837,0.2774039947293908,0.1464614408124405,0.1482494236118962,0.1617740399873056,0.14301244948650885,0.09171691526499524,0.08416998416247051,0.15748968581402728,0.17433814219173438,0.5211861729621887,0.2704457640647888,2.418457142994157e-06,0.9999090433120728,0.01968999207019806,0.5156792402267456,-0.9997744560241699,0.9984557628631592
7861.327999999998,875019,175104,228,152.73855455234929,304,0.4976241238789137,0.4976241238789137,,8.166666666666666,76,53859,54427,46.528438568115234,46.36501693725586,1,900.0,-0.002441723315948338,36.00704178665624,2.311655499718406,0.0017733510471706565,0.01122702061195124,0.9474435463868222,66,1.328186295554802,0.49353336833276756,0.4898017346858978,0.181784455574105,0.15546140642845205,0.25431274346132443,0.31134352030576246,0.15488777592283434,0.15018034687281626,0.15869040994249675,0.1440113860361753,0.08848080133555926,0.08158442990401808,0.1618438137636802,0.15741891045277587,0.5210608243942261,0.2745341658592224,0.00011568802437977865,0.9999546408653259,-0.003125058487057686,0.5116944313049316,-0.9989328384399414,0.9990553855895996
7883.672000000002,878856,175872,229,171.8470082407636,306,0.4790197345808082,0.4920405679141415,602.8500000000686,8.166666666666666,76,54029,54607,48.386783599853516,52.46816635131836,2,1800.0,-0.009490671392995864,51.08290559053421,2.3041981160640717,0.007844200732440233,0.08168967385427095,0.9125790306260061,32,1.3095882960728236,0.4915446931567042,0.4883078932762146,0.17541087231352717,0.15522219754938565,0.28128950695322374,0.3115263386324725,0.143173198482933,0.1381745678501529,0.16055625790139064,0.14109244903456108,0.08628318584070796,0.08171491811548227,0.15328697850821746,0.17226952881794563,0.5224705934524536,0.2698960304260254,0.000621806422714144,0.9992339611053467,0.00712286913767457,0.5115706920623779,-0.9987465739250183,0.9999169111251831
7914.672000000002,882696,176640,230,123.93093432305722,306,0.4901851572255051,0.4901851572255051,,16.166666666666668,76,54314,54844,50.517478942871094,50.957942962646484,2,1800.0,-0.005618517294836541,28.182897567749023,2.1891459544499714,0.00852261268133416,0.11101334981503896,0.841784487961081,60,1.2695458594788895,0.512530002185926,0.5119166374206543,0.15119277885235333,0.14205443205505522,0.3269933376316355,0.36340112610539416,0.14968837309262842,0.14651901223966113,0.17289920481409843,0.14411394626453783,0.07758435418009886,0.07321154276688807,0.12164195142918548,0.1306999405684636,0.5108606815338135,0.2653287351131439,0.0001315614499617368,0.9996278285980225,-0.015721037983894348,0.4987935423851013,-0.9999005794525146,0.9979431629180908
7946.624999999996,886533,177408,231,120.13901935001076,307,0.48872392245073965,0.49523433911740633,222.69999999999163,11.5,76,54541,55104,60.6141242980957,64.13020324707031,2,1800.0,-0.004220996440077822,76.33374287287394,2.2535427729288737,0.006346380858701649,0.07757300583956142,0.6289340162923766,60,1.2956806394703049,0.47661920489519044,0.46468207240104675,0.16680178354276448,0.14983319421489744,0.3029995946493717,0.34493310805961,0.1709566274827726,0.16626831653418025,0.17308471828131333,0.1484640670648358,0.07286177543575192,0.06919967240592384,0.11329550060802594,0.12130164172055262,0.5164950489997864,0.2665828764438629,5.2014653192600235e-05,0.9999540448188782,-0.017125168815255165,0.5008722543716431,-0.9995628595352173,0.9999598264694214
7984.687000000002,890373,178176,232,100.97026110277746,308,0.5071735483787524,0.513683965045419,218.99999999999184,11.5,76,54790,55358,46.726226806640625,48.597469329833984,2,1800.0,0.00042868161461118495,105.2976842360063,2.316037315310854,0.0035986715488101726,0.04317421496538869,0.6760996059044508,66,1.266610126180413,0.5018699185009995,0.5035197734832764,0.15891953803569725,0.16133542108351737,0.31344850625178966,0.3057552552979198,0.16579173427507873,0.1629744072931078,0.17829531354395342,0.1698355067131473,0.0704400114536604,0.07881282733773204,0.11310489643982057,0.12128658227457569,0.5223248600959778,0.26686984300613403,0.00010805713827721775,0.9999414682388306,0.0015745991840958595,0.5009108781814575,-0.9986640214920044,0.9992891550064087
8021.999999999996,894209,178944,233,102.8500951819218,310,0.4857004144391886,0.49872124777252197,526.3000000000511,12.833333333333334,76,55008,55578,49.97223663330078,49.413082122802734,2,1800.0,-0.0062141722344138004,65.47718436629684,2.2295396350048207,0.00392268085148886,0.05049688843428157,0.9108710426931821,54,1.2456762271947255,0.4675814793277284,0.47058823704719543,0.13329479768786126,0.12592907011080914,0.3236994219653179,0.34563359675783745,0.17826589595375722,0.17412144950282815,0.17549132947976878,0.1527545626294389,0.0715606936416185,0.059159591586336005,0.1176878612716763,0.14240172941275037,0.5191067457199097,0.26402315497398376,0.0005056535010226071,0.9999040961265564,0.009763511829078197,0.49931448698043823,-0.999553918838501,0.9990482330322266
8051.499999999996,898046,179712,234,130.0677966101695,311,0.515960723450458,0.5224711401171246,562.7000000000594,11.5,76,55185,55768,48.90856170654297,43.43416213989258,2,1800.0,-0.02121410091597311,39.83100548496953,2.3936996239202992,0.016707159802808163,0.23071011117469795,0.9125929620279556,54,1.32699399509762,0.4672571840750527,0.4656096398830414,0.1373042811781452,0.12781618673012346,0.26716303514726814,0.2771019115515039,0.19905835979415307,0.2004218263589864,0.1667579108726596,0.1509742119620751,0.0884703821307347,0.08715349456892757,0.1412460308770393,0.15653236882838356,0.5141742825508118,0.27097657322883606,0.0006319449748843908,0.9997224807739258,-0.013601016253232956,0.5044175982475281,-0.9995522499084473,0.9991796016693115
8081.234,901885,180480,235,129.18096776364163,312,0.5147676650690878,0.5212780817357544,66.4000000000005,12.0,76,55422,56007,58.77705383300781,59.378761291503906,2,1800.0,0.011303196526848925,131.29914753253644,2.3726023802390466,0.01618923652087613,0.20630822364742366,0.17308325449163053,26,1.348917552665292,0.44120742736233287,0.4381956160068512,0.1606352261790183,0.1397202050664179,0.24003849855630413,0.2773308393297969,0.19268527430221366,0.18931534223976326,0.17921077959576515,0.1618438151099006,0.08652550529355149,0.08501815451006839,0.14090471607314725,0.14677164374405288,0.517240047454834,0.2711065113544464,7.579752127639949e-05,0.9996562004089355,-0.0116938017308712,0.5047088265419006,-0.9987743496894836,0.998239278793335
8116.734,905725,181248,236,108.2177882989394,312,0.5244195641464605,0.5244195641464605,,17.333333333333332,76,55744,56297,45.71842956542969,44.152435302734375,2,1800.0,-0.004765739068179988,28.51516953492776,2.3028768331576615,0.007317958726294081,0.09366612066141664,0.9150349832891813,78,1.3053891712641434,0.4560535365513393,0.45812246203422546,0.18071905822462617,0.16087487988091353,0.2609767737830099,0.30676546165006924,0.1734012090359529,0.17138520585946437,0.19193445752465796,0.17100703702587486,0.06609926821508114,0.0625113898220415,0.12686923321667196,0.12745602576163645,0.5063753128051758,0.2714715301990509,0.00040598446503281593,0.9997771978378296,-0.002411933382973075,0.5081759691238403,-0.9999563097953796,0.9990725517272949
9644.266,909565,182016,237,126.48221343873276,313,0.49508430583206225,0.5015947224987289,528.0000000000515,10.5,76,55943,56542,49.49799346923828,48.7420768737793,2,1800.0,-0.0062482544642989525,63.88706089655558,2.2694559494654336,0.003217782263857727,0.028362411376535116,0.7768266641640826,60,1.3403955444528781,0.4457465974476169,0.44987091422080994,0.15734597156398103,0.13215489710033373,0.2620326487625066,0.338031632633183,0.17935755660874145,0.1763224760430321,0.17935755660874145,0.15116956122600786,0.07856766719325961,0.06634413201408312,0.14333859926276987,0.1359773009833602,0.4989998936653137,0.26965469121932983,0.0002927685563918203,0.9999138712882996,-0.00026477655046619475,0.5084060430526733,-0.9999362230300903,0.9976614713668823
9682.109,913403,182784,238,112.1107670736563,315,0.5234882733567078,0.536509106690041,370.15000000001567,16.833333333333332,76,56177,56748,48.23703384399414,45.13008499145508,2,1800.0,-0.01819471393925293,160.61189155578614,2.41649949947993,0.00715000948059558,0.08395884030809005,0.44294814638115176,60,1.3678335050405483,0.44627811624797675,0.45360928773880005,0.1616211909978092,0.14554813481240114,0.23859788886675962,0.2644657210578585,0.18412666799442343,0.1885794715913894,0.20065723959370643,0.18137208221335102,0.07468631746664012,0.07252941763884503,0.1403106950806612,0.1475051726861549,0.49842146039009094,0.27175337076187134,4.0254170016851276e-05,0.9999530911445618,0.002191303763538599,0.5168768167495728,-0.9996127486228943,0.998755693435669
9724.234,917243,183552,239,91.19190671827006,316,0.5257470445938744,0.5322574612605412,277.4999999999946,19.166666666666668,76,56504,57066,44.41545867919922,39.42551803588867,2,1800.0,-0.012491608982155513,123.1236630545722,2.4754446771409775,0.00527301741512277,0.06356349763551003,0.3603866989604405,90,1.4025687432717815,0.43203797269877986,0.434798002243042,0.18914246196403872,0.17926051567580123,0.19578146611341632,0.23188111901797268,0.1793914246196404,0.17448627754889318,0.21542185338865838,0.18767777972770527,0.08499308437067774,0.08229945168257326,0.13526970954356846,0.14439485634705437,0.4950595796108246,0.2768951654434204,2.198627589677926e-05,0.99977046251297,-0.012021386995911598,0.5240357518196106,-0.9995693564414978,0.999985933303833
9759.516,921081,184320,240,108.83003459421667,317,0.5159949400967906,0.5225053567634572,505.8000000000465,18.0,76,56776,57350,56.28932571411133,53.25666809082031,2,1800.0,-0.011209481834577253,86.38427406702286,2.395622274814508,0.008422979996443243,0.1131960827878151,0.6907180513824465,78,1.349040085970003,0.41566838030834274,0.4172845184803009,0.17405446293494706,0.16900413425416097,0.24326777609682299,0.26278281592146985,0.16467473524962178,0.16387895222864482,0.20219364599092285,0.18614665965042934,0.07798789712556732,0.0761459950699292,0.137821482602118,0.14204144287536585,0.49445587396621704,0.27464988827705383,0.00010909256525337696,0.9998549818992615,0.0075935437344014645,0.5181341767311096,-0.9989044666290283,0.9992126226425171
9800.047000000002,924920,185088,241,94.7526902951844,318,0.49588016685205333,0.50239058351872,279.89999999999515,23.666666666666668,76,57141,57686,55.31794357299805,57.942813873291016,2,1800.0,-0.007959980250118261,104.63190695580016,2.374203605854765,0.009708239240936955,0.1278966963836091,0.5094800530747623,47,1.3345171236045534,0.40434749321619623,0.40078872442245483,0.18373879641485275,0.16857905937027823,0.24946649594536918,0.2878199982879417,0.15464504196898562,0.15099805358463295,0.22464077393654858,0.20234021463602353,0.08087921468203159,0.07827643569841122,0.10662967705221227,0.11198623842271242,0.4959297478199005,0.272246778011322,0.000249257282121107,0.9998431205749512,0.0053151571191847324,0.5156683325767517,-0.9998010993003845,0.9990414381027222
9843.312000000002,928760,185856,242,88.78612716763006,318,0.527945270822341,0.527945270822341,,18.333333333333332,76,57461,58038,48.26947021484375,49.987266540527344,2,1800.0,-0.013796483037670745,32.053917507330574,2.4365262016654015,0.013571156984027872,0.1858641658424555,0.9368520433295611,96,1.3879005374877944,0.40556233200588315,0.4056970775127411,0.1686554311723459,0.1562091040715906,0.21675482839217616,0.2469676799728253,0.158752614097675,0.15478422594178012,0.22099889285274943,0.19965151732820416,0.09669085988436463,0.09617894817402449,0.1381473736006889,0.14620852451157534,0.5045491456985474,0.2751004993915558,0.00019378303841222078,0.9998796582221985,-0.010356682352721691,0.5229060649871826,-0.9998886585235596,0.9995256662368774
9884.109,932597,186624,243,94.08793310609715,319,0.5257678114654591,0.5322782281321258,358.20000000001295,19.0,76,57776,58354,54.972984313964844,53.83927917480469,2,1800.0,-0.012804826546926051,99.24594170706612,2.367463001183101,0.011957762998174143,0.16158056188613132,0.6987991733306778,84,1.326293186529303,0.4007555544738181,0.3963436484336853,0.15253527028914654,0.13763884400823787,0.26267635144573265,0.29682552158565473,0.16419891046235507,0.15697968813873064,0.21176141919262467,0.188349398254939,0.09491549099036178,0.09276382246359538,0.1139125576197793,0.1274427255488424,0.511565089225769,0.2735547125339508,7.167295552790165e-05,0.999972403049469,-0.0077775330282747746,0.5164912939071655,-0.9998519420623779,0.9973406791687012
9918.469000000001,936437,187392,244,111.80992313066288,319,0.5017385410568532,0.5017385410568532,,13.833333333333334,76,58027,58636,53.26762008666992,54.49283218383789,2,1800.0,-0.0075039323449182585,24.616068742214104,2.3998049803269215,0.0050572368769816614,0.05780345775509396,0.9840836268609324,78,1.3548101623659699,0.40821338385121664,0.4027699828147888,0.14927013027782138,0.13976450311888036,0.2688745879767697,0.292685746943891,0.17728770993564588,0.1775916553674488,0.18709778684664888,0.17162721153184515,0.1065766755611364,0.10275131296321584,0.1108931094019777,0.11557957007471883,0.5147226452827454,0.27467629313468933,1.831482950365171e-05,0.9998778700828552,0.0024289507418870926,0.522156834602356,-0.999671459197998,0.9994733333587646
9945.405999999999,940277,188160,245,142.6342767996505,319,0.5190523128642456,0.5190523128642456,,14.666666666666666,76,58280,58884,48.422786712646484,42.92095184326172,2,1800.0,-0.002623625843423522,33.080989837646484,2.4036960668034024,0.00591638897312539,0.06669042479188647,0.981965938375578,72,1.3938632584100428,0.4098775366278217,0.4150017201900482,0.16097766540244415,0.14979046644584576,0.2360724820901812,0.27849275227690373,0.1775811209439528,0.16892048549211386,0.19039190897597977,0.17766940979127221,0.10880741677201854,0.10105803004606514,0.12616940581542352,0.1240688559477993,0.5129688382148743,0.27537333965301514,2.041350853687618e-05,0.999849796295166,-0.017545262351632118,0.5267835259437561,-0.9994631409645081,0.9990402460098267
9971.702999999998,944117,188928,246,146.1131615996603,319,0.49770063524635616,0.49770063524635616,,11.166666666666666,76,58499,59124,52.310455322265625,50.46885299682617,2,1800.0,-0.004399620442806433,22.373234208424886,2.32503156264623,0.003711429402894402,0.03514399034611415,0.9874017207444593,60,1.3462177136678255,0.3890136979982708,0.38866809010505676,0.1463317384370016,0.13821679891531236,0.27791068580542266,0.30780861426955675,0.16736443381180224,0.16257241987146534,0.18131977671451355,0.1696798278288116,0.10436602870813397,0.10037875528437261,0.122707336523126,0.12134358383048136,0.5081186294555664,0.2716517150402069,0.0002068469038931653,0.9998443126678467,0.010569988749921322,0.5197277069091797,-0.9992010593414307,0.9993026256561279
10000.780999999999,947954,189696,247,132.02807790242426,320,0.45519251493137675,0.46170293159804343,263.19999999999135,7.833333333333333,76,58702,59352,55.14154052734375,59.110565185546875,2,1800.0,-0.014201395668199742,90.23834188779195,2.2619749158620834,0.003565782648416093,0.04306117731903214,0.8414495790475852,48,1.2897435824672308,0.3786401936995063,0.3798409700393677,0.12860892388451445,0.12271040544980388,0.3387076615423072,0.3669266569667927,0.17497812773403323,0.1669023230518406,0.14660667416572928,0.12728718174083242,0.08661417322834646,0.07995771205615908,0.12448443944506937,0.1362157207345713,0.5156016945838928,0.2679658830165863,0.0002080195990856737,0.9996905326843262,0.01036693062633276,0.5087321996688843,-0.9999356865882874,0.9975472688674927
10030.969000000001,951787,190464,248,127.03831366830737,323,0.4686315598042623,0.4881628098042623,579.1000000000631,11.166666666666666,76,58873,59518,46.07808303833008,49.90510559082031,2,1800.0,-0.003242632590367326,159.78954732985724,2.349670347713289,0.0011666136414898562,0.005473172422387593,0.8616272748295982,42,1.3595106813583115,0.37573838821321,0.3790520131587982,0.1579021372328459,0.13772002348767268,0.27249718785151855,0.3047919638320451,0.1920697412823397,0.18916076543364427,0.171962879640045,0.156142501184703,0.08619235095613048,0.08345048976687178,0.11937570303712036,0.1287342562950632,0.5146347284317017,0.27318066358566284,3.884704347001389e-05,0.9996526837348938,-0.004642666783183813,0.5275096893310547,-0.99941086769104,0.9982860088348389
10057.109,955627,191232,249,146.98564593301435,323,0.5230756349179885,0.5230756349179885,,17.333333333333332,76,59142,59750,50.21628189086914,46.58232116699219,2,1800.0,-0.006772752602895101,42.82689603169759,2.28562859694163,0.0014759407848646397,0.00759608200120662,0.985518307198489,60,1.3780598386594287,0.3736908061361124,0.3726745843887329,0.16020186028102118,0.13617640014274873,0.2555907381753414,0.33154538532377914,0.1856322976449634,0.17154053523658333,0.19028300019790223,0.1609811598617105,0.09667524243023946,0.08754527146381443,0.11161686127053236,0.11221124797136386,0.5090036392211914,0.27509236335754395,0.0005523471045307815,0.9999790191650391,-0.017825454473495483,0.5219247937202454,-0.9999327659606934,0.9995317459106445
10084.952999999998,959467,192000,250,137.99051315221413,323,0.5315399743673268,0.5315399743673268,,10.666666666666666,76,59363,60011,46.26689910888672,44.57530975341797,2,1800.0,-0.009016477949141214,35.25271752145555,2.3475535346402063,0.006259591397367458,0.07865539993832095,0.9940857357176623,72,1.3892091564492783,0.4026892532331674,0.3996751308441162,0.17284779325390165,0.1557900646655434,0.2513844604799463,0.3010068637191875,0.16101694915254236,0.15836674507727969,0.18904178553448564,0.16407254960677822,0.103708675952341,0.0982385548182999,0.12200033562678302,0.12252522211291128,0.5077459812164307,0.27313676476478577,5.318904368323274e-05,0.9998382925987244,-0.0071741314604878426,0.5264285206794739,-0.9996170997619629,0.9996447563171387
10109.766,963304,192768,251,154.73646005566025,324,0.5127103625013604,0.5192207791680271,609.20000000007,13.5,76,59586,60222,50.35469436645508,49.732078552246094,2,1800.0,-0.01302073983889487,88.12007875795717,2.3496799954661616,0.009394020234686244,0.13549862016979777,0.951019730415396,54,1.3706585722377673,0.3882059140039811,0.39554059505462646,0.16991170477699796,0.1628173327853488,0.2596785148290695,0.29473528371005686,0.17104369481548562,0.16083067866013198,0.18428797826579127,0.17432793305144828,0.10584106859859634,0.1004175325292018,0.10923703871405932,0.10687123926381226,0.5187026858329773,0.27167025208473206,0.00016592910105828196,0.9998670816421509,0.003668193705379963,0.5254254341125488,-0.9996770024299622,0.9976465702056885
10147.109,967143,193536,252,102.84504929275242,325,0.5312442803169392,0.5377546969836059,1176.900000000025,18.666666666666668,76,59869,60479,46.960506439208984,51.15812683105469,2,1800.0,-0.011228487612154312,31.489745768105113,2.444975748294737,0.010032688452893793,0.12931745864803018,0.9866237480097695,41,1.3872318937145858,0.39254364028306266,0.38842710852622986,0.18866744822196171,0.16700436259350276,0.23501367721766314,0.25874644718287193,0.16279796795623291,0.16854652922815494,0.18366549433372412,0.16696812525729404,0.1299726455646737,0.12277507005898597,0.09988276670574443,0.1159594656791904,0.5061652064323425,0.27396804094314575,0.00025718938559293747,0.9993939995765686,0.0016030006809160113,0.5308634042739868,-0.9998583197593689,0.999954342842102
10178.391,970983,194304,253,122.81711763575768,325,0.5155137902452048,0.5155137902452048,,13.666666666666666,76,60108,60748,54.46741485595703,54.27494430541992,2,1800.0,-0.009550376687091593,27.3549950169582,2.310527203129787,0.01396264788221186,0.1785707351130744,0.726343835929663,51,1.3364369665740157,0.3885119329492385,0.38907620310783386,0.18516070395769643,0.17121045481272887,0.2734032884408824,0.3096780984369301,0.15962984384037016,0.1563982777287816,0.15293728827563413,0.1355209841936224,0.12773692472940593,0.11805921545137951,0.1011319507560109,0.10913296937655753,0.5155801177024841,0.2708582580089569,6.738158845109865e-05,0.9999399185180664,0.013718555681407452,0.5234293937683105,-0.9993458390235901,0.9997972249984741
10213.905999999999,974822,195072,254,108.14084507042253,328,0.48657414959425394,0.5061053995942539,192.30000000000416,13.333333333333334,76,60319,60976,54.08192825317383,56.388526916503906,2,1800.0,-0.01450745668050579,346.19488835768266,2.4073503125797617,0.009752013645253424,0.11545883559791202,0.24278361568948748,55,1.319120765371958,0.3950868693005991,0.401195228099823,0.17793386011120865,0.17729210131878426,0.3148961076968101,0.32224991795707963,0.16183786947614867,0.15982311160086932,0.13384060091698372,0.1226716614783696,0.11140376548629402,0.1075043892174644,0.10008779631255488,0.11045881842743277,0.5103197693824768,0.26969999074935913,0.0003120791516266763,0.9997159242630005,0.034618355333805084,0.5213862657546997,-0.9996381998062134,0.9987932443618774
10245.030999999999,978662,195840,255,123.4369475071652,328,0.5058342241788554,0.5058342241788554,,16.333333333333332,76,60556,61195,52.57857894897461,57.14424133300781,2,1800.0,-0.009794919959191854,26.204585202534993,2.1227815488974255,0.009564685047465203,0.12338632250515123,0.9223366239895188,60,1.2499787677443939,0.4242531668739668,0.42441505193710327,0.16678255686897786,0.14066444850807835,0.3604847521605245,0.4192723472627486,0.15178305354127347,0.14367390559607834,0.1363862123770736,0.1167463592527685,0.09506307738154365,0.0882796949817396,0.08950034767060694,0.09136324439858662,0.5153532028198242,0.2635992765426636,2.3422712729370687e-06,0.9996334910392761,0.015136745758354664,0.5142483115196228,-0.99991774559021,0.9994257688522339
10285.797000000002,982497,196608,256,94.11042944785277,330,0.484253516245206,0.4972743495785394,437.5000000000309,12.666666666666666,76,60777,61448,46.150474548339844,43.439186096191406,2,1800.0,0.00046259122477336365,137.9309733997692,2.2835612297058105,0.011818753644141415,0.13386525700546123,0.7054670298449539,11,1.3296194624136315,0.4374738014128974,0.4426572620868683,0.177386278896346,0.1379448550882681,0.29567486950037286,0.37441300755902374,0.14382923191648023,0.13071824900169393,0.17300521998508575,0.13833712355237715,0.10393363161819538,0.09704826372944321,0.10617076808351976,0.12153850106919388,0.5120952129364014,0.26882773637771606,1.824096943892073e-05,0.9999798536300659,0.007986055687069893,0.5232930779457092,-0.9997835159301758,0.9995718002319336
10309.859,986337,197376,257,159.68727907848023,331,0.4929757940289509,0.49948621069561755,174.99999999999434,8.666666666666666,76,60914,61614,56.51301574707031,60.62818145751953,2,1800.0,-0.004056115734523961,146.70130747840517,2.291751339322045,0.0033833200906205393,0.03148039127700031,0.6714090516102936,42,1.320240924422431,0.4414497515684624,0.4425014853477478,0.1539578794480755,0.13366828082988258,0.3182280319535222,0.35541435467741533,0.14074074074074075,0.13302701076219778,0.16499636891793754,0.14805851394213226,0.09876543209876543,0.09402898512509368,0.1233115468409586,0.13580285466327838,0.5087496042251587,0.2675611972808838,9.243946260539815e-05,0.9997519850730896,0.010868541896343231,0.518787145614624,-0.9996676445007324,0.9977574348449707
10342.016,990173,198144,258,119.34911794902496,332,0.5119848120380458,0.5184952287047125,625.6000000000737,10.0,76,61170,61867,51.63810729980469,48.08509063720703,2,1800.0,-0.006590361228072137,83.28287678844524,2.3128211228352673,0.011118554724277174,0.11923705441613663,0.8910980551329469,53,1.3850686623274915,0.44476388535409606,0.43887579441070557,0.19305981595092025,0.15597218899409662,0.24539877300613497,0.3281916381484276,0.14637653374233128,0.14141140599153976,0.18989647239263804,0.15387919394895216,0.10592407975460123,0.09685153702677658,0.11934432515337423,0.12369403589020726,0.5110389590263367,0.27097856998443604,0.00027626962400972843,0.9998241066932678,0.0008472431800328195,0.5320631265640259,-0.9997451305389404,0.9969661235809326
10368.359,994013,198912,259,145.85232452141463,332,0.525116521566151,0.525116521566151,,17.0,76,61430,62085,52.06937026977539,52.01552200317383,2,1800.0,-0.008855933067388832,31.712965488433838,2.346946918964386,0.007693285422340792,0.086740130931139,0.9908998172729278,60,1.3726683040487617,0.440030223183518,0.44037166237831116,0.19743385717127512,0.1841408716025945,0.2727272727272727,0.30718126975984683,0.13427491545653472,0.1324294685107769,0.1621245275512234,0.14599092665362906,0.10393873085339168,0.09799554054970397,0.12950069624030236,0.13226192292344874,0.5044562816619873,0.27166035771369934,8.107562462100759e-05,0.999932587146759,-0.015377397648990154,0.5215836763381958,-0.9999752640724182,0.9992705583572388
10412.327999999998,997850,199680,260,87.29779537232687,334,0.4952834961387647,0.508304329472098,413.8500000000564,12.833333333333334,76,61725,62415,56.098548889160156,57.45623016357422,2,1800.0,0.004143247141369752,159.4747591291155,2.4957811287471228,0.009987448237955774,0.13536614130384156,0.6970076695614439,35,1.4042073041034366,0.4383718074546747,0.4394584596157074,0.19340920925388677,0.18607683662655355,0.26831808376106525,0.27574630499920827,0.13226214386669644,0.13506937025644747,0.17964740013389868,0.17132289983442628,0.10458974931190955,0.10503350732156931,0.12177341367254334,0.12675108096179513,0.5057375431060791,0.2705855071544647,0.00014404668763745576,0.9999173879623413,-0.019584957510232925,0.5260664820671082,-0.9998111128807068,0.99983811378479
10442.687000000002,1001690,200448,261,126.55307649210376,334,0.5317064055191114,0.5317064055191114,,15.5,76,61989,62663,48.185089111328125,45.37221908569336,2,1800.0,-0.00836460682290231,28.40670331319173,2.3750570433007345,0.007255162530366143,0.09310582569095358,0.8220656818671018,72,1.3795541470777903,0.4509165680919251,0.44834786653518677,0.2023936170212766,0.18653144767970725,0.2527482269503546,0.2896876766087755,0.14973404255319148,0.1508697680616028,0.17367021276595745,0.15910061492334343,0.11187943262411347,0.10502894445613987,0.10957446808510639,0.10878154827043117,0.5060160160064697,0.2721022069454193,2.7403100830269977e-05,0.9999872446060181,-0.0012816361850127578,0.5343917012214661,-0.9995323419570923,0.9997683763504028
10468.812000000002,1005530,201216,262,147.07572101571907,334,0.5004084413571027,0.5004084413571027,,9.666666666666666,76,62188,62897,46.840476989746094,50.95927810668945,2,1800.0,-0.003345519882040443,23.362642535456903,2.341010742717319,0.002416702748638166,0.016069777362712624,0.919155659286665,54,1.3686890904246185,0.47087743497765183,0.4813883900642395,0.1878653261631985,0.164482560828194,0.265372924947393,0.3025029961711237,0.15419686696282442,0.1536708485570306,0.16214636427402385,0.14521631790598333,0.11292962356792144,0.11986634489606862,0.11748889408463876,0.11426093164159976,0.4980360269546509,0.2689029276371002,0.000582322827540338,0.9999706149101257,0.006408970803022385,0.5341767072677612,-0.999943196773529,0.9993622303009033
10498.234,1009368,201984,263,130.51758144595152,336,0.49597351165363873,0.508994344986972,510.6500000000476,9.0,76,62364,63087,40.11061477661133,37.19807434082031,2,1800.0,0.0006570352561539039,154.15799593925476,2.3818717102209725,0.0003187431741286893,8.505097866873257e-05,0.6645532919832873,48,1.3776132545260094,0.49522931523364594,0.4956449568271637,0.19030908354703738,0.16282295331032964,0.24159805641787016,0.26562735863387826,0.15211229585639088,0.16145821162513327,0.17438250776083142,0.1666952105171369,0.11634498582804698,0.11175117113066689,0.12525307058982318,0.13164509478285505,0.4993434250354767,0.267226904630661,3.2933749025687575e-05,0.9991217851638794,-0.006864768452942371,0.5260827541351318,-0.9996376633644104,0.9987690448760986
10527.672000000002,1013207,202752,264,130.48059275369536,338,0.5076273836854671,0.5206482170188005,253.95000000002,12.0,76,62554,63269,55.21189880371094,51.062767028808594,2,1800.0,-0.011132675397675484,202.79404600461325,2.4490393151839576,0.0043477036679373665,0.05758559712315522,0.5283895495547362,48,1.3912091090847571,0.5074523548464063,0.5038301348686218,0.17664788363255143,0.16835791331213165,0.23561787445944174,0.2394274984271109,0.17219237321451972,0.18515308702017025,0.1614467304416197,0.14613132367574286,0.11925042589437819,0.11871668562183268,0.13484471235748918,0.1422134919430117,0.5033133625984192,0.2725240886211395,0.00020310538820922375,0.9995555281639099,-0.011264755390584469,0.5334088206291199,-0.9992177486419678,0.9991384744644165
10555.719000000001,1017047,203520,265,136.9863013698667,338,0.5297811793088664,0.5297811793088664,,11.666666666666666,76,62836,63553,44.7683219909668,46.787841796875,2,1800.0,0.0017756308912390119,26.729825735092163,2.449837605158488,0.0028853208980521325,0.025188080248578142,0.9400647465137905,72,1.3884555750192251,0.5163653094889032,0.5266119241714478,0.18310104529616725,0.16862002897081133,0.21698606271777005,0.24798216167209527,0.1720383275261324,0.17091261771698552,0.20792682926829267,0.1944632250005247,0.09965156794425087,0.09345673963894659,0.12029616724738676,0.12456522700063659,0.5037262439727783,0.27441030740737915,6.274631596170366e-05,0.9999220371246338,0.011165865696966648,0.5330273509025574,-0.9999275207519531,0.9998666048049927
10591.077999999998,1020887,204288,266,121.30401819562034,338,0.508460187862073,0.508460187862073,,12.0,76,63118,63833,52.69694519042969,48.36214828491211,2,1800.0,-0.006183932594439918,33.89948636835272,2.436634002309857,0.0012104071647439643,0.004231228528872386,0.9332459206977259,66,1.3829709718553282,0.5333476254165049,0.5270630121231079,0.17649880095923262,0.16691804064512766,0.232326139088729,0.24687017157912705,0.17304556354916067,0.17424019593231066,0.19059952038369304,0.17864698492888254,0.09016786570743406,0.0879771983477899,0.1373621103117506,0.1453474085667622,0.49425581097602844,0.26914986968040466,3.589883272070438e-05,0.9998591542243958,0.0020073866471648216,0.5302573442459106,-0.9999842643737793,0.9999817609786987
10616.016,1024727,205056,267,154.08073188348473,338,0.504596863347317,0.504596863347317,,6.833333333333333,76,63307,64053,55.75102233886719,61.330284118652344,2,1800.0,0.007429964526737522,29.77609387150517,2.3947280954431602,0.002897594300857176,0.02906119409911938,0.9583093473149739,54,1.365554062117779,0.5423100151865006,0.539935290813446,0.16567400024310197,0.15280048711555225,0.2511243466634253,0.2611956251721671,0.15825938981402699,0.16214496685523652,0.1927798711559499,0.18783474041001277,0.08484259146712046,0.08582667171399166,0.14731980065637534,0.1501975087330397,0.49742355942726135,0.26690673828125,5.815633267047815e-05,0.9997926950454712,0.0188571959733963,0.528937816619873,-0.9993419647216797,0.9996037483215332
10639.594000000001,1028564,205824,268,162.84004583455788,339,0.5063136046331692,0.512824021299836,668.2000000000834,15.0,76,63517,64219,48.67484664916992,48.218788146972656,2,1800.0,-0.006102142523256286,47.476446549097695,2.493674248456955,0.005822130072308507,0.05313323947969669,0.935136328473853,48,1.4021022108483765,0.5391342420444167,0.5371443033218384,0.14792528519493545,0.14241970132687107,0.22000752162467094,0.23758991502106047,0.18114579415820484,0.17661522428925486,0.20458819104926665,0.18881571335474276,0.10668170991600852,0.10625855707910997,0.13965149805691363,0.14830088892896087,0.5020765662193298,0.26814356446266174,0.00018560394528321922,0.9999013543128967,-0.005008597392588854,0.5344969034194946,-0.9999505281448364,0.9997308254241943
10665.827999999998,1032404,206592,269,146.4586750066895,339,0.503546147704502,0.503546147704502,,7.5,76,63733,64480,39.70208740234375,40.104087829589844,2,1800.0,-0.004661051090806723,22.89971501899488,2.5514405965805054,0.0014272554442165172,0.007861277215521444,0.9812534520599039,66,1.4189143998439073,0.541869770532676,0.5479827523231506,0.14969313387034905,0.14028804445879073,0.18037974683544303,0.19159709379109147,0.1713655542769467,0.16997907311871985,0.2483697736862294,0.2322823235974936,0.09944380514000767,0.09751720102028145,0.15074798619102417,0.1683362640136229,0.4952751398086548,0.2749088704586029,4.1286566556664184e-05,0.9996045827865601,-0.0013943659141659737,0.5392284989356995,-0.999619722366333,0.9988173246383667
10692.952999999998,1036240,207360,270,141.5028219410698,340,0.5028488184776364,0.509359235144303,388.10000000001975,9.0,76,63923,64666,56.23249053955078,54.56031036376953,2,1800.0,-0.0059823857494241866,111.78065967559814,2.4168447951475778,0.0004626991265152241,0.0009845644599408843,0.8605894727570597,48,1.3548018190610085,0.5370953161984879,0.5380794405937195,0.1352514116698037,0.12549327036553776,0.2251949448776553,0.2503781499098368,0.1650981446625437,0.16088118220354514,0.2301694003764453,0.21318637285183661,0.08779241731648292,0.08402598159713694,0.1564936810970691,0.16603504307210673,0.5058900713920593,0.2720724642276764,0.00028516072779893875,0.9996228814125061,-0.007556283380836248,0.5358679294586182,-0.9995443224906921,0.999703049659729
10729.312000000002,1040075,208128,271,105.52238395289108,343,0.4750011697745416,0.4945324197745416,677.5000000000855,17.5,76,64204,64911,49.313907623291016,45.15462112426758,2,1800.0,-0.00428593932883814,125.25724236170451,2.381296904881795,0.0015244198230632158,0.010940342869920036,0.8856061358002879,60,1.3834117512036395,0.5292153667750678,0.5286617279052734,0.1418279569892473,0.12267088074800726,0.2167741935483871,0.2838023644938571,0.15397849462365593,0.14971888203055267,0.2364516129032258,0.19413498050645964,0.09774193548387097,0.08910239054453614,0.1532258064516129,0.1605705016765872,0.5008969902992249,0.272144079208374,8.743012585910037e-05,0.9999500513076782,0.006095917429775,0.5331632494926453,-0.9992848038673401,0.9999042749404907
10764.234,1043914,208896,272,109.98109207585244,345,0.5198252296888835,0.5328460630222168,287.45000000002545,16.833333333333332,76,64426,65147,46.072410583496094,42.52382278442383,2,1800.0,-0.015862149881396555,224.31317433443937,2.6138612284804834,0.007336199734378768,0.09639383448908727,0.5147280284225304,66,1.4543046276978773,0.5164502693455719,0.5137125253677368,0.17667748917748918,0.15327681937311047,0.1672077922077922,0.1900603545223373,0.15196608946608947,0.15768537352315684,0.23575036075036074,0.22243034982685678,0.10497835497835498,0.10317492774373013,0.1634199134199134,0.17337217501080848,0.4989190697669983,0.2775171399116516,5.6195958677562885e-06,0.999845564365387,0.011522786691784859,0.541956901550293,-0.9999421238899231,0.9989131689071655
10796.984,1047754,209664,273,117.30921977147702,345,0.5459331340377664,0.5459331340377664,,21.666666666666668,76,64701,65393,49.40544891357422,46.93145751953125,2,1800.0,-0.01329265277029033,33.408188697619316,2.4529253030434632,0.01060528919184844,0.1438584232595391,0.6131119362706526,78,1.4219488311809918,0.5215424302525666,0.5194897055625916,0.1743486973947896,0.15324391124556738,0.19192230615076306,0.2572152931296128,0.14529058116232466,0.14008586256615477,0.20695236627100355,0.17943711204349014,0.10582703869277016,0.09654564803366701,0.17565901032834902,0.17347217298150788,0.49372541904449463,0.2754844129085541,2.526072785258293e-05,0.9999306201934814,0.0044518462382256985,0.5402525663375854,-0.9999714493751526,0.9994528293609619
10827.437000000002,1051594,210432,274,126.16223675130021,345,0.5341158731862282,0.5341158731862282,,14.166666666666666,76,64929,65666,49.283058166503906,52.38679885864258,2,1800.0,-0.010693426990959173,27.04311517568735,2.5308646116501246,0.010098832293705885,0.13690392465408271,0.9136712823546747,78,1.4316746996124263,0.5185859448261216,0.5099766254425049,0.17881758309082554,0.15984321422281725,0.19183642211671006,0.22166034004205146,0.1465002297442181,0.14936934248442765,0.1811916066778986,0.17694153415905858,0.10223617705621076,0.09349850137756742,0.19941798131413693,0.19868706771407765,0.4992809593677521,0.2759478986263275,5.275873263599351e-05,0.999853789806366,0.0009297367068938911,0.5387665033340454,-0.9996224641799927,0.9996323585510254
10857.030999999999,1055434,211200,275,129.82622219216398,345,0.5148245342691337,0.5148245342691337,,9.833333333333334,76,65133,65896,57.594242095947266,55.059783935546875,2,1800.0,-0.008922306678141468,25.08539279301961,2.4256443699200947,0.007330316515943425,0.08825114419839035,0.9373938338343434,60,1.401546228818304,0.5160163554624003,0.5158995985984802,0.1527819249527222,0.1434833580603393,0.22066288444311735,0.25419103298259016,0.14511794565541952,0.13958059877941636,0.18224345575793768,0.17012236085358107,0.1078929033542351,0.10712316569841082,0.19130088583656812,0.1854994836256623,0.49807408452033997,0.27277424931526184,0.0005016671493649483,0.9998162984848022,0.0003983429342042655,0.5349146127700806,-0.999095618724823,0.9983289241790771
10887.952999999998,1059271,211968,276,124.15065035917203,346,0.4921641973101039,0.4986746139767706,243.69999999999044,10.833333333333334,76,65349,66111,50.065696716308594,42.287906646728516,2,1800.0,-0.0021931620431132615,173.57047338485717,2.4829546650250753,0.004198690104011069,0.045113365805203406,0.3925394361742376,60,1.4211819609334646,0.5187339556993112,0.5132079720497131,0.15330578512396695,0.14186692339780826,0.19369834710743802,0.2363541465419347,0.13894628099173553,0.1338312896348512,0.20278925619834712,0.1842073413122508,0.10929752066115703,0.10025825759511008,0.20196280991735538,0.20348204151804497,0.4973379671573639,0.27528131008148193,3.3586042263777927e-05,0.9998427033424377,0.017280403524637222,0.5402795672416687,-0.9980886578559875,0.9995672702789307
10918.374999999996,1063104,212736,277,126.06064592516542,348,0.48980067105905345,0.5028215043923868,514.9000000000485,11.333333333333334,76,65553,66322,39.059181213378906,36.16358184814453,2,1800.0,-0.009997874646581261,159.40805413987903,2.5358226652498597,0.003597843729568101,0.0328274239695424,0.7338920267612916,54,1.427510944161292,0.4970456875714079,0.4881484806537628,0.14943156974202013,0.14165280771626412,0.19818539571491037,0.2436426116076321,0.15926978574551814,0.15207321445254415,0.1888937472671622,0.17372947773938563,0.09619588981198077,0.09080352381596953,0.20802361171840839,0.1980983646682045,0.500247597694397,0.2760782241821289,0.00014010019367560744,0.9998201131820679,0.021374624222517014,0.54506915807724,-0.9999038577079773,0.9999790191650391
10949.719000000001,1066940,213504,278,122.446373850863,349,0.5196616322145061,0.5261720488811727,26.600000000000108,14.0,76,65797,66555,55.60091018676758,50.274681091308594,2,1800.0,0.0008132817294810795,164.46789251433478,2.558537873956892,0.004232936355456509,0.04733693453777556,0.346526418458483,72,1.4498592537171684,0.48876661699631313,0.48094290494918823,0.13290915517850832,0.12279504279042201,0.19388476493460588,0.23125153903738366,0.15986214209968186,0.15591446244116497,0.18911276069282432,0.17273341822901683,0.1052492046659597,0.0949684737458894,0.21898197242841994,0.2223370637561231,0.49625399708747864,0.2758610248565674,0.00014782648941036314,0.9999059438705444,0.02975020557641983,0.5452055335044861,-0.9998112916946411,0.9997904300689697
10985.641,1070776,214272,279,106.83153702620884,351,0.5048914527769541,0.5179122861102875,458.05000000003565,15.833333333333334,76,66071,66828,54.596092224121094,57.2572135925293,2,1800.0,-0.00936706433276413,127.73913908004761,2.607922719584571,0.007770301926988499,0.09975093729897505,0.6377584916224278,72,1.4370698645795008,0.5118629868397239,0.5106632113456726,0.1226391954868776,0.1154743254702544,0.1719401520726024,0.18382042230706302,0.1594309541329409,0.16365737231673322,0.18101545253863136,0.17177882815536374,0.12288447387785136,0.1237607968355888,0.2420897718910964,0.24150825491499683,0.49539926648139954,0.27855440974235535,6.932405813131481e-05,0.999928891658783,0.01741429977118969,0.5465165972709656,-0.9998867511749268,0.9999293088912964
11025.297000000002,1074616,215040,280,96.86940289093828,352,0.5235016631308088,0.5300120797974754,58.50000000000056,17.833333333333332,76,66357,67107,49.60683822631836,50.883934020996094,2,1800.0,-0.010436188878624566,149.8417736916315,2.531376049632118,0.009001594118427029,0.1308684628456831,0.5332043604969321,84,1.4077791824369046,0.4907779184650407,0.4855998158454895,0.12334443211246762,0.12059054042260073,0.19570847206807251,0.19964632080758746,0.15723270440251572,0.15767590706270454,0.16773954864964855,0.15381952642099256,0.12075471698113208,0.11743087369554199,0.23522012578616353,0.25083683159057274,0.4800325334072113,0.2750139832496643,2.3628549570275936e-06,0.9999384880065918,0.020689643919467926,0.5392230153083801,-0.999891996383667,0.9996002912521362
11054.344000000001,1078454,215808,281,132.1989528795846,353,0.4656059994097377,0.47211641607640437,347.8000000000106,7.833333333333333,76,66560,67375,65.29525756835938,61.47014236450195,2,1800.0,-0.00547371468996129,158.90326309204102,2.378077498188725,0.004111108662900988,0.035257062646215434,0.7204112568633431,54,1.3711905587293534,0.5000532020664139,0.49994271993637085,0.12239641657334827,0.11360179753311556,0.22721164613661815,0.2647388303760201,0.14669652855543114,0.1364643561221684,0.16898096304591265,0.1607512543091764,0.1057110862262038,0.1028189214238392,0.229003359462486,0.22162484023568038,0.4843311607837677,0.2694782018661499,0.0002919401740655303,0.9995825886726379,0.039790332317352295,0.532173216342926,-0.9997649788856506,0.9997038841247559
11085.547000000002,1082293,216576,282,123.0922149544621,354,0.4988435699007008,0.5053539865673674,207.3999999999925,14.333333333333334,76,66812,67593,44.55294418334961,38.867469787597656,2,1800.0,-0.012460181531919674,147.4278403195468,2.425960219267643,0.004833750228172552,0.06078104806224336,0.8365733111218514,66,1.3863674493730402,0.5178383435208374,0.527894914150238,0.12645076750280793,0.12249494760556365,0.18541744664919504,0.21742328580321757,0.14853987270685137,0.1509331275333158,0.17877199550730064,0.16272229742671007,0.12364283040059902,0.11513802010568541,0.237177087233246,0.2312883215255075,0.49094486236572266,0.2736522853374481,6.17302066530101e-05,0.9999810457229614,0.03737430274486542,0.5379331111907959,-0.9993292689323425,0.9995646476745605
11117.062000000002,1086131,217344,283,121.84126984126983,355,0.4929643480802865,0.4994747647469531,369.8000000000156,13.0,76,67057,67851,46.80254364013672,48.557373046875,2,1800.0,-0.006441170201065284,149.41571474075317,2.4500180151727466,0.0031636465192122717,0.024694855756630812,0.8115690969819066,72,1.373008688875019,0.5766640509569132,0.5798969268798828,0.1336870487953379,0.12851725165192324,0.20544489866921806,0.23069949893842848,0.13925371836131165,0.14016094526635042,0.16073758371749153,0.15053066089115205,0.10759328520483605,0.1015307760561903,0.25328346525180484,0.2485608671959555,0.4845149517059326,0.2727397382259369,2.608919567137491e-05,0.9999223947525024,0.012675878591835499,0.5359730124473572,-0.9995575547218323,0.9993857145309448
11146.577999999998,1089969,218112,284,130.10169491525423,356,0.49851673494432003,0.5050271516109867,903.3000000001368,17.5,76,67316,68088,55.20344543457031,53.66659164428711,2,1800.0,-0.008817259947219018,29.972924897165008,2.412863511027712,0.0033046635626588156,0.03720808589379444,0.9882830443986339,66,1.3825445956871159,0.587977724037997,0.585568368434906,0.14837928464977646,0.13806544662993472,0.2092026825633383,0.24469464862794324,0.1478204172876304,0.15240211969950293,0.18321535022354696,0.16519943881878385,0.11102831594634874,0.10558223229295745,0.20035394932935915,0.19405611393087782,0.4921717047691345,0.27286672592163086,8.648043149150908e-05,0.9998193383216858,-0.0034965192899107933,0.5353406667709351,-0.9992554783821106,0.9996747970581055
11183.702999999998,1093809,218880,285,103.47894041877542,356,0.5243938564296075,0.5243938564296075,,20.833333333333332,76,67686,68438,53.695743560791016,53.22782897949219,2,1800.0,-0.006527423502282343,28.980672052171496,2.5143186330795286,0.0046178484076349535,0.049734123260714115,0.9459883335917489,90,1.4177585734799856,0.5785546642453021,0.576339066028595,0.13696325212007,0.13098649065214593,0.1690671692017768,0.20351987891117262,0.15217391304347827,0.1523989638524821,0.22068919100821108,0.20147384675725294,0.09839816933638444,0.09401605342149214,0.22270830529007943,0.21760476640545423,0.48597949743270874,0.2748796045780182,0.00014157533587422222,0.9999069571495056,0.0017093988135457039,0.5488760471343994,-0.9998877644538879,0.9997926950454712
11215.859,1097649,219648,286,119.47728686994616,357,0.4855122774610579,0.4920226941277246,293.99999999999835,12.166666666666666,76,67916,68725,50.025386810302734,48.408939361572266,2,1800.0,-0.001695243176072836,180.11955507596335,2.448786030213038,0.005551180566635863,0.058425277838574,0.5408963235067712,72,1.4193384108790694,0.5790792352415236,0.5798259377479553,0.1320048729550992,0.12647370507273126,0.17420814479638008,0.21844852472847917,0.16916115558649494,0.16266703438542163,0.18865297598329273,0.173880901035978,0.10903237034458754,0.10317452269221546,0.2269404803341455,0.2153553120851745,0.49267077445983887,0.2734276354312897,0.0003305009158793837,0.9995373487472534,0.021490169689059258,0.5467617511749268,-0.9999976754188538,0.9997826814651489
11245.655999999999,1101486,220416,287,128.84053591214717,358,0.49556016866661823,0.5020705853332849,650.7000000000794,12.5,76,68126,68938,53.09836196899414,54.768333435058594,2,1800.0,-0.004676081037715725,53.532655964726985,2.372199001519576,0.01167306418057834,0.1551432296147813,0.922914454143351,46,1.3850984343084864,0.6154152187648594,0.6150244474411011,0.12114904246461282,0.11389363027319434,0.19473355537052456,0.24381806758120475,0.18338884263114072,0.17211408497984484,0.16413405495420483,0.1502971258582203,0.10741049125728559,0.10111877395354646,0.22918401332223148,0.21875831735398932,0.49127233028411865,0.2729807496070862,5.577476986218244e-05,0.9997093081474304,0.014311159029603004,0.5364137887954712,-0.9994643330574036,0.9998996257781982
11277.155999999999,1105321,221184,288,121.80790242664202,360,0.49612668249921077,0.5091475158325441,289.25000000001506,13.333333333333334,76,68304,69121,47.20337677001953,45.85015106201172,2,1800.0,-0.0010559764406126407,285.49065611097546,2.5329612846727723,0.003898152115958766,0.030830404574603395,0.4054753297143695,54,1.4196512002935429,0.6278661250366805,0.6284647583961487,0.14040146390151936,0.1321789458272243,0.19197072196961296,0.21097047163255248,0.150937118775646,0.15178981048082663,0.17633359210380392,0.1620224695443623,0.12287900632139293,0.12193114017987104,0.21747809692802483,0.22110716233516323,0.4868629276752472,0.2723855674266815,3.681138332467526e-05,0.9998854994773865,-0.01697554439306259,0.5459091663360596,-0.99996018409729,0.9995979070663452
11316.609,1109157,221952,289,97.26906204833499,361,0.5130224927754271,0.5195329094420938,553.1000000000572,17.166666666666668,76,68624,69423,52.382545471191406,50.87027359008789,2,1800.0,-0.0007111088397441958,107.95644171341605,2.4715644328490547,0.012819058804006345,0.16057271881879348,0.7151483039215061,46,1.4319805443109694,0.6137739881583765,0.6043973565101624,0.14043185729932717,0.12966432175982778,0.17735878579252073,0.23674453342197938,0.1598341417618526,0.1520615635770521,0.190736973869504,0.16398207209706506,0.1274448443123142,0.12237803999448253,0.2041933969644813,0.19516946914959313,0.48719316720962524,0.2756594717502594,3.684886542032473e-05,0.9998512864112854,-0.004820643458515406,0.5474929809570312,-0.999879002571106,0.9993010759353638
11355.672000000002,1112997,222720,290,98.30274172490108,362,0.5322969934930454,0.538807410159712,425.00000000002814,19.333333333333332,76,68980,69771,46.446285247802734,48.90788269042969,2,1800.0,-0.0014189617766533047,140.78307280540466,2.5834182620048525,0.01259116692749589,0.1769655271433294,0.5770118309095682,80,1.4418080124239054,0.5561730819593645,0.5576770901679993,0.1340066906845085,0.1332481886838751,0.16713844570252187,0.1989365365069306,0.1453937210499228,0.1413071800448644,0.19743952650540403,0.18207461231242816,0.13156201749871332,0.12905504151778616,0.2244595985589295,0.2153784409341156,0.4928366243839264,0.2767903506755829,5.567018888541497e-05,0.999977707862854,0.01644407957792282,0.546428382396698,-0.9998354315757751,0.999748945236206
11389.827999999998,1116837,223488,291,112.4747371196055,362,0.5401248527368928,0.5401248527368928,,18.166666666666668,76,69275,70073,48.087833404541016,44.62135696411133,2,1800.0,-0.011933681941411037,29.688668251037598,2.5398832815034047,0.008581397365084712,0.11881250601505772,0.9033818253762665,84,1.4102483145371378,0.5526974110317695,0.5495127439498901,0.1256753912006175,0.12231686203468345,0.20686267630341731,0.22988853033743573,0.1336748298365027,0.13172378753449637,0.20082801206932846,0.1896962139943252,0.13234159006385518,0.12993992076577462,0.20061750052627886,0.19643468533328462,0.49429768323898315,0.2757013738155365,4.782716860063374e-05,0.9999185800552368,0.007011427544057369,0.5414528250694275,-0.9996558427810669,0.9995497465133667
11422.672000000002,1120677,224256,292,116.97331546240537,362,0.5255173332143804,0.5255173332143804,,16.833333333333332,76,69567,70373,50.71422576904297,51.985782623291016,2,1800.0,-0.0028225342684891075,28.80177849989671,2.518558477744078,0.006040380799857497,0.06116083442257383,0.9349041264255833,78,1.426070537101148,0.5639164770345243,0.5659224390983582,0.12621582293022898,0.12032418395302338,0.19636976334533202,0.22106282298890934,0.13487018457532357,0.13430004419761665,0.2036455541089071,0.19037983598173636,0.1486558933905185,0.14960196691416375,0.19024278164968983,0.18433114596455052,0.49172988533973694,0.27483662962913513,4.850754703511484e-05,0.9999661445617676,-0.009074343368411064,0.5463103652000427,-0.9999063014984131,0.9995740652084351
11459.952999999998,1124516,225024,293,103.01615413514769,363,0.4982214222771219,0.5047318389437886,573.4000000000618,13.833333333333334,76,69830,70659,49.38214111328125,54.718589782714844,2,1800.0,-0.008828224603752865,76.2161921925015,2.506529536512163,0.004839624022645166,0.056552374159057055,0.8314157784022246,72,1.411980539104073,0.5547537235530664,0.551121175289154,0.10961932050757266,0.10664435514100581,0.20744985673352437,0.2371809200326445,0.1452312730249693,0.13565758643982917,0.17552189930413425,0.16864435723334806,0.15873925501432665,0.1557419059314784,0.2034383954154728,0.1961308752216941,0.4951159954071045,0.274563193321228,0.00019860932661686093,0.9999918341636658,0.01782294549047947,0.5379117131233215,-0.9992867112159729,0.9998753070831299
11494.484,1128354,225792,294,124.37214426907873,364,0.5011697242022203,0.5076801408688869,353.30000000001183,12.0,76,70040,70885,53.24030685424805,56.01787567138672,2,1800.0,-0.009702034391618023,119.78188629150391,2.478494441509247,0.0013469651444044837,0.009933332087045225,0.6406024999283548,60,1.3991548024282958,0.5574792311454364,0.5621981620788574,0.12658759315629264,0.12355701756230082,0.2184318253385116,0.2318842267502401,0.15912669255799308,0.1663882223637005,0.16972814107274062,0.16434365885253746,0.13928833840663377,0.13513156207576782,0.18683740946782829,0.17869531239545333,0.4964342713356018,0.27216798067092896,1.8643391740624793e-05,0.9998587369918823,0.01271202601492405,0.5313946604728699,-0.9999896883964539,0.9993865489959717
11529.249999999996,1132194,226560,295,110.50359712230215,364,0.5145180556631113,0.5145180556631113,,11.5,76,70359,71207,38.22771072387695,32.65730285644531,2,1800.0,0.0005079532805081856,27.527192183903285,2.5560566839717684,0.0009768563864585088,0.001763135234276498,0.916083500636116,84,1.44640824982597,0.5859660202354889,0.588639497756958,0.1425803085637624,0.13843251388590896,0.17820675262726393,0.20362138087593357,0.14310203473205635,0.14708287080870608,0.18893940523216815,0.18191389779856063,0.16173511217112618,0.15196071846220885,0.18543638667362303,0.17698861816868192,0.49742764234542847,0.27494752407073975,9.088716615224257e-05,0.9999852180480957,-0.0003989643882960081,0.5473993420600891,-0.999076783657074,0.9995168447494507
11557.969000000001,1136030,227328,296,133.6445667700178,365,0.5072528207401146,0.5137632374067812,544.6000000000553,17.5,76,70598,71415,48.769283294677734,46.94419860839844,2,1800.0,-0.003140726035107272,101.0513692078767,2.495100970621462,0.0007474956621995522,0.003152137109147454,0.7449907176522796,54,1.4222515890594107,0.580925133237715,0.5853356122970581,0.11851933216168717,0.11222393266907038,0.1937609841827768,0.22287917291065365,0.14674868189806678,0.14780897786121072,0.17234182776801407,0.16456902047140234,0.16113796133567662,0.14976388195744936,0.20749121265377857,0.20275501413021352,0.4976421594619751,0.2748294174671173,0.0002322132495464757,0.9999458193778992,-0.007078018970787525,0.538038432598114,-0.9997986555099487,0.9994460344314575
11589.327999999998,1139868,228096,297,122.51021450459129,367,0.4784955094893492,0.49151634282268253,417.40000000002635,9.5,76,70780,71655,40.25871276855469,34.321998596191406,2,1800.0,0.0038117828209780985,212.1580241874412,2.5737467386104442,0.0011983629232498977,0.0007148188500044247,0.7362934612090393,54,1.4400221464649732,0.595242196706173,0.5940294861793518,0.13398770104068117,0.129409341541263,0.20139545884578997,0.20308048662052675,0.14096499526963102,0.1494284352480856,0.17336802270577106,0.16568719436404902,0.14995269631031222,0.15217262087613717,0.20033112582781457,0.20022192134993846,0.49938496947288513,0.2739296853542328,0.00035435924655757844,0.9996655583381653,-0.0035672932863235474,0.5405802726745605,-0.9997240304946899,0.9992004632949829
11614.874999999996,1143700,228864,298,150.09204496497162,369,0.4747595156024856,0.48778034893581895,276.85000000002566,10.666666666666666,76,70948,71826,48.433433532714844,50.657432556152344,2,1800.0,-0.0020466554754724107,222.8242070939806,2.4582589401139154,7.955013140456855e-05,0.0,0.7470849126917549,36,1.4153279515422177,0.5818140069227358,0.5844879746437073,0.12257640486362142,0.11380035775218636,0.20391061452513967,0.24102211513267097,0.14837331580676963,0.16078943680858493,0.20276043378245154,0.19525786496377293,0.14968780808412752,0.12369707950614524,0.17269142293789025,0.1654331458366396,0.5009441375732422,0.2740420997142792,9.322057303506881e-05,0.9994776248931885,-0.0023172800429165363,0.5389437675476074,-0.999619722366333,0.9988384246826172
11646.437000000002,1147536,229632,299,121.60020287832832,370,0.5182626140711869,0.5247730307378536,301.6000000000001,17.333333333333332,76,71191,72034,54.88233947753906,56.12126159667969,2,1800.0,-0.012212302971844717,97.87668774922689,2.388806982835134,0.002771623934208456,0.03231218430786006,0.8700726064829148,60,1.4277295210828813,0.5817347299127054,0.5887740850448608,0.13714700996677742,0.12848737250963074,0.19414451827242524,0.27108427419185127,0.1336171096345515,0.12936378345987778,0.2073297342192691,0.17398879021661778,0.14898255813953487,0.13190380259450962,0.17877906976744187,0.1651719770275128,0.4985242187976837,0.27270668745040894,1.410128879797412e-05,0.9998561143875122,-0.013512866571545601,0.5440628528594971,-0.9999568462371826,0.9998085498809814
11681.312000000002,1151376,230400,300,110.15806534896461,371,0.5155499937618603,0.5220604104285269,732.0000000000979,15.0,76,71482,72344,46.421939849853516,40.519168853759766,2,1800.0,-0.011104824552650173,51.437808452508385,2.5544131138385873,0.006583924643437935,0.07828869799731109,0.94985419449254,78,1.4552343576261313,0.6138616611546822,0.6107462048530579,0.14673576732673269,0.14117870803164717,0.17790841584158415,0.21656244341107692,0.14650371287128713,0.1471439915157831,0.20173267326732675,0.18767601022955455,0.17713490099009901,0.1633930155599062,0.1499845297029703,0.14404583125203202,0.49715039134025574,0.2756986618041992,2.1123765691299923e-05,0.9999462962150574,-0.00047548278234899044,0.5482378005981445,-0.9995005130767822,0.9994237422943115
11708.969000000001,1155216,231168,301,138.92406208167387,371,0.5097963117854021,0.5097963117854021,,10.833333333333334,76,71694,72581,51.46406173706055,46.15789031982422,2,1800.0,-0.012532773670197154,27.492440509796143,2.5117501537005107,0.0051794819573581785,0.05959292846091557,0.8730773411902972,60,1.4348781476568864,0.5759519934840287,0.5702840685844421,0.13946859411585055,0.13166366160866674,0.2031965794563779,0.230278179903435,0.1370253486714853,0.14801164394145516,0.17316502086938818,0.1595868547182967,0.175404662526723,0.15812600976082541,0.1717397943601751,0.172333650067321,0.4960200786590576,0.27538493275642395,3.0297721309580083e-07,0.9997735619544983,0.010451932437717915,0.5430139899253845,-0.9998321533203125,0.9995075464248657
11742.655999999999,1159053,231936,302,113.9522451888855,372,0.5100512343921787,0.5165616510588453,300.6999999999999,15.333333333333334,76,71978,72843,46.698158264160156,46.66465377807617,2,1800.0,-0.0005656383589853365,153.6976253313896,2.5621388111359034,0.005037554259688161,0.046786631807499826,0.6161135242632829,78,1.4438060375709054,0.5942516817581056,0.5948218703269958,0.15364163712536255,0.1496891424884973,0.18030937802126973,0.2187864128799448,0.14340960360941024,0.1353501996680436,0.1720109571382533,0.15210290488008044,0.16902997099581052,0.15583683432788054,0.18159845310989364,0.1882345057555533,0.49682295322418213,0.27552303671836853,0.0001059216883732006,0.9999542236328125,0.0006468488718383014,0.540898859500885,-0.9997949004173279,0.9994512796401978
11767.499999999996,1162890,232704,303,154.5432576124101,373,0.5099021217607344,0.516412538427401,479.7000000000406,19.0,76,72224,73072,54.5701789855957,54.071598052978516,2,1800.0,-0.004603358553140424,106.81660429636638,2.524818495909373,0.0014663118844036969,0.005743272752927926,0.7554151863660239,60,1.4308664807182323,0.568716205828612,0.5738879442214966,0.13565326109606168,0.12933226027555447,0.20473015211502396,0.22371976949369102,0.1608668472598458,0.16358087143829222,0.17951656595123985,0.1726030601542634,0.13638257970410503,0.13200460895183605,0.18285059387372368,0.1787594296863628,0.5046067833900452,0.2726123034954071,9.78138850769028e-05,0.9999829530715942,-0.018427038565278053,0.5358919501304626,-0.9999571442604065,0.9998972415924072
11799.422000000002,1166730,233472,304,120.35353851939064,373,0.5066424829624235,0.5066424829624235,,15.833333333333334,76,72524,73391,48.51121520996094,44.36490249633789,2,1800.0,-0.003632869319214175,24.54102562635373,2.614924054879409,0.0020843252683060962,0.015421680984078333,0.9192151764780333,78,1.4731417981928576,0.595474604814847,0.594804584980011,0.1703726422327864,0.16357616729355148,0.1753565404079129,0.1923026800255015,0.16354853550069007,0.16744854500746367,0.16232172979604356,0.1556700752142724,0.14123600674743136,0.13897655031943287,0.1871645453151357,0.18202598213977808,0.49510014057159424,0.2767816185951233,0.00012635448365472257,0.9999573230743408,-0.009616220369935036,0.5458540916442871,-0.999933660030365,0.9995826482772827
11826.734,1170570,234240,305,140.6747994285155,373,0.5086576505781008,0.5086576505781008,,12.0,76,72735,73625,45.17748260498047,38.075279235839844,2,1800.0,-0.0023965539582907996,20.84503806432088,2.527735181649526,0.003775340339651558,0.03235386069184945,0.9646601394590189,60,1.4449054758320565,0.5380335380056664,0.5417278409004211,0.17058159811262694,0.16354391824078415,0.20781618627551543,0.236329114187751,0.15006667350497488,0.14465401819712648,0.15745204636372961,0.1453294863202426,0.1380654426094984,0.13731820248979165,0.17601805313365473,0.17282526056430414,0.4910469055175781,0.2761177718639374,0.00015738118963781744,0.9999460577964783,-0.009189470671117306,0.5389872789382935,-0.9993963241577148,0.9999457597732544
11857.609,1174407,235008,306,124.33973881199977,375,0.5020907085831497,0.515111541916483,488.60000000004254,9.0,76,72892,73810,45.21823501586914,45.68779754638672,2,1800.0,-0.00043829820653492653,184.41183245623554,2.586611164940728,0.00014420539369997437,1.1773756274056655e-05,0.8278628896001372,54,1.4553750323127297,0.5429859127084457,0.5484837293624878,0.1728235294117647,0.170419976884869,0.19364705882352942,0.21284622096073494,0.14988235294117647,0.1436791376213257,0.14388235294117646,0.13466490402386147,0.16564705882352943,0.16118067201016556,0.17411764705882352,0.17720908849904332,0.491256445646286,0.2772783637046814,5.81838539801538e-05,0.9996341466903687,0.009654979221522808,0.5402711629867554,-0.999978244304657,0.9999604225158691
11893.874999999996,1178241,235776,307,105.76551724137931,378,0.4934926362506776,0.5130238862506776,362.1333333333684,13.666666666666666,76,73134,74039,48.78490447998047,47.42894744873047,2,1800.0,-0.01355456761957612,327.1358357747396,2.515452202161153,0.00548094752693389,0.06251164335893312,0.6344027577020266,60,1.4767546185455869,0.5763554034783386,0.5805943608283997,0.17398873527905787,0.1638942807178713,0.1746031746031746,0.23363953564404996,0.1518689196108551,0.15075028709203694,0.15145929339477726,0.1296470269928053,0.17982590885816693,0.1613204181928873,0.16825396825396827,0.1607484513603492,0.4907078146934509,0.2758220434188843,0.000491708517074585,0.9999120235443115,-0.007053774781525135,0.5468451380729675,-0.9997957348823547,0.9998410940170288
11928.655999999999,1182081,236544,308,110.45591830864561,378,0.523438773154772,0.523438773154772,,13.833333333333334,76,73396,74300,42.59135437011719,32.156124114990234,2,1800.0,-0.004385488657539504,30.45694939295451,2.586708413230048,0.0034537558300371547,0.0282362782438415,0.8068490012076416,72,1.4723506311884127,0.5789324435960561,0.5807008743286133,0.16036461850101283,0.1599056693707108,0.16458474004051316,0.18438935339861764,0.1260972316002701,0.1354003634575559,0.1797771775827144,0.1734524655318368,0.1975016880486158,0.17837490394224995,0.17167454422687373,0.16847724429902894,0.49733471870422363,0.27783381938934326,5.4815964176668786e-06,0.9999492168426514,0.00020518808742053807,0.5501508712768555,-0.9999171495437622,0.9999140501022339
11965.172000000002,1185918,237312,309,105.12328767123287,380,0.5136444388391558,0.5266652721724892,207.85000000000392,18.833333333333332,76,73644,74528,51.4579963684082,55.2196044921875,2,1800.0,-0.008276906499469822,219.00260358868223,2.516870628703724,0.003538401405518113,0.046894522679698035,0.368114389876679,66,1.4418149072106576,0.539336697784277,0.5411884784698486,0.15499457111834963,0.14627180245493693,0.19227289178429244,0.22462557769482747,0.12721679334057184,0.1353318662180417,0.1534563879840753,0.1373170595909018,0.17119073470865,0.15645946027980906,0.2008686210640608,0.1999942337614831,0.4862232506275177,0.2760421335697174,0.00021638382168021053,0.9999095797538757,0.009420376271009445,0.5389062762260437,-0.9993265271186829,0.9999912977218628
11996.922000000002,1189758,238080,310,121.00204821175136,380,0.5337963622623719,0.5337963622623719,,14.833333333333334,76,73915,74823,50.45501708984375,51.293880462646484,2,1800.0,-0.006573379334496268,27.86610262129042,2.5605683936013115,0.00585727550330678,0.06848915198352187,0.9679259772520586,90,1.456840219731239,0.5317156711854095,0.5382310152053833,0.15303051032973047,0.14522645420387553,0.19188671500889315,0.2245016142649584,0.12094677794499932,0.12219259720270349,0.16534409631960598,0.15479766686312027,0.14913120809960323,0.13624399366406922,0.21966069229716786,0.2170376738012731,0.48355427384376526,0.2758544385433197,0.00011695338616846129,0.9999694228172302,0.005313710309565067,0.545244574546814,-0.9996871948242188,0.9998890161514282
12022.359,1193598,238848,311,151.0502714184644,380,0.48115186196776466,0.48115186196776466,,9.0,76,74116,75059,46.41016387939453,44.141014099121094,2,1800.0,-0.00016307830956066027,28.907279109954835,2.5001030564308167,0.009864479356161764,0.11933299947801666,0.9394793240933998,60,1.4173885213651907,0.5156312910837034,0.5093327760696411,0.13922004445342492,0.14154813512741157,0.20872903616892302,0.2235217032506705,0.1281066882198424,0.12701367591027557,0.14982824813093554,0.1477341056028933,0.15003030915336432,0.1427393890493165,0.2240856738735098,0.21744299105943257,0.48550188541412354,0.27456551790237427,9.223535926139448e-06,0.9996244311332703,0.010567963123321533,0.5337181687355042,-0.9995113015174866,0.9999791383743286
12050.297000000002,1197433,239616,312,137.34689492153802,383,0.4706277801120698,0.4901590301120698,449.50000000003365,11.166666666666666,76,74284,75229,40.48770523071289,37.88005828857422,2,1800.0,-0.01947442992241122,222.96631368001303,2.4640142222245536,0.003999882687468708,0.05004575725615723,0.77664518576629,48,1.4009258904479296,0.5279479137748972,0.5302775502204895,0.13708572993700355,0.13713475727377505,0.20364283757874554,0.2210835480978697,0.1317447274719255,0.13946819689894216,0.13968775677896467,0.12807132027251777,0.14598740071213367,0.13219982639963399,0.24185154752122706,0.24204235105726132,0.4791974127292633,0.27298468351364136,7.582926627947018e-05,0.999711275100708,-0.029013020917773247,0.5311337113380432,-0.9992699027061462,0.9989874362945557
12078.312000000002,1201269,240384,313,137.0,384,0.5020339958190382,0.5085444124857048,58.100000000000556,12.833333333333334,76,74502,75442,51.32563781738281,47.91183090209961,2,1800.0,-0.004687675645712901,199.37925946270977,2.533237585314998,0.003159719317872489,0.03123186289977403,0.4689701183240311,54,1.4664342234540022,0.5266271241068012,0.5323207378387451,0.15245092411893008,0.13798905225446612,0.18333142004362302,0.22759402753604666,0.11054987946274825,0.11143156262449658,0.17690276661692114,0.16662222613656522,0.16898174721616346,0.14674814156330984,0.20778326254161406,0.2096149898851156,0.48611825704574585,0.2762782871723175,4.001722572866129e-06,0.9993923306465149,-0.03415394574403763,0.5371430516242981,-0.9996380805969238,0.9999712705612183
12110.047000000002,1205107,241152,314,121.00003152682757,385,0.5191536305886347,0.5256640472553015,420.8000000000272,12.5,76,74731,75678,46.40363311767578,43.93241882324219,2,1800.0,-0.010712290610271421,99.54956613020464,2.505825558575717,0.007822219326086774,0.07851062137210234,0.7086853969251715,55,1.4639533902809785,0.5115298418119955,0.5118013620376587,0.13843452545975418,0.12469138029334015,0.15931984104981056,0.22464946148896328,0.1136678680343776,0.11237500010803615,0.19268089825339618,0.17316109758324524,0.17281212457259032,0.15169731547607776,0.22308474263007116,0.21342574505033743,0.48654791712760925,0.28166401386260986,0.0001246394676854834,0.9999373555183411,-0.02869177982211113,0.5463824272155762,-0.99996018409729,0.9996057748794556
12137.969000000001,1208944,241920,315,137.4923854230159,386,0.5159645967146514,0.5224750133813182,405.70000000002375,13.0,76,74955,75904,49.27965545654297,51.79154968261719,2,1800.0,-0.014430224926896202,129.45544372905385,2.580021374153368,0.005236756139615357,0.05849065135804598,0.703257888598583,66,1.4516577809843962,0.5308803466506605,0.5305657386779785,0.12901037123194728,0.12671419543268636,0.19782882620916933,0.2136833445949685,0.1138896966172337,0.11345998898199158,0.17165842783754967,0.16665564266622976,0.17669865270912086,0.1694903771062219,0.21091402539497917,0.20999645121790195,0.48133909702301025,0.27790728211402893,1.4744464351679198e-05,0.9996034502983093,-0.037810828536748886,0.5408603549003601,-0.9998562932014465,0.9999790191650391
12167.094000000001,1212784,242688,316,131.9134318103718,386,0.5087493911568629,0.5087493911568629,,9.333333333333334,76,75158,76129,56.551841735839844,49.58939743041992,2,1800.0,-0.007502212334657088,29.88216070695357,2.5348733591310904,0.004959262178991032,0.04918945769983993,0.9704868123104716,66,1.4599323031669416,0.4908080153905442,0.4966159164905548,0.1343049534175814,0.12534414454476966,0.19232543123328105,0.23159664457099416,0.10903053223872336,0.1100961180622125,0.18430034129692832,0.17641041306258387,0.15967161700950097,0.15093566040022172,0.22036712480398488,0.20561701935921808,0.4821414649486542,0.27598637342453003,3.560670666047372e-05,0.9999244213104248,-0.03058519959449768,0.5409607887268066,-0.9999235272407532,0.999261736869812
12191.749999999996,1216620,243456,317,155.5807916937344,388,0.4831753677980999,0.4961962011314332,331.5500000000069,12.833333333333334,76,75330,76290,51.56059646606445,51.41267776489258,2,1800.0,-0.005273702898107115,279.3671199253627,2.4208026443208968,0.0019842612433067456,0.013542032686278358,0.7016055477136194,42,1.4057860258287145,0.5225631016056712,0.5251524448394775,0.13012477718360071,0.11820195035793814,0.2137551990493167,0.26396650719672093,0.09818775995246583,0.10405164160692158,0.17349970291146763,0.16358309958503262,0.1532976827094474,0.1299178784649439,0.2311348781937017,0.22027892278844285,0.47909653186798096,0.27317580580711365,0.0002487379824742675,0.9998534321784973,-0.04054083302617073,0.5302272439002991,-0.9989970326423645,0.9984232187271118
12219.827999999998,1220456,244224,318,136.69731309244753,390,0.48004953543369105,0.49307036876702437,178.5500000000001,10.333333333333334,76,75514,76499,50.882816314697266,47.31270217895508,2,1800.0,-0.004736497639290367,388.57350126902264,2.5623606791098914,0.0007296302620689137,0.0011163222904239471,0.5241167661424393,48,1.4216110629183119,0.5217882263729411,0.5216991305351257,0.13045711350796096,0.12429919784158182,0.21738572162300976,0.23899862569391395,0.10195172059578839,0.10026133748717708,0.17411402157164868,0.17961304816202225,0.15434001027221367,0.1467992330949298,0.22175141242937854,0.2100285577203751,0.4815009534358978,0.2712516784667969,4.5344251702772453e-05,0.9999514818191528,-0.008975600823760033,0.5303535461425781,-0.9994582533836365,0.999605655670166
12254.969000000001,1224296,244992,319,109.32384341637011,391,0.4977846634314566,0.5042950800981233,460.5000000000362,14.333333333333334,76,75744,76710,43.899654388427734,43.361900329589844,2,1800.0,0.0020263707886139554,126.75815124511719,2.45485684076945,0.005414774455267,0.049252284958492966,0.8775361754715829,60,1.4372338225366423,0.5389273782158464,0.5391800999641418,0.14235180619573373,0.14140027345511735,0.22188873405509701,0.25769061407073346,0.11244506377961196,0.11393949639297153,0.1417086504448494,0.11929016442181299,0.17043627398434988,0.16104562152432028,0.21116947154035803,0.20663383013504438,0.48520657420158386,0.2714995741844177,0.00022146166884340346,0.9999021887779236,-0.02399660460650921,0.5330474972724915,-0.999944269657135,0.999667763710022
12289.219000000001,1228135,245760,320,112.1367022053435,392,0.5150097454962413,0.5215201621629081,347.4000000000105,12.166666666666666,76,75960,76944,55.397796630859375,49.68810272216797,2,1800.0,-0.010606117338421896,138.86994283849543,2.5378593784390073,0.006059242310675606,0.07752841197582187,0.9126458636439089,66,1.4528917437226299,0.5483584118658131,0.5412043333053589,0.15974351826038471,0.14593045525372175,0.18613511755413065,0.24598754670396436,0.11235015333147477,0.11262924935139657,0.1539819719356937,0.13499702117392443,0.14292352011894804,0.12431922045628206,0.24486571879936808,0.23613650706071085,0.48731520771980286,0.27779462933540344,0.00020850753935519606,0.9999802112579346,-0.016236018389463425,0.5374403595924377,-0.9998913407325745,0.999510645866394
12314.874999999996,1231975,246528,321,149.76014976017322,392,0.5117429553083818,0.5117429553083818,,13.5,76,76181,77157,45.658729553222656,43.874149322509766,2,1800.0,-0.008970287641945848,30.058307471098722,2.5048298835754395,0.005586915171994821,0.06720439832672666,0.9941400788082096,54,1.4570260506591528,0.5577102652526614,0.5694303512573242,0.17642526964560862,0.15986412524719443,0.21813779440898085,0.2567680273824289,0.1296500110059432,0.12776893553291402,0.13746423068456967,0.1352332701927351,0.14968082764692933,0.13940989371539966,0.1886418666079683,0.18095574792932795,0.4752238392829895,0.27392998337745667,3.439397187321447e-05,0.9991354942321777,-0.04923877865076065,0.5343760251998901,-0.9998306632041931,0.9978271722793579
12344.437000000002,1235812,247296,322,129.86529479454842,393,0.5032843263308423,0.509794742997509,853.7000000001256,11.833333333333334,76,76441,77432,51.71644592285156,54.34380340576172,2,1800.0,-0.014247971846877287,38.46516695022583,2.600626305739085,0.006446569252713388,0.0803580257013285,0.9842370500089251,60,1.4852940954636258,0.5742232838886702,0.5855777859687805,0.15821715251373045,0.15403224007000535,0.2123996620194339,0.23261515856210466,0.13762146176594847,0.13881680721510967,0.14205745669623995,0.13333918820060411,0.159801436417406,0.1489372954847952,0.18990283058724122,0.19225931046738104,0.48281753063201904,0.2770600914955139,0.00014233340334612876,0.9999467730522156,-0.04384255036711693,0.5369169116020203,-0.999919593334198,0.9998797178268433
12368.266,1239652,248064,323,161.2564565573296,393,0.5128306473797228,0.5128306473797228,,15.333333333333334,76,76694,77664,56.0087776184082,55.56463623046875,2,1800.0,-0.002148956191376783,32.200936794281006,2.454497981071472,0.008260402158802065,0.12367201724555343,0.8077520565929452,20,1.458942647201724,0.5586019109507077,0.5520602464675903,0.18866501454584636,0.17433035333172253,0.21732571921129187,0.2715468536235526,0.1336062924253852,0.13082689244555296,0.13996336601659304,0.12613286755480466,0.1447042344574938,0.13010881356697096,0.17573537334338973,0.1670542194773963,0.4826180040836334,0.273644357919693,9.441996371606365e-05,0.9996720552444458,-0.03971932455897331,0.5340461134910583,-0.9999181628227234,0.999672532081604
12402.094000000001,1243491,248832,324,127.16973631905908,394,0.5050942227958071,0.5116046394624737,398.4000000000221,10.666666666666666,76,76902,77905,52.20808029174805,51.96154022216797,2,1800.0,-0.00892252368115199,120.33804690043131,2.55914200146993,0.012320124708844084,0.1863786707748659,0.764013814547445,60,1.4745356233770566,0.48259057389488835,0.49300509691238403,0.13882702301410543,0.13705491436085007,0.20723300456039878,0.24393010598232934,0.1643864672817902,0.16181084418113198,0.15314455403542263,0.13660283269610005,0.09735921094495704,0.09286686925086099,0.23904974016332592,0.2277344335287276,0.4891515374183655,0.2783753573894501,6.620112981181592e-05,0.9998936653137207,-0.0033807524014264345,0.5313090682029724,-0.9990668892860413,0.999629020690918
12432.219000000001,1247327,249600,325,127.39953503819083,396,0.49938948792034665,0.51241032125368,217.55000000001027,11.5,76,77098,78106,47.80208206176758,48.38274002075195,2,1800.0,-0.006229128184107442,308.1362991333008,2.609891047080358,0.0007322965586677235,0.0020716660995579637,0.5301077252160277,48,1.457133358472014,0.4923451970991933,0.4870927333831787,0.1186399217221135,0.11412126613655552,0.19202544031311156,0.2104768105587367,0.15349804305283757,0.15906666337072067,0.1533757338551859,0.13523942869551456,0.11338062622309197,0.10752491225567916,0.2690802348336595,0.2735709189827934,0.4905170202255249,0.2768475115299225,0.00013667023449670523,0.9998393058776855,-0.01818264089524746,0.5419310331344604,-0.9971852898597717,0.9990423917770386
12455.141,1251167,250368,326,167.6343475793481,396,0.517725708744656,0.517725708744656,,17.333333333333332,76,77310,78283,51.36619186401367,50.88275909423828,2,1800.0,0.0013136092651014526,42.23850078582764,2.4881382385889688,0.0013414816667701335,0.007965031750306177,0.9627967162448594,60,1.4270238605272554,0.47597974068585763,0.47598060965538025,0.11897071490094746,0.11320769377751717,0.21683893195521103,0.25869853490996025,0.14071920757967268,0.14404320230548023,0.16289836347975883,0.1480837708508534,0.11186477174849267,0.10805038474184779,0.2487080103359173,0.22791641341434113,0.4936029314994812,0.2723170220851898,0.00025130630820058286,0.999843955039978,-0.015432973392307758,0.5262125134468079,-0.999967098236084,0.999941349029541
12488.187000000002,1255004,251136,327,116.163603887248,397,0.5185969108348459,0.5251073275015127,560.7000000000589,14.0,76,77561,78559,50.55453109741211,49.06508255004883,2,1800.0,-0.0036008614712418653,81.0217659779084,2.6142058127965684,0.0035497542246996916,0.027788854422023855,0.9203820391013912,78,1.4742109333692208,0.4772364394918819,0.4739856421947479,0.1323529411764706,0.13103847805481633,0.16840607210626185,0.21718368383338923,0.11891208096141682,0.12331138618871712,0.193943706514864,0.17477717338300092,0.11345667299177735,0.10341720164133988,0.2729285262492094,0.2502720768987365,0.4978492558002472,0.2779901921749115,2.22726475840318e-06,0.9998888969421387,-0.02259344607591629,0.5418760180473328,-0.9988625049591064,0.9999253749847412
12522.922000000002,1258837,251904,328,110.40064517985807,399,0.49259578676361376,0.5056166200969471,344.9000000000166,14.166666666666666,76,77772,78779,49.5728645324707,46.42148208618164,2,1800.0,-0.007166671310551464,318.62197494506836,2.534620694319407,0.0012547957157755549,0.0023129880923079328,0.7663132202643412,60,1.4632128531314603,0.4939735008386244,0.49864280223846436,0.11439259696790707,0.11418120381095272,0.18025201811380193,0.23169428980839613,0.11862571372317385,0.11726152493542483,0.17611734593423903,0.15662332937571002,0.12463083284111046,0.11907910081607333,0.28598149241976767,0.26116055125344295,0.4936091899871826,0.2778789699077606,0.0002210174861829728,0.9998710751533508,-0.027979860082268715,0.5392684936523438,-0.9999444484710693,0.9995739459991455
12560.624999999996,1262676,252672,329,101.86266185524691,401,0.503938873722119,0.5169597070554524,603.9500000000688,15.833333333333334,76,78024,79031,48.94548034667969,46.74858856201172,2,1800.0,-0.0073147564123953795,125.07022131813898,2.6071002384026847,0.0016953125182814777,0.010486666857711194,0.9291713290143623,72,1.4702729305750888,0.505954609185103,0.5074720978736877,0.11610915492957746,0.117259751853125,0.17702464788732394,0.20635009194260365,0.1288732394366197,0.13901110505522707,0.19339788732394367,0.17320191760581333,0.12764084507042253,0.1153552847081973,0.25695422535211265,0.24882184883503367,0.49125581979751587,0.274225115776062,8.340187923749909e-05,0.9995881915092468,-0.013983089476823807,0.539134681224823,-0.9998993873596191,0.9990358352661133
12587.437000000002,1266512,253440,330,143.15569487982162,402,0.5064384913818348,0.5129489080485016,59.60000000000058,10.5,76,78193,79237,43.105003356933594,40.568115234375,2,1800.0,-0.014027444071446855,220.21817483901978,2.601306935151418,0.002449302641635733,0.019309377722189918,0.23576973188483707,60,1.4866279917117258,0.5214205368776025,0.5176671147346497,0.12524830109775223,0.12230370331374213,0.18515420805018296,0.21743646304893782,0.141871406168322,0.14003296979221075,0.1564035546262415,0.14671077311372743,0.1294302143230528,0.12394709003820618,0.2618923157344485,0.24956900069317567,0.493079274892807,0.2756909132003784,5.4177147831069306e-05,0.9999681711196899,-0.017673423513770103,0.543419599533081,-0.9998782277107239,0.9986343383789062
12614.437000000002,1270350,254208,331,142.23243403496252,403,0.5053887852039759,0.5118992018706426,131.29999999999683,10.833333333333334,76,78375,79422,48.41607666015625,46.046539306640625,2,1800.0,-0.011830802725550408,216.54796346028647,2.5436995774507523,0.0037548082784599796,0.0478428089627414,0.252935562712877,48,1.4399244447717028,0.5086702136843262,0.5071622133255005,0.10427436641028874,0.09945347163738778,0.22708359601563485,0.24275922209487122,0.1506745681502963,0.15576163267579465,0.14210061782877317,0.1320555474965226,0.11965704198713907,0.12066457419448395,0.2562098096078679,0.24930555190093978,0.4819679260253906,0.27346938848495483,9.859868441708386e-05,0.9993313550949097,-0.008497480303049088,0.5332013964653015,-0.9997367858886719,0.9990725517272949
12639.952999999998,1274190,254976,332,150.58823529411765,404,0.5024182031546592,0.5089286198213259,340.5000000000089,14.333333333333334,76,78580,79611,54.01727294921875,57.604034423828125,2,1800.0,-0.004965828641110824,182.44784856725622,2.487244579527113,0.005204780691314998,0.05434860284677362,0.5937919885598482,54,1.4131386869218368,0.47227224018322284,0.4771585762500763,0.11509279794560523,0.11543579076756463,0.23602194467141357,0.2538778055738131,0.11275825843352398,0.11437506785476231,0.15197852223648886,0.14390156933264284,0.11626006770164585,0.11410262358309041,0.2678884090113225,0.2583071428881267,0.4916912317276001,0.2690078914165497,0.0003140413318760693,0.9999144077301025,-0.010926921851933002,0.5290828943252563,-0.9997922778129578,0.9999104738235474
12677.359,1278026,255744,333,102.59427654453222,405,0.4884261666381388,0.49493658330480544,484.1000000000416,10.166666666666666,76,78802,79863,56.72719192504883,60.29365921020508,2,1800.0,-0.007864581374451517,126.58559595743814,2.4959538022677106,0.00574905045015318,0.08216159688987924,0.7557381228693429,60,1.4465099817377565,0.47712452266643207,0.47518226504325867,0.11206643869076698,0.1115023491263354,0.19345383488031265,0.25095324827964477,0.09897410845139228,0.10411129152788372,0.1719589643380557,0.15419088894026628,0.12594040058622374,0.11518057868414888,0.29760625305324867,0.26406164344172095,0.4910662770271301,0.27811941504478455,3.757575177587569e-05,0.9995071887969971,0.00025903666391968727,0.5397771596908569,-0.999611496925354,0.9993624687194824
12702.749999999996,1281866,256512,334,151.33004926108376,405,0.5102532664551173,0.5102532664551173,,15.833333333333334,76,79028,80055,45.0274772644043,45.67867660522461,2,1800.0,-0.011660040464873116,27.709323342641195,2.5791656255722044,0.006437580130435506,0.0790589340525912,0.9506269127245871,60,1.4335265924707132,0.5021371250160632,0.5052720308303833,0.10988671472708549,0.10462906955294936,0.2188465499485067,0.24173447600886325,0.1145211122554068,0.11053907185902537,0.1380020597322348,0.13097221657489755,0.13470648815653966,0.13506627009230956,0.2840370751802266,0.2770588959119549,0.4820909798145294,0.27623626589775085,1.9887809685315005e-05,0.9999905824661255,-0.01555305253714323,0.5312252044677734,-0.9998511075973511,0.9988762140274048
12734.641,1285702,257280,335,120.34509803921569,406,0.48209417636374147,0.48860459303040815,328.1000000000061,10.666666666666666,76,79260,80323,49.105003356933594,45.093048095703125,2,1800.0,-0.002060776884657874,210.63278681437174,2.618533563613892,0.0035270298192589763,0.023213562676877093,0.6456066537655032,60,1.4655338219274,0.5018473301167329,0.5047160387039185,0.11717983918415376,0.11308303781959242,0.20592272994704844,0.23333180541832174,0.11443420278485977,0.11347502459297222,0.17130809962737792,0.16074224942188634,0.14051774857815258,0.14313920929496518,0.2506373798784075,0.23622867345226212,0.4897307753562927,0.2757115066051483,2.045389737759251e-05,0.999902606010437,-0.013806534931063652,0.539708137512207,-0.9999390840530396,0.9996235370635986
12757.124999999996,1289540,258048,336,170.8131202990991,408,0.48356441326675714,0.49658524660009046,519.1500000000495,8.833333333333334,76,79391,80475,43.82358932495117,45.17189407348633,2,1800.0,-0.006697195941039051,105.03092331356473,2.6053056849373712,0.0011465875886202716,0.003668782871197133,0.9210467332372386,36,1.4612030281508264,0.48001462121452104,0.4772765636444092,0.10380165289256198,0.10305812816506185,0.2,0.22851573949640946,0.13801652892561983,0.14083459940045465,0.1575206611570248,0.15341925811964566,0.1621487603305785,0.1463416112985296,0.23851239669421487,0.2278306635198988,0.49639803171157837,0.2761375904083252,0.00025590290897525847,0.9999046325683594,-0.004478070419281721,0.5358384251594543,-0.9998545050621033,0.9991570711135864
12788.969000000001,1293376,258816,337,120.5228101043056,409,0.5218222430157091,0.5283326596823757,252.59999999998993,19.833333333333332,76,79647,80670,49.35497283935547,47.110572814941406,2,1800.0,-0.017780323043663167,182.12911313952822,2.553594936024059,0.007440019254263687,0.09922272158490325,0.5899950573397743,66,1.471070013722973,0.48914593482316404,0.4860173463821411,0.108789760963674,0.10376243793689702,0.19781667607754563,0.2499347262539909,0.13777526821005082,0.15114075011260242,0.16158479201957462,0.13705958240328311,0.1577263316393751,0.15174880983466868,0.23630717108977978,0.20635369345855786,0.49727383255958557,0.2773617208003998,5.232220792095177e-05,0.9996899962425232,-0.02203679084777832,0.5342928767204285,-0.999839186668396,0.9998185634613037
12819.687000000002,1297216,259584,338,125.0692114777003,409,0.5222877735607784,0.5222877735607784,,17.833333333333332,76,79935,80970,46.73860168457031,43.55940246582031,2,1800.0,-0.004076316797484954,26.540180433364142,2.593104209218706,0.004192600745379221,0.039026897037512664,0.9697166394224991,84,1.4669653006865193,0.520048639845855,0.5212641954421997,0.10335235378031384,0.10113092479211963,0.18994293865905848,0.22461830075860134,0.12496433666191155,0.12993711506141523,0.1768188302425107,0.16173706192545148,0.1631241084165478,0.15349875817100808,0.24179743223965763,0.22907783929140427,0.4900902509689331,0.2770270109176636,0.000187983489013277,0.9997469782829285,-0.026658225804567337,0.5382724404335022,-0.9997676610946655,0.9999765157699585
12852.734,1301056,260352,339,116.25442765885649,410,0.5061281239979419,0.5126385406646087,519.0000000000495,14.5,76,80176,81236,41.778141021728516,41.00898361206055,2,1800.0,-0.006848950116620518,87.89433513543544,2.659199418165745,0.007231483987183256,0.10408905423873176,0.8889973569947057,78,1.4549824907558853,0.5242244516783859,0.5299076437950134,0.11255513547574039,0.11013733259936372,0.19486452425960932,0.2040271734002614,0.12578764965343414,0.13050440646479058,0.15304032766225584,0.14810000012270175,0.17178638941398866,0.17185727894351954,0.24196597353497165,0.23537380846936298,0.4879092574119568,0.27553123235702515,0.00012216050527058542,0.9998335838317871,-0.030198369175195694,0.5342844128608704,-0.9997267127037048,0.9995174407958984
12878.547000000002,1304896,261120,340,148.85451796717123,410,0.5231639979324632,0.5231639979324632,,15.5,76,80396,81450,50.2061767578125,54.10039520263672,2,1800.0,-0.004379957208805012,23.7705771706321,2.5702198671572134,0.0060553958598188,0.06360016572183337,0.9881134057159198,66,1.4387761891206017,0.5390561834511781,0.5503847002983093,0.11583011583011583,0.11628143070068746,0.20307041735613166,0.21977804932740996,0.14340871483728626,0.14434507354238638,0.14258135686707116,0.13648921878961043,0.1458907887479316,0.1435134671603524,0.2492186063614635,0.23959276047955336,0.48697346448898315,0.2746627926826477,8.47487899591215e-05,0.9998496770858765,-0.04449237138032913,0.5312418341636658,-0.9998484253883362,0.9994077682495117
12906.109,1308735,261888,341,139.36181798381625,411,0.5028454940291073,0.509355910695774,250.89999999999003,8.166666666666666,76,80568,81671,54.97846221923828,49.449913024902344,2,1800.0,-0.009814124682452529,226.93304840723673,2.5538678109645843,0.0022809498923998294,0.00942719697098558,0.6999286217252458,60,1.4345616401912529,0.5658428178730246,0.5663444399833679,0.09702457956015524,0.10145986369740381,0.17388960758947822,0.19553140943226568,0.12979732643380767,0.14099955631204977,0.16052177662785683,0.14076748261963112,0.16235446313065977,0.1530643813149621,0.27641224665804226,0.2681773066236875,0.49204686284065247,0.2763186991214752,6.310198659775779e-05,0.9996026158332825,-0.027159608900547028,0.536622166633606,-0.9992187023162842,0.9995942115783691
12939.141,1312574,262656,342,116.33333333333333,412,0.5262713842940379,0.5327818009607045,603.9000000000688,17.333333333333332,76,80852,81905,50.34814453125,51.448875427246094,2,1800.0,-0.00868344712716862,41.96440498034159,2.5888896816306644,0.006929329034213779,0.09132879047926205,0.9629854567399507,72,1.4599430607878547,0.5708695376565727,0.5779945254325867,0.09251479036268541,0.09753856073981575,0.17019634742347595,0.19423562284900645,0.1250964588870788,0.13032298778495618,0.17045357112235274,0.15353886150137452,0.18211437880476722,0.17174006007274978,0.2596244533996399,0.2526239070520973,0.4816838502883911,0.27727070450782776,2.8334264356999483e-07,0.9999138712882996,-0.04310300946235657,0.541135847568512,-0.9998083710670471,0.9996986389160156
12973.719000000001,1316410,263424,343,110.98573619187532,413,0.5160853808358213,0.522595797502488,495.6000000000442,16.166666666666668,76,81124,82189,47.36827850341797,44.505035400390625,2,1800.0,0.013578372560441494,117.46496978759765,2.6372355365753175,0.006137158462512369,0.05579086256679147,0.8527964093821303,25,1.4727604320980434,0.5667867527418162,0.564843475818634,0.10941080801360242,0.11018115781396029,0.1733569897242552,0.19059806871548182,0.13602424780069491,0.14448522867290706,0.17890145634656612,0.1686217827234798,0.16404228579877284,0.15862754914589516,0.23826421231610853,0.22748621292827587,0.48310548067092896,0.27829810976982117,3.93757363781333e-05,0.9999874234199524,-0.04071877524256706,0.5391281247138977,-0.9996953010559082,0.9991110563278198
13000.266,1320250,264192,344,144.73089099955183,413,0.49515970192793946,0.49515970192793946,,13.666666666666666,76,81387,82467,50.02646255493164,48.53974151611328,2,1800.0,-0.011047468767642524,24.616641969391793,2.482089031826366,0.005214955248827468,0.05606714852073117,0.9841661358222581,66,1.4322026159785408,0.5957319230381581,0.5922826528549194,0.11953167544018878,0.11396045402537584,0.18732982392448722,0.2309654785784517,0.14712288981666363,0.15395777608691572,0.16736249773098566,0.15214539454971543,0.12597567616627336,0.11715305208883398,0.2526774369214013,0.23181784467070735,0.47542262077331543,0.2764343023300171,1.2562105439428706e-05,0.9999630451202393,-0.01675179786980152,0.5349274277687073,-0.9992770552635193,0.9997670650482178
13026.952999999998,1324089,264960,345,143.93371325735575,414,0.5029443507372867,0.5094547674039535,555.4000000000577,13.833333333333334,76,81643,82727,59.71784591674805,54.199588775634766,2,1800.0,-0.017227978883028933,66.39094107078783,2.5912410056952275,0.008948731970871308,0.12910792223975118,0.940241884777066,66,1.444920922322804,0.5978516780791979,0.5984123945236206,0.126680358476475,0.12609220753605482,0.17167662434652725,0.20253058515917718,0.14712471994025392,0.14514370410424698,0.18101194921583272,0.17175197447185253,0.11930545182972367,0.11483854853505265,0.25420089619118746,0.23964298019361582,0.48282235860824585,0.2768625319004059,2.10008929570904e-05,0.999954342842102,-0.0321120023727417,0.5331851840019226,-0.9997805953025818,0.9994809627532959
13057.641,1327925,265728,346,125.065206051127,415,0.4935706091230407,0.5000810257897074,658.1000000000811,10.0,76,81870,82982,54.950599670410156,43.928314208984375,2,1800.0,-0.020366838148743915,92.04336831063935,2.575493841460257,0.007306319840136496,0.07970722947467232,0.8814529974016485,66,1.4551901256765118,0.5924445870073088,0.5845118761062622,0.13606870229007634,0.13559021730781565,0.16879770992366414,0.1996141604455807,0.17003816793893128,0.170584874844995,0.15171755725190839,0.13763474003418694,0.11688931297709923,0.11086886154454934,0.2564885496183206,0.2457071458228724,0.48467156291007996,0.2743077278137207,5.3240997658576816e-05,0.9996224045753479,-0.029277505353093147,0.5365288257598877,-0.998504102230072,0.9996438026428223
13080.734,1331762,266496,347,166.2622410954059,416,0.4826208180747029,0.4891312347413696,358.20000000001295,10.166666666666666,76,82062,83178,56.71341323852539,50.51156234741211,2,1800.0,-0.007049623191657399,145.56781460841498,2.5640276422103248,0.006093783859377287,0.09924073606089223,0.7758500488748782,48,1.4509113163715743,0.5828145269556237,0.5891999006271362,0.12620423892100194,0.13352264482929416,0.18827415359207267,0.19564852184826562,0.17987888797137352,0.1870898835316052,0.16666666666666666,0.156210167220282,0.08670520231213873,0.08911381746979714,0.25227085053674647,0.2384149651007559,0.48121383786201477,0.27229931950569153,4.2776686314027756e-05,0.9998977184295654,-0.024244198575615883,0.5276055932044983,-0.999909520149231,0.9995167255401611
13109.266,1335602,267264,348,134.66124281103805,416,0.5033013922849846,0.5033013922849846,,14.333333333333334,76,82318,83409,46.079227447509766,44.091880798339844,2,1800.0,-0.003926623168147423,25.014187119223855,2.5917629364765054,0.004118012723103356,0.029439622785007072,0.9854827825614615,66,1.4800116329970778,0.5561852991840993,0.5611245632171631,0.11635606848926308,0.11649218030478871,0.1830479614038407,0.2097319752165824,0.16535805505628606,0.1684332675139903,0.1990350960174061,0.18723812217335165,0.10718002081165452,0.10382304820778432,0.22902279822154953,0.21428140658350261,0.48252958059310913,0.2727890610694885,9.784066787688062e-05,0.9999648332595825,-0.0069913100451231,0.5317609310150146,-0.9991892576217651,0.9994553327560425
13144.016,1339442,268032,349,110.55131711529971,416,0.5132335058955125,0.5132335058955125,,13.166666666666666,76,82560,83658,44.968299865722656,49.19712448120117,2,1800.0,-0.0026009590296275243,26.902242422103882,2.57049693663915,0.004349741168812359,0.04272685432644923,0.9836251730152693,72,1.4819724643637404,0.5515601423716978,0.5457978248596191,0.11875483704531774,0.12023398498422225,0.17937913836099406,0.2113524519471658,0.15504342591796372,0.16547269857270488,0.19545962679508128,0.17278766705447593,0.10387823544586809,0.10159284657776269,0.24748473643477514,0.22856035086366844,0.48247960209846497,0.27486652135849,1.1617259588092566e-05,0.9999834299087524,-0.01865748129785061,0.5413785576820374,-0.9998283386230469,0.9999450445175171
13174.812000000002,1343277,268800,350,124.58984438451208,418,0.464086919910872,0.47710775324420535,621.2500000000728,8.5,76,82763,83899,44.732364654541016,45.98097610473633,2,1800.0,-0.01302705644371195,78.86509881196199,2.524397373199463,0.008297900791489874,0.11737205153244927,0.9395935385555841,54,1.4540941208766622,0.5762152458139548,0.5662874579429626,0.1296359305886356,0.13595151941309358,0.1967789497561529,0.23610307617738072,0.1483497788363389,0.15118823225451125,0.18623114438017466,0.1671176763207208,0.10332312577974367,0.09467234631425808,0.2356810706589543,0.2149671495200355,0.4862052798271179,0.269256055355072,0.00022383137547876686,0.9999778866767883,-0.019938398152589798,0.5354799032211304,-0.9998384118080139,0.9999384880065918
13200.969000000001,1347111,269568,351,146.66615661220007,420,0.49223760696006097,0.5052584402933943,386.70000000001943,12.0,76,82975,84100,54.34817886352539,54.33556365966797,2,1800.0,-0.013151689570488246,338.73107147216797,2.542031977487647,0.006268037675421766,0.07558622053297966,0.5708825597960947,46,1.4570590094897475,0.5465671007544967,0.553326427936554,0.10241980866629151,0.10113757473778293,0.19335959482273496,0.22360964179853532,0.1505908835115363,0.16686125086965056,0.17535171637591446,0.16263065041075817,0.11671356218345526,0.10534052808130336,0.26156443444006755,0.24042035410196969,0.47922399640083313,0.2743656635284424,3.1509247492067516e-05,0.9999198317527771,-0.032209161669015884,0.5345221757888794,-0.9998250007629395,0.9998651742935181
13232.874999999996,1350951,270336,352,120.41014706344998,420,0.526440799171171,0.526440799171171,,14.666666666666666,76,83194,84303,50.327327728271484,50.572914123535156,2,1800.0,-0.007301784246616687,22.373777230580647,2.5469678044319153,0.010566675824479177,0.14823165159840654,0.9831420623838887,72,1.4264432303856804,0.5308671498166923,0.5303004384040833,0.10649834787765822,0.11552418006961773,0.16156909260357535,0.19503852700430913,0.11886808438532577,0.12381242896815874,0.17309158688469034,0.15879252487373904,0.1251376768618148,0.11760507375863813,0.31483521138693554,0.2892272653255372,0.49408644437789917,0.27620595693588257,2.5879548047669232e-05,0.9999809265136719,-0.017861895263195038,0.5402754545211792,-0.9995273947715759,0.9998663663864136
14155.062000000002,1354791,271104,353,121.30401819559246,420,0.5261447432979078,0.5261447432979078,,17.333333333333332,76,83412,84505,49.18675994873047,53.551971435546875,3,3000.0,-0.0007504064071161503,22.93103940559156,2.4835117585731274,0.01169197938257258,0.17803788845732482,0.9870521819429271,66,1.403198495080419,0.5172805309470898,0.5192943811416626,0.0891731219600072,0.10137607162304231,0.16807782381552874,0.21904023607634107,0.12520266618627274,0.13493804428798312,0.1587101423166997,0.1373939479765005,0.12150963790308053,0.11900594632501443,0.3373266078184111,0.28824575371111855,0.49134182929992676,0.2770146429538727,3.9794264012016356e-05,0.9998857378959656,-0.026564327999949455,0.5446162819862366,-0.999929666519165,0.9997190237045288
14191.499999999996,1358627,271872,354,116.68441064638783,421,0.49423943652150965,0.5007498531881763,288.099999999997,10.833333333333334,76,83581,84718,49.2948112487793,39.9572639465332,3,3000.0,-0.008083135678316467,223.6737518310547,2.5121986508369445,0.002953886111320214,0.021622780757024885,0.8268622076778385,60,1.3717646879748309,0.5281156877581583,0.52452152967453,0.08989314773061464,0.08922254621193028,0.16321929222625234,0.2176516472003017,0.11234192726203314,0.12133423412229263,0.15949416723850604,0.14565061648888358,0.11783158513871189,0.11558142907707616,0.357219880403882,0.31055952689951566,0.48969072103500366,0.2781558632850647,3.310525471533765e-06,0.999908983707428,-0.024538710713386536,0.5481566190719604,-0.9997991919517517,0.9999030828475952
14226.062000000002,1362464,272640,355,111.06929890580001,423,0.4981946801910911,0.5112155135244244,558.1000000000583,17.666666666666668,76,83806,84912,42.69525909423828,39.966575622558594,3,3000.0,-0.013910066519835682,108.81073781215784,2.4806551788792466,0.007065725660506428,0.08416747919082726,0.9068072066669312,66,1.4052875512092133,0.5186708486726798,0.5237195491790771,0.0806884426760433,0.07920918486619247,0.1871009530859628,0.2501404024065064,0.12584436013694827,0.1357989501027378,0.1550846673452392,0.13748080963831336,0.14027944850559823,0.13255202906180605,0.3110021282502082,0.2648186239244439,0.48701390624046326,0.2754647135734558,4.52317253802903e-05,0.9997939467430115,-0.02836218848824501,0.5437623858451843,-0.9999545216560364,0.9999666213989258
14257.280999999999,1366304,273408,356,123.0650898951971,423,0.5261509383541659,0.5261509383541659,,15.833333333333334,76,84042,85159,49.27241516113281,50.11054229736328,3,3000.0,-0.0017042467942311695,22.215920425596693,2.5911569112823125,0.005808224960527481,0.05904974328032473,0.9640337847913557,84,1.4195351669774463,0.5274465289015069,0.5296668410301208,0.07726797190255567,0.08059469329116734,0.17613211777013899,0.1962148401842456,0.12315050067254521,0.12960472657704256,0.16058885069496337,0.15425419466740947,0.1419817665520849,0.13853940765273723,0.32087879240771183,0.3007921376273978,0.4862156808376312,0.2757432162761688,2.4568844310124405e-05,0.9996612668037415,-0.016784660518169403,0.5421229004859924,-0.9994804263114929,0.9997619390487671
14285.719000000001,1370141,274176,357,135.0010555203779,424,0.47808430863086876,0.4845947252975354,459.2000000000359,11.833333333333334,76,84225,85371,44.98960876464844,42.95882797241211,3,3000.0,0.0002251721336506307,153.41863028208414,2.5704077521959943,0.00048269880071988985,0.0008799157047178596,0.8086118882153371,60,1.3950852995929781,0.5231922437261726,0.5142916440963745,0.0804959853643663,0.07908714359344057,0.1847748754954772,0.19909636298241973,0.12054070535623539,0.1290815504169975,0.1740014229088322,0.1670068444938121,0.12602906799471492,0.12147431041264443,0.314157942880374,0.30425378810068565,0.4839370846748352,0.2746368646621704,2.280554099343135e-06,0.9999580979347229,-0.005394189152866602,0.5338119864463806,-0.9999622702598572,0.999624490737915
14308.655999999999,1373981,274944,358,167.52464880901422,424,0.5090628097642432,0.5090628097642432,,15.833333333333334,76,84407,85529,41.444828033447266,35.01925277709961,3,3000.0,-0.007184603919827,27.979682639793115,2.518572215680723,0.0030084592525987017,0.0299055255120577,0.9825760912044603,54,1.3853983298104944,0.5116484008211792,0.5091548562049866,0.07877565547514533,0.07802682812287069,0.19705777672321748,0.22638683013593314,0.1291968205006525,0.13659948372358535,0.15161940918258393,0.13801428714817632,0.12753588800569463,0.12195281717747046,0.31581445011270615,0.29901975369196404,0.4863987863063812,0.27091801166534424,7.607900624861941e-05,0.9997541308403015,-0.017584577202796936,0.5281844139099121,-0.9992843270301819,0.9994968175888062
14338.577999999998,1377820,275712,359,128.36888918613624,426,0.4790192638835909,0.49204009721692427,521.4500000000501,14.833333333333334,76,84625,85763,50.210899353027344,49.8070182800293,3,3000.0,0.0026797697430959453,163.27816235577617,2.5731232077987105,0.01050642850345982,0.12198024663936209,0.8843427054342297,27,1.4092164543383792,0.5460109571785007,0.5514411926269531,0.0918029497341226,0.08982867519122327,0.18691682552422995,0.19788200510650347,0.12641717668305408,0.1369875378381026,0.14216915822213305,0.13543461143804525,0.14046352964783787,0.14178138084060515,0.31223036018862244,0.29808578958552023,0.4921514391899109,0.27457770705223083,0.00028772695804946125,0.9999220371246338,-0.014251953922212124,0.5375286936759949,-0.9996855854988098,0.9999436140060425
14366.922000000002,1381660,276480,360,135.5549279864381,426,0.514264529945059,0.514264529945059,,12.0,76,84831,85986,50.70695114135742,40.140625,3,3000.0,-0.007483028096248745,21.78767490386963,2.593790837128957,0.01697845586473894,0.21575131442708273,0.8639575157249584,60,1.4139284115773005,0.5474596349911998,0.550000011920929,0.11849710982658959,0.12257021210679454,0.17369009882528436,0.19370429570438635,0.09388402013798247,0.1016712556126409,0.13779600969606565,0.13589282297288247,0.1495431661383554,0.1451462629533604,0.3265895953757225,0.30101515064993534,0.4838733375072479,0.2778376042842865,0.00011770445416914299,0.9996597766876221,-0.024868875741958618,0.5518198013305664,-0.9996222853660583,0.9999746084213257
14394.249999999996,1385493,277248,361,140.33610368691654,429,0.47764331946029165,0.49717456946029165,419.2666666666935,7.5,76,84956,86153,47.01002502441406,48.21480941772461,3,3000.0,-0.007299954260122918,742.3482397170294,2.4659515562511625,0.011026821141341573,0.16452151526685893,0.3142177017862712,42,1.34012562908386,0.5477457812529769,0.5448864698410034,0.12339216272808855,0.13421620213872248,0.18830391863595572,0.22580389069539109,0.09811546515106193,0.10619019522027631,0.1274304516900987,0.11754902991508343,0.123691295243793,0.10802076681556473,0.3390667065510021,0.308219915214962,0.475102961063385,0.2771073877811432,1.2327586773608346e-05,0.9994761347770691,-0.022192679345607758,0.5410593748092651,-0.9998466968536377,0.9994055032730103
14415.827999999998,1389333,278016,362,178.09108617012996,430,0.5078484250472494,0.5143588417139161,44.000000000000355,14.333333333333334,76,85138,86299,57.29404067993164,54.934776306152344,3,3000.0,-0.005661233206323925,305.1066618419829,2.4597766399383545,0.014739991253341023,0.18295503209256345,0.10200822276939192,42,1.368054789741896,0.5384531705786051,0.5278869867324829,0.11987515959710597,0.12043102952962378,0.2011632855724216,0.23624744935599323,0.08511845651865513,0.09011400994388975,0.14626188111788907,0.140632625162081,0.15491559086395235,0.1445145642268523,0.2926656263299759,0.2680603217815599,0.4708881378173828,0.27041202783584595,0.0003389112825971097,0.9998617172241211,-0.0362556092441082,0.53440260887146,-0.9997001886367798,0.9996693134307861
14447.749999999996,1393172,278784,363,120.32219645209533,431,0.5049086905624898,0.5114191072291564,94.39999999999891,11.5,76,85375,86558,43.35295104980469,35.19244384765625,3,3000.0,-0.009094370135712918,326.94656811338484,2.532798752640233,0.007520065410811842,0.0980510373536328,0.12429546679279235,66,1.4167645346728175,0.5122624184025534,0.5125481486320496,0.1383780801765355,0.13846203240965146,0.16761677087164398,0.2206914435373998,0.07502758367046708,0.07414565844644151,0.15088267745494668,0.14491337622850392,0.17506436189775654,0.15423647228081844,0.29303052592865025,0.2675510170971849,0.47927409410476685,0.2778242230415344,7.018876203801483e-05,0.9999746084213257,-0.017158949747681618,0.5520817637443542,-0.9997828602790833,0.9999245405197144
14472.499999999996,1397009,279552,364,155.13058947200233,432,0.5090910427156204,0.5156014593822871,404.2000000000234,14.0,76,85590,86763,50.22078323364258,51.508358001708984,3,3000.0,-0.006905454210937023,70.66430576642354,2.551910529534022,0.004636023947980798,0.03530641734444847,0.4801252941004257,24,1.4074746433692642,0.5210466016921322,0.5203539729118347,0.129228998849252,0.1301952052302983,0.19758342922899885,0.2229478902539499,0.08319907940161105,0.08816147599384694,0.12543153049482164,0.1252863451219372,0.19309551208285386,0.17907074178829258,0.2714614499424626,0.25433834161167507,0.4822026789188385,0.27525150775909424,6.538067827932537e-05,0.9999234676361084,-0.045171260833740234,0.5415863990783691,-0.9999717473983765,0.9996826648712158
14512.530999999999,1400844,280320,365,95.83906035236926,436,0.48862435953585304,0.5146660262025197,203.12500000000898,11.666666666666666,76,85817,87024,53.1866569519043,47.86707305908203,3,3000.0,-0.008477772609472306,1086.317230686997,2.5690287243236196,0.008383982782632802,0.09403649470627759,0.23321155097570945,66,1.4159639042240395,0.5027311018550807,0.49912208318710327,0.13450398262128893,0.14010511372006412,0.14871469949312094,0.19370734273810022,0.0832729905865315,0.09904154087069678,0.12101737871107893,0.12006633255624204,0.20999275887038377,0.17698744599792018,0.30249818971759596,0.27009222411697664,0.49741309881210327,0.2822934091091156,0.00024044934252742678,0.999933123588562,-0.03772558644413948,0.5562734007835388,-0.9998943209648132,0.9998359680175781
14542.891,1404673,281088,366,126.18639599262912,439,0.49660993027053163,0.5161411802705317,223.13333333333526,11.333333333333334,76,86003,87227,56.130767822265625,54.96001434326172,3,3000.0,-0.0007072457897097424,883.2284574155454,2.580964931735286,0.00315999298427411,0.03058856909370257,0.19952284301352163,54,1.418841505492434,0.5116025300180865,0.510490357875824,0.1428403893514718,0.1456221805253924,0.17415269145068604,0.201354487225622,0.09335053359915563,0.10400198074318076,0.12607013017473906,0.12195338928582893,0.1802509675149525,0.1598236752611005,0.283335287908995,0.2672442869588754,0.49187415838241577,0.2756596505641937,0.0001447103131795302,0.9999915957450867,-0.06135617196559906,0.5546340346336365,-0.9996264576911926,0.9996150732040405
14571.234,1408513,281856,367,135.5549279864381,439,0.5341792618743973,0.5341792618743973,,20.666666666666668,76,86310,87478,46.96281051635742,41.58857345581055,3,3000.0,-0.01705975319297674,25.941347228156197,2.5545707841714225,0.010938741157800254,0.15773925076549253,0.4527472160946038,72,1.4141984319233056,0.48527279884242697,0.4878377318382263,0.1289793239251723,0.13089416029763656,0.17755169018706926,0.20438306503119652,0.09131933048900558,0.09786523245689434,0.1361995405316705,0.13092918322321245,0.20233016081391533,0.1849179961298672,0.26361995405316707,0.2510103628611929,0.48722296953201294,0.27420511841773987,3.341314732097089e-05,0.9998756647109985,-0.05630987882614136,0.5490688681602478,-0.9999656677246094,0.9999117851257324
14605.672000000002,1412353,282624,368,111.55656266339369,439,0.5184948421949586,0.5184948421949586,,14.0,76,86584,87792,49.57243347167969,49.26926040649414,3,3000.0,-0.013729015842844278,23.316365021925705,2.6353776302093115,0.011017393616469855,0.1486486649642197,0.7129871583243661,78,1.4374240377924472,0.4728591629451427,0.471003919839859,0.13443165575866997,0.13836457768200588,0.14661852102610395,0.16397286403618141,0.08485669149176259,0.09027075569726206,0.13887008199804407,0.13406170996075725,0.20928308132099602,0.19132836348886387,0.2859399684044234,0.28200172913492955,0.4886099398136139,0.2794835567474365,5.3590589232044294e-05,0.9999598860740662,-0.039874304085969925,0.5575804114341736,-0.9999552965164185,0.9995580911636353
14636.952999999998,1416191,283392,369,122.75315038701763,440,0.5160908186287972,0.5226012352954639,372.80000000001627,13.333333333333334,76,86825,88042,46.927947998046875,44.172340393066406,3,3000.0,-0.011543023936224707,228.2851992520419,2.577856233625701,0.01210371888298208,0.17942134869129708,0.505928406496229,66,1.4452644764186784,0.5013623541754645,0.4956265389919281,0.15802611367127495,0.16872508992864055,0.15610599078341014,0.18143855932647843,0.08362135176651306,0.08849375509055037,0.14564132104454686,0.1368565095074708,0.18548387096774194,0.16818928134456612,0.27112135176651303,0.2562968048022937,0.4876478314399719,0.2767966687679291,3.51812741428148e-05,0.9998795390129089,-0.047266606241464615,0.555223822593689,-0.9999411702156067,0.9995946884155273
14665.984,1420031,284160,370,132.34533861795887,440,0.5097835412914273,0.5097835412914273,,13.5,76,87051,88267,60.711727142333984,58.35334777832031,3,3000.0,-0.004725285366779038,22.29619093294497,2.4703051337489375,0.006723321706045158,0.07501762673362261,0.7940787913963333,54,1.425057320565501,0.4823100867584435,0.47989460825920105,0.14505862646566164,0.14296423750743747,0.19151312116136238,0.2249665349439967,0.09860413176996091,0.1085441237804657,0.13590173087660526,0.1299536831011955,0.17185929648241205,0.15094433657271428,0.2570630932439978,0.24262708409419034,0.478090763092041,0.2745285928249359,0.00019277157844044268,0.9996814131736755,-0.05205851420760155,0.5436105728149414,-0.9998785853385925,0.9981415271759033
14712.077999999998,1423863,284928,371,83.16333174182665,443,0.500011751433617,0.519543001433617,276.5666666666812,15.333333333333334,76,87300,88520,45.9877815246582,46.837562561035156,3,3000.0,0.0005497168717233257,759.4119110107422,2.5856092837121754,0.0030358702078309217,0.023391323613597907,0.34761222239524014,72,1.426286479446415,0.47396461744815255,0.47291234135627747,0.13470146102525124,0.1346170762052604,0.1629085381302255,0.1982488987937884,0.08470568364158433,0.11056515104595184,0.12971877375221688,0.12188564171306329,0.1753230301494806,0.14766465194297623,0.31264251330124143,0.2870185802989599,0.48567304015159607,0.2787753641605377,0.00014928283053450286,0.9998971223831177,-0.034730907529592514,0.5497128367424011,-0.999902069568634,0.999697208404541
14743.499999999996,1427693,285696,372,121.95121951221297,446,0.4840118225643453,0.5035430725643453,157.83333333334178,9.166666666666666,76,87458,88730,49.50678253173828,49.09689712524414,3,3000.0,-0.010817422617778735,689.5800536826805,2.5460824833975897,0.0018680106603191765,0.013051261185426955,0.2676652013301858,54,1.4205987658402595,0.4792187865338267,0.46843573451042175,0.1433836642491975,0.14812138380684514,0.17084769944120795,0.20956441822431338,0.09570800142670313,0.11139756120688254,0.13422898585186066,0.11924293056699216,0.16656759006063487,0.14314867371191145,0.2892640589703959,0.2685250324830553,0.48598477244377136,0.27880457043647766,1.6941282865445828e-06,0.9990699887275696,-0.05597822740674019,0.5540574193000793,-0.9994359612464905,0.9996458292007446
14762.359,1431533,286464,373,203.78920554051084,446,0.5046023440479992,0.5046023440479992,,10.833333333333334,76,87657,88919,46.02983856201172,48.06016540527344,3,3000.0,-0.0024807530207908712,21.850755016009014,2.4885832021633782,0.0005690277406344874,0.0007552351241126113,0.9633043277989027,48,1.4040661357409467,0.47237951114332793,0.48220571875572205,0.14040660736975857,0.14015314076799448,0.20533672172808132,0.22892882004871126,0.10381194409148665,0.10075008433645585,0.12109275730622618,0.12023328448087398,0.14891994917407878,0.14262401492879054,0.2804320203303685,0.26731065543717386,0.4836370348930359,0.27348873019218445,0.00026037520729005337,0.9998197555541992,-0.06527413427829742,0.5377576947212219,-0.9994490146636963,0.9999157190322876
14790.999999999996,1435368,287232,374,133.97379912663754,448,0.4992838243772193,0.5123046577105527,422.7500000000276,8.5,76,87854,89140,59.836578369140625,59.34553909301758,3,3000.0,0.007656453007318002,387.4136763572693,2.5993902842203775,0.0056609013393505055,0.07908517371979543,0.6350401535486739,60,1.4452043887824821,0.480165376848131,0.48753461241722107,0.12123183691173281,0.12123718394416584,0.16406419431793537,0.1934111031791085,0.09672522229451312,0.10506658524110056,0.1595098677076556,0.15600338386278143,0.17664281067013662,0.1600645342344707,0.28182606809802646,0.26421720953837297,0.48880401253700256,0.2771924138069153,0.00014326904783956707,0.9999075531959534,-0.04770021140575409,0.5520581603050232,-0.9999974966049194,0.9997365474700928
14819.797000000002,1439205,288000,375,133.31711893261675,450,0.5090169104328682,0.5220377437662016,28.85000000000014,11.333333333333334,76,88060,89339,52.59026336669922,46.724761962890625,3,3000.0,-0.002041006584962209,624.9740971883137,2.6260876417160035,0.0032763004555923852,0.039810733972505355,0.37755151590162916,60,1.43574103289903,0.45002667280366876,0.4587472677230835,0.1419797318046883,0.14053210854393594,0.15743678984542941,0.17704420940613363,0.10512846760159689,0.11693920583679927,0.1018527996724332,0.10343792324068335,0.17401985873682055,0.15680917902532138,0.31958235233903165,0.3052373739471264,0.4897750914096832,0.2794295847415924,0.00034362523001618683,0.9999217987060547,-0.04707909747958183,0.5489568114280701,-0.9997113943099976,0.9994808435440063
14844.405999999999,1443042,288768,376,156.01366186876547,451,0.504305381586119,0.5108157982527857,323.7000000000051,10.666666666666666,76,88250,89538,47.97696304321289,45.52594757080078,3,3000.0,-0.0043273737774816926,272.5430251227485,2.589503283853884,0.00035523667456059004,0.00031764613716707874,0.7729488306164493,54,1.442789453125,0.45309247881452613,0.4526869058609009,0.1392,0.13363578182112193,0.19965714285714287,0.21588861648914637,0.1216,0.1263106643864514,0.11142857142857143,0.10489333313344881,0.16434285714285715,0.15808181623201606,0.26377142857142855,0.26118978793781544,0.49172231554985046,0.2768906056880951,2.1562761958193732e-06,0.9997957944869995,-0.07380492240190506,0.5447118878364563,-0.999778151512146,0.9997849464416504
14867.922000000002,1446879,289536,377,163.16550433744973,452,0.5062726855916814,0.512783102258348,304.20000000000067,8.333333333333334,76,88405,89712,51.499088287353516,41.494354248046875,3,3000.0,-0.002574740577040723,330.9457058376736,2.569266668072453,0.004147184958950434,0.04932842103557454,0.7759452625034172,54,1.4490758261881453,0.4610039636236304,0.4673757255077362,0.13539833391998124,0.1386362374531591,0.19429778247096094,0.22575092469769498,0.11134577026868474,0.12552223513142466,0.11556963510500998,0.11088438965533898,0.1718878329226798,0.15366482947562665,0.2715006453126833,0.24554138358675565,0.4917246997356415,0.27636051177978516,6.689988367725164e-06,0.9999145269393921,-0.07171132415533066,0.547738790512085,-0.9999744892120361,0.9997295141220093
14900.280999999999,1450717,290304,378,118.66188473906497,453,0.5185221931883319,0.5250326098549986,111.29999999999795,12.333333333333334,76,88582,89870,44.904117584228516,45.022850036621094,3,3000.0,-0.016709246746419618,296.3735554377238,2.549322807788849,0.005295361593130476,0.05923548855159121,0.8436866868280057,60,1.434775517861201,0.45983904921336705,0.46380090713500977,0.13544086455913545,0.12995716425626688,0.20008079991920008,0.2645929982485274,0.0912029087970912,0.10524014688592723,0.10574689425310575,0.10198303992433903,0.16604383395616604,0.12940557678228165,0.30148469851530146,0.2688210739026578,0.4937938451766968,0.27831393480300903,2.918691825470887e-05,0.9999085664749146,-0.05605946108698845,0.5559930801391602,-0.9995256066322327,0.999752402305603
14941.594000000001,1454550,291072,379,92.81545875003327,455,0.5240741095047768,0.5370949428381102,609.40000000007,15.0,76,88855,90137,44.67139434814453,43.913047790527344,3,3000.0,-0.012363821836725738,254.65663567567483,2.678205199730702,0.010042444879083937,0.14852837696134186,0.8476720653090981,78,1.474669706770153,0.45429060719764036,0.4469904899597168,0.1357559926244622,0.13532961143088015,0.17217271051014135,0.1915712660242193,0.11063306699446834,0.12178081289905357,0.11862323294406883,0.1144790309473754,0.1795482483097726,0.15914898975925185,0.28326674861708667,0.2776902889392197,0.497771292924881,0.28058865666389465,6.044877227395773e-05,0.9999902844429016,-0.05198793113231659,0.5545745491981506,-0.9996334314346313,0.9995276927947998
14971.469000000001,1458390,291840,380,128.60013395847037,455,0.5174540230864114,0.5174540230864114,,15.5,76,89089,90368,47.319618225097656,45.691802978515625,3,3000.0,-0.00419943591149411,27.73913790962913,2.4785684130408545,0.00723608739644281,0.07357642072725645,0.8044386630768686,66,1.428211062851463,0.45957468220279124,0.46446138620376587,0.1318494765632368,0.12593317879101582,0.22361595774780724,0.2702746079372053,0.1237385645572008,0.13460391505513683,0.10591342072998208,0.09977010357069002,0.17825143827218712,0.15099278985118053,0.23663114212958597,0.21842540479477152,0.495358943939209,0.27450183033943176,0.0004897875478491187,0.9999996423721313,-0.06684219837188721,0.5425447225570679,-0.9996415972709656,0.9997745752334595
14998.655999999999,1462230,292608,381,141.32194906522116,455,0.517168025268825,0.517168025268825,,10.0,76,89268,90580,44.785831451416016,43.485496520996094,3,3000.0,-0.0037040000139368754,19.51977183602073,2.5408670288143735,0.00339071949514434,0.025724239523917662,0.9178739115431793,66,1.439088206224802,0.4767019757417659,0.47359800338745117,0.1413280287960595,0.1359508443698942,0.21284455811310032,0.24210727053390285,0.1399071705977077,0.14901965273621334,0.11660509614473809,0.11133165859631551,0.1694610211234252,0.15132280214061505,0.21985412522496922,0.210267771623059,0.49423274397850037,0.2753385603427887,0.00016612077888567,0.999613881111145,-0.07505113631486893,0.5478616952896118,-0.9999880194664001,0.9999973773956299
15025.641,1466069,293376,382,142.3486224925055,456,0.5103549790711219,0.5168653957377886,341.90000000000924,12.166666666666666,76,89430,90734,49.73429489135742,45.8297004699707,3,3000.0,-0.0033492709626443684,266.1058205763499,2.4142332126696906,0.0008015887766395687,0.004014120911354742,0.5024613944731748,48,1.4033179075509397,0.4771401214892785,0.4704752266407013,0.13514870121721673,0.12225346933546474,0.235537708620906,0.28839598795517174,0.13903877525410968,0.16174655157974077,0.10754172418120216,0.10463320831799766,0.1661438072531058,0.139945938083049,0.21658928347345965,0.18302484472857608,0.5002365708351135,0.27209222316741943,0.00010033975559053943,0.9999902248382568,-0.07580757886171341,0.5454991459846497,-0.9998297691345215,0.9987740516662598
15061.624999999996,1469902,294144,383,106.56398565432137,459,0.4849587163314655,0.5044899663314655,288.1000000000197,9.166666666666666,76,89617,90954,48.65102005004883,51.01704406738281,3,3000.0,0.006726948672439903,663.598042233785,2.5762916604677835,0.002228337777396485,0.017270175577626407,0.5057015093740067,60,1.4327346311646816,0.4823751192229388,0.4835573136806488,0.14164882226980727,0.1382749785528457,0.20160599571734475,0.22582781641833632,0.13586723768736617,0.15062413443763872,0.11295503211991435,0.1099821859425193,0.16349036402569594,0.13970584371197173,0.24443254817987153,0.23558504093668822,0.4965915381908417,0.27909380197525024,7.918183109723032e-05,0.9999973177909851,-0.07547274231910706,0.5445593595504761,-0.9995908737182617,0.9994421005249023
15087.109,1473738,294912,384,174.86438437344833,460,0.5102466521774238,0.5167570688440905,366.10000000001475,13.0,76,89766,91085,53.20835876464844,52.55951690673828,3,3000.0,-0.006710009472001167,269.19801330566406,2.4410821540015086,0.00041644929356812017,0.0008294399234554952,0.5870939513592228,42,1.3850280336880076,0.4595305071206416,0.4468652606010437,0.12688515081206497,0.1231319922600227,0.2517401392111369,0.2884974634057392,0.1273201856148492,0.13449655154006124,0.1148491879350348,0.10528754365226459,0.14428654292343387,0.13185749500974334,0.23491879350348027,0.216728954132169,0.49970173835754395,0.27279695868492126,3.4592445445014164e-05,0.999211311340332,-0.08941958099603653,0.5400275588035583,-0.9998968243598938,0.9996174573898315
15110.219000000001,1477578,295680,385,166.27695505322748,462,0.4893461512857438,0.5023669846190771,243.2500000000167,9.0,76,89913,91266,54.015968322753906,51.80916213989258,3,3000.0,-0.0020629046872879067,579.2411231994629,2.532560726006826,0.00017232430206174198,0.0,0.564715486849394,48,1.410696914285655,0.45863142142773966,0.45799458026885986,0.12953367875647667,0.1269257407402082,0.20074398830875514,0.22728457998162363,0.12036667995217218,0.1324702968749313,0.12860369337053276,0.12244867404715971,0.1590275009964129,0.14330241950355865,0.2617244586156503,0.2475682888525185,0.5028517842292786,0.2805500328540802,2.5213601475115865e-05,0.9999253153800964,-0.055544059723615646,0.5511575937271118,-0.9998064041137695,0.9998956918716431
15140.547000000002,1481417,296448,386,126.64533368520954,464,0.5065759620325826,0.5195967953659159,357.9500000000421,8.166666666666666,76,90073,91441,44.514408111572266,43.427162170410156,3,3000.0,-0.008246311291049305,386.8636101942796,2.5912638994363637,0.00693832294071493,0.07297248197182153,0.5666778168424027,52,1.424103641554346,0.4378788350374989,0.4315490424633026,0.12273361227336123,0.13051464263201304,0.16469084146908414,0.2277669568211385,0.11180846118084611,0.11227879334057468,0.1285448628544863,0.1216507441477144,0.1816596931659693,0.13967741213003432,0.2905625290562529,0.26811145092852506,0.5099615454673767,0.28326475620269775,0.00015355819778051227,0.9999456405639648,-0.06645917147397995,0.5522421002388,-0.9999931454658508,0.9989937543869019
15167.719000000001,1485253,297216,387,141.25271569024954,465,0.5083167851346527,0.5148272018013195,29.100000000000144,10.333333333333334,76,90267,91627,48.08940505981445,55.76154327392578,3,3000.0,-0.013119439497165365,320.07019339667426,2.540156501310843,0.0029341970657143558,0.026114450446416245,0.17253245998301925,54,1.4294661689410637,0.4869805507972592,0.4873536229133606,0.1312113579116098,0.1305533386198793,0.1976185024043966,0.2424240797866018,0.13727959697732997,0.14738345216742452,0.13281428898557363,0.11982731872423719,0.14288985573620333,0.12036351342237339,0.25818639798488663,0.2394482972794838,0.5044999122619629,0.2777178883552551,0.00016541693184990436,0.9997336864471436,-0.043343450874090195,0.5522258281707764,-0.999943733215332,0.9998488426208496
15188.641,1489089,297984,388,183.47921748697271,466,0.5086487131031511,0.5151591297698177,365.1000000000145,7.666666666666667,76,90401,91782,53.04984664916992,44.76432418823242,3,3000.0,-0.011577299709945995,260.0841478904088,2.5864339421192803,0.007414678013793793,0.10670587190300769,0.44333545572951927,48,1.4161662800419903,0.49679387469941594,0.4922294020652771,0.13909520594193112,0.14454542748058158,0.21580013504388926,0.2394595901167542,0.11289669142471304,0.11698264555950637,0.12518568534773802,0.11415792930429142,0.13841998649561107,0.12134425368577735,0.2686022957461175,0.26351015385308907,0.5023747086524963,0.2787763774394989,8.35259270388633e-05,0.9999176859855652,-0.044939685612916946,0.5566654801368713,-0.999945342540741,0.9991971254348755
15212.734,1492922,298752,389,159.1909627045347,468,0.4955630614834279,0.5085838948167613,270.1500000000074,9.833333333333334,76,90574,91952,55.09632110595703,49.1294059753418,3,3000.0,-0.005662010354474963,620.366728146871,2.5340760002533593,0.0019875595182186254,0.011557176238663184,0.18149932072851271,48,1.4108239178731408,0.47813668756581523,0.4697655737400055,0.16000520765525322,0.15375812927190674,0.23330295534435622,0.26565280737911995,0.12888946751725036,0.13271690873678674,0.10389272230178362,0.09919501811960525,0.13461788829579482,0.12283885855468274,0.23929175888556178,0.2258382779378986,0.4978560507297516,0.2780527174472809,0.00015809301112312824,0.9999572038650513,-0.0598793625831604,0.5531352162361145,-0.9999139308929443,0.9999372959136963
15236.202999999998,1496761,299520,390,163.6890802882267,469,0.5096279763094919,0.5161383929761585,32.40000000000019,13.833333333333334,76,90775,92134,53.6319580078125,55.59192657470703,3,3000.0,-0.013372166838962585,222.86300973539,2.543388101789686,0.004734878383698633,0.060838586676658854,0.3787976580904334,54,1.4013486851080472,0.4532921318502559,0.44522589445114136,0.15110593713620488,0.14826232580667392,0.23841676367869616,0.2698311431266841,0.14342258440046565,0.1529878783324755,0.09580908032596042,0.09439748451985232,0.11641443538998836,0.1023326225626118,0.2548311990686845,0.23218854565170233,0.5050069689750671,0.27727851271629333,3.050620944122784e-05,0.9998361468315125,-0.04668612405657768,0.5560476779937744,-0.9997941255569458,0.9991387128829956
15273.469000000001,1500601,300288,391,103.08724832214764,469,0.5217264988533625,0.5217264988533625,,16.166666666666668,76,91093,92438,52.625892639160156,51.04717254638672,3,3000.0,-0.004969635806489913,23.52857544308617,2.5453220889681862,0.0036786354086512504,0.033766866002614346,0.9755749128474187,84,1.3933403338056796,0.47022964197193856,0.47010791301727295,0.14215476699444207,0.13905769972272247,0.18989596693743765,0.25202719386721023,0.10773834972210346,0.1342328831325518,0.08507909362975631,0.07933804841914856,0.13160894969360126,0.10624010479736054,0.34352287302265927,0.2891040700610064,0.49395135045051575,0.2801133692264557,8.276112930616364e-05,0.9999479651451111,-0.02653447538614273,0.5616909861564636,-0.9999459981918335,0.9998546838760376
15311.280999999999,1504440,301056,392,101.56890758526168,471,0.501013967867395,0.5140348012007284,518.2000000000493,14.333333333333334,76,91366,92732,47.45335388183594,49.633888244628906,3,3000.0,-0.013074369400147775,357.03347010784836,2.618826834552259,0.008025069781251379,0.10569980331270182,0.6718569195825566,83,1.4032545857622525,0.47410724787497727,0.48139864206314087,0.12830629840713137,0.12708400691200078,0.17309659506064592,0.19871259730490792,0.1182230016074821,0.13411775776760718,0.09330702908081251,0.09188415403231928,0.12604120999561597,0.1085455427916105,0.36102586584831214,0.33965594119155434,0.4992765188217163,0.2835657000541687,0.00015771578182466328,0.9998812079429626,-0.027249164879322052,0.5611667633056641,-0.999894917011261,0.9999536275863647
15344.562000000002,1508280,301824,393,115.43664512250315,472,0.5066808402518771,0.5131912569185438,58.000000000000554,17.666666666666668,76,91626,92977,51.91947555541992,50.26054763793945,3,3000.0,0.038784724089407155,195.48312408693374,2.5756611054943455,0.007967107077400297,0.0964944688546952,0.6256198560976578,31,1.3722279776208894,0.4780972960127375,0.4763357639312744,0.13529221827575072,0.13081169447719113,0.2340975137229577,0.27210738951523744,0.11559573781078462,0.12470085850508741,0.08701969648046497,0.08307608463685895,0.09896674200839523,0.08763440030687966,0.32902809170164676,0.30166957255874544,0.4901362359523773,0.28187018632888794,4.604535934049636e-05,0.9999589920043945,-0.041418660432100296,0.551939845085144,-0.9997411370277405,0.9998996257781982
15371.999999999996,1512120,302592,394,140.03354970462357,472,0.502241865245366,0.502241865245366,,12.833333333333334,76,91827,93207,57.85846710205078,56.40608215332031,3,3000.0,-0.004297328596955843,38.73734644687537,2.5086715040784893,0.0015919364223566017,0.00797958065275893,0.9563344809151417,66,1.3696875428355229,0.43916829890735387,0.439653605222702,0.11950586339629397,0.118727756605434,0.17160504878703786,0.23752551901062588,0.1198639333989795,0.1179433756761092,0.10751051830632889,0.09911517147962338,0.0998120132485901,0.08276648989503162,0.3817026228627697,0.3439216873331759,0.48929059505462646,0.2809838652610779,5.274602153804153e-05,0.9999330043792725,-0.038880955427885056,0.5530920624732971,-0.9999985694885254,0.9995609521865845
15401.984,1515957,303360,395,128.0365723438302,473,0.5033395947175875,0.5098500113842541,421.2000000000273,15.0,76,92054,93426,44.66357421875,39.02107238769531,3,3000.0,-0.005415441424702294,225.09443879127502,2.59146867858039,0.002231374290259259,0.018770638659286003,0.8001571509644705,72,1.3868444438648555,0.43119753249886766,0.43288108706474304,0.13237969240945924,0.13742937019917723,0.18794443525715232,0.19805541752575104,0.12171324623780387,0.12591563496418684,0.10517612039027617,0.10341317696372872,0.09376550355548206,0.08832754789430287,0.35902100214982635,0.3468588524528533,0.4861584007740021,0.2789868414402008,1.1348984116921201e-05,0.9998967051506042,-0.04623664915561676,0.5539311766624451,-0.9992953538894653,0.9997113943099976
15426.874999999996,1519797,304128,396,154.3718592964824,473,0.5064529667287562,0.5064529667287562,,11.5,76,92254,93647,42.76681137084961,38.473812103271484,3,3000.0,-0.008654175302856884,20.461252689361572,2.5253058816447402,0.002286489729417925,0.019350742241261865,0.9886722772560199,66,1.3685880031706263,0.43715644467391696,0.4385037124156952,0.13935276912916314,0.13782069068785444,0.1952070950089631,0.2266478052096988,0.12170959524483442,0.13654404319777763,0.10255684498537598,0.09810833898223886,0.08680064156995942,0.08215925982862507,0.35437305406170394,0.3187198620938052,0.48722103238105774,0.2810162603855133,1.606699515832588e-05,0.9999591112136841,-0.043277911841869354,0.5522401332855225,-0.9994269013404846,0.999869704246521
15452.094000000001,1523629,304896,397,152.04539142164808,475,0.48301972222084594,0.4960405555541793,601.1000000000681,9.333333333333334,76,92389,93805,50.805667877197266,54.54307556152344,3,3000.0,-0.009505514948007962,165.22089966138205,2.449164023001989,0.00299746187486725,0.03149860220340391,0.8851666875165443,48,1.3289454938671004,0.4324559997199755,0.42838054895401,0.13453209082556766,0.1312822714107846,0.22877017981362383,0.2512456152698492,0.13531959574747343,0.12838079848376155,0.09646935293345583,0.09635817831170863,0.07756923480771755,0.07603877419505625,0.3273395458721617,0.31669436232883974,0.4782741963863373,0.2752974033355713,2.9984097636770457e-05,0.9998663663864136,-0.05101156607270241,0.5452122092247009,-0.999972403049469,0.9999203681945801
15480.249999999996,1527469,305664,398,136.4557051988397,475,0.5295840151168066,0.5295840151168066,,18.0,76,92633,93997,46.302730560302734,44.81620788574219,3,3000.0,-0.004084319933996185,24.717527204089695,2.4353350235356226,0.006710561004115652,0.0934037852502014,0.9756294958751045,72,1.3250597135288509,0.4310133074810397,0.4321473240852356,0.13245844269466317,0.12693376424506075,0.1952755905511811,0.2371579760150188,0.11714785651793526,0.12435124846748674,0.09623797025371829,0.08785157082884444,0.07699037620297462,0.06791789682518054,0.38188976377952755,0.35578754361840875,0.48039790987968445,0.27685514092445374,8.499808609485626e-05,0.9999396800994873,-0.04066997393965721,0.5566421747207642,-0.9998617172241211,0.9995613098144531
15505.780999999999,1531309,306432,399,150.49970605526505,476,0.5022223929894172,0.5087328096560838,577.5000000000628,13.333333333333334,76,92807,94204,49.69776153564453,50.81810760498047,3,3000.0,-0.0035840027941352066,89.97920910517375,2.414319376150767,0.005237544758505713,0.06368944755134483,0.841623187703215,60,1.2818251768916877,0.4357313707103044,0.4353616237640381,0.12082890541976621,0.11322675648985837,0.20106269925611053,0.2548225783525398,0.12359192348565357,0.13144905906643328,0.09160467587672688,0.08420159026520145,0.07247608926673751,0.05841454214888568,0.3904357066950053,0.3578854736770814,0.47724485397338867,0.27925071120262146,1.066114600689616e-05,0.9996687173843384,-0.04688321426510811,0.5508881211280823,-0.9994204640388489,0.9987843036651611
15534.891,1535149,307200,400,131.98597649001007,476,0.518220816796895,0.518220816796895,,13.833333333333334,76,93024,94418,44.640018463134766,42.37763977050781,3,3000.0,-0.002298732142827992,20.964474389047332,2.3998323751218393,0.003941184688835302,0.04112040059540463,0.984725001607536,66,1.3257717055110765,0.45034735532977405,0.44441261887550354,0.1380181528960419,0.13327348252971655,0.18957612052025827,0.2521400458675808,0.13764386637971368,0.12803435564917032,0.0998409282305605,0.08932623751795192,0.07345372882941892,0.06331519970583616,0.3614672031440067,0.3339106787297443,0.48093104362487793,0.2782812714576721,7.635626388946548e-05,0.9997872710227966,-0.03327898681163788,0.5501587986946106,-0.9999513626098633,0.9996367692947388
15560.234,1538987,307968,401,151.53190145292945,477,0.5109256757514574,0.5174360924181242,592.3000000000661,10.333333333333334,76,93158,94578,41.94936752319336,38.367557525634766,3,3000.0,-0.007469347437411973,86.00024425983429,2.374258096019427,0.0037273850635279417,0.0405227223369972,0.9332678427917221,48,1.3310179649793041,0.42346657320579384,0.4253416061401367,0.14039589442815248,0.13698157587236617,0.18499511241446726,0.2459052974118792,0.145405669599218,0.14455659361866208,0.09836265884652981,0.09153540706031599,0.0680596285434995,0.05381091813394596,0.36278103616813295,0.3272102079028306,0.47697821259498596,0.2784966826438904,0.00020174057863187045,0.9996975064277649,-0.05856656655669212,0.5516489148139954,-0.9999420642852783,0.9998011589050293
15576.999999999996,1542823,308736,402,229.01492537313433,478,0.4876133931656801,0.49412380983234677,490.10000000004294,8.666666666666666,76,93277,94712,47.0985107421875,44.53874206542969,3,3000.0,0.0019494896664077209,202.99916574690076,2.263860351509518,0.0012447009638086469,0.0001563566418351709,0.8353409342599517,36,1.2723678242700924,0.4050565802074948,0.400551974773407,0.11343176089305006,0.10763793984512902,0.24000720201656464,0.3019407637044594,0.1317969031328772,0.12903286953520146,0.07742167806985956,0.06765141064053043,0.07544112351458408,0.06634378810855557,0.36190133237306443,0.32739322816612415,0.4711237847805023,0.27522701025009155,0.0005353190936148167,0.9998829364776611,-0.0647747665643692,0.540971577167511,-0.9994723200798035,0.9991728067398071
15609.062000000002,1546656,309504,403,119.60931161454626,481,0.4970166709272393,0.5165479209272393,364.10000000003197,16.0,76,93489,94895,50.61891174316406,45.034332275390625,3,3000.0,-0.008494623863953166,467.8981099128723,2.5144770443439484,0.006188236230714558,0.063218852650607,0.5242433573020728,32,1.3457152265843337,0.4158321138135516,0.414104700088501,0.12835365853658537,0.1258176906517744,0.1861788617886179,0.2087908910009998,0.11605691056910569,0.12985053700121665,0.09349593495934959,0.08272629875281941,0.09928861788617886,0.08260845597281301,0.3766260162601626,0.3702061266203768,0.4861220419406891,0.2805987596511841,0.00015350083413068205,0.9999502301216125,-0.035918738692998886,0.5556862950325012,-0.999834418296814,0.999849796295166
15640.749999999996,1550496,310272,404,121.2427380651731,481,0.5267585997895791,0.5267585997895791,,13.333333333333334,76,93729,95151,55.173377990722656,52.871498107910156,3,3000.0,-0.001906526356747019,20.408069610595703,2.4820647920881,0.005296656378215619,0.05916825636883177,0.9706914108298959,84,1.3411704956136719,0.36025023650717014,0.36136242747306824,0.13432390054506085,0.12812676584491453,0.19338460389755843,0.23164706712245056,0.0813111326812514,0.08668218180843441,0.10064959307100724,0.0935690546129483,0.09967893675800792,0.0875399859800129,0.39065183304711415,0.3724349446312393,0.47858431935310364,0.27957963943481445,2.231219332315959e-05,0.9998738765716553,-0.041924603283405304,0.5544904470443726,-0.999802827835083,0.9999305009841919
15676.702999999998,1554336,311040,405,106.85366057267454,481,0.5294630762995044,0.5294630762995044,,17.833333333333332,76,94011,95406,46.4512939453125,41.90864181518555,3,3000.0,0.0005269211949780583,25.339868291219076,2.5249495850669015,0.006461634778944652,0.07493995950919473,0.9705317512168096,90,1.356673265325612,0.36585149276588835,0.36441028118133545,0.14796605603448276,0.13928993246648713,0.1794854525862069,0.22606468245806643,0.07543103448275862,0.08034796214737597,0.09577047413793104,0.0930447533888679,0.11018318965517242,0.09913892443064996,0.3911637931034483,0.3621137451085526,0.4830182194709778,0.2811698019504547,6.212019798113033e-05,0.9998614192008972,-0.035891853272914886,0.5582207441329956,-0.999836266040802,0.9992085695266724
15710.952999999998,1558173,311808,406,112.08155634750148,483,0.48747941312300985,0.5005002464563432,528.6000000000516,11.833333333333334,76,94200,95641,45.3282585144043,43.83367156982422,3,3000.0,0.00027273229084369773,298.40606860110637,2.5397558714214123,0.009799178248752946,0.10284978611621466,0.8141394600443016,38,1.3438576309205426,0.38219986594444566,0.3812841773033142,0.1593649692027414,0.1646570664367782,0.1693415459356294,0.18953719218762957,0.07625574737572656,0.08517111092003557,0.08085364795697059,0.07728668306992044,0.10497093779821288,0.09394389939008414,0.4092131517307192,0.3894040479955521,0.4802357852458954,0.27941009402275085,1.4512958159684786e-06,0.9999899864196777,-0.03788604214787483,0.556570291519165,-0.9995410442352295,0.9999644756317139
15739.062000000002,1562011,312576,407,136.6176627629622,484,0.5009497524072385,0.5074601690739051,47.80000000000041,18.5,76,94436,95842,53.386756896972656,56.625022888183594,3,3000.0,-0.008134331441286839,48.19995813658743,2.419368118950815,0.008117848665226662,0.10102419883266768,0.5035020628587384,66,1.3019353651591634,0.44839304439452937,0.4453386962413788,0.153658765108217,0.15238730531616754,0.18017427152628127,0.21173053598325955,0.06493019769511853,0.06496246912601998,0.08788531809238265,0.08382770425919309,0.1056872481963834,0.09526037306650624,0.4076641993816172,0.3918316122488536,0.47300592064857483,0.27432888746261597,0.0001262451260117814,0.9998166561126709,-0.038972921669483185,0.5476652383804321,-0.9998779892921448,0.9997856616973877
15774.687000000002,1565851,313344,408,107.83790614731015,484,0.49529647461512,0.49529647461512,,14.5,76,94670,96100,49.572025299072266,51.138099670410156,3,3000.0,-0.009455916538942032,19.66317226947882,2.4945728809405594,0.002848127534046651,0.023754238774134323,0.9278426841370797,78,1.3401185771196091,0.41028543964730607,0.41380929946899414,0.1479858548585486,0.1430883108627228,0.1354551045510455,0.1789900645271058,0.068650061500615,0.06868211388974149,0.08625461254612546,0.08436963129901348,0.129920049200492,0.11627067742567787,0.4317343173431734,0.4085992019957385,0.47683706879615784,0.27906516194343567,2.9145343432901427e-05,0.9997463822364807,-0.031834203749895096,0.5524649620056152,-0.9998317956924438,0.999658465385437
15811.609,1569683,314112,409,103.83135533516833,488,0.46832898727903594,0.4943706539457026,325.3000000000204,15.666666666666666,76,94852,96295,53.62774658203125,52.354705810546875,3,3000.0,0.006139306438126368,1192.2083640416463,2.4003669023513794,0.0014449718554925938,0.006075445563571217,0.4070227231237724,60,1.3089493121737075,0.4148343108567396,0.4168590009212494,0.13080487016485293,0.12318604939012986,0.16291347915095356,0.21212829260055271,0.08091800452537443,0.08201271869496998,0.09503286283805625,0.09560778677666991,0.09858851416873182,0.0831693694042606,0.431742269152031,0.40389578313341695,0.4688447117805481,0.2769118845462799,9.377451351610944e-05,0.9999187588691711,-0.04198148474097252,0.5525151491165161,-0.9994686841964722,0.9998408555984497
15840.530999999999,1573523,314880,410,132.84439216770375,488,0.5071365440561527,0.5071365440561527,,18.0,76,95088,96517,54.15740203857422,53.65773010253906,3,3000.0,-0.005085947170704862,18.858381695217556,2.411432405312856,0.003794062821820091,0.027556085396402825,0.9751122631033596,72,1.306155243551996,0.39409542750070087,0.3987751305103302,0.12055118775889763,0.11581329334544109,0.16637078366725844,0.19518706331123065,0.07912756784174486,0.08138733790227713,0.09147011581705977,0.0857350638386527,0.10448896779102207,0.09590606272522187,0.43799137712401726,0.42597117887717656,0.47131019830703735,0.27519872784614563,9.982609481085092e-05,0.9995563626289368,-0.04167872294783592,0.5532739758491516,-0.9999925494194031,0.999645471572876
15874.155999999999,1577363,315648,411,114.2551102383401,488,0.516213221666036,0.516213221666036,,17.666666666666668,76,95358,96789,51.36914825439453,48.11072540283203,3,3000.0,-0.001629974575270252,19.475874540540907,2.473903751373291,0.0052268198694668064,0.06346860450899436,0.989923588774486,90,1.2848076284447045,0.3796438938781643,0.37895023822784424,0.10890690972454929,0.10595729582433677,0.1284766436565914,0.14843207266758582,0.07479391461698277,0.07631075156456318,0.10381341733127807,0.10076186623421961,0.09744655183968903,0.09160283187926557,0.4865625628309095,0.4769351818300291,0.47954514622688293,0.28044426441192627,7.540894148405641e-05,0.9999316930770874,-0.032651387155056,0.5566486120223999,-0.9998963475227356,0.9999756813049316
15902.077999999998,1581201,316416,412,137.53314699350076,489,0.4942383059854736,0.5007487226521402,240.29999999999063,14.0,76,95554,97012,52.5008544921875,50.706817626953125,3,3000.0,-0.00434151500138052,377.60947597388065,2.42171700073011,0.003868224545343083,0.04160048170579654,0.7031218386969993,66,1.2492421225420116,0.3892831048917284,0.3946440517902374,0.09991580129104687,0.09905139539950615,0.14921882308915707,0.1767720665960363,0.07774347460005614,0.07503479936256131,0.1000093554121059,0.1003099990403957,0.08522780428477875,0.07934390832068301,0.48788474132285525,0.4694878312808175,0.4751553535461426,0.27837395668029785,0.00019327749032527208,0.9998708963394165,-0.054218873381614685,0.5540524125099182,-0.9998045563697815,0.9993854761123657
15929.266,1585041,317184,413,141.32194906522116,490,0.4993721890228635,0.5058826056895301,698.0000000000902,14.333333333333334,76,95747,97208,49.50540542602539,49.415733337402344,3,3000.0,-0.012042039454293748,75.61879885991415,2.3883074283599854,0.0041936659201601,0.05014476527382309,0.9561308716793903,60,1.2951400071300803,0.3975218256370207,0.40381094813346863,0.11031427968782957,0.10489611517251969,0.1709554946213879,0.22094733430955188,0.08247205230963932,0.08040490800827169,0.11221261337270617,0.10878097888516251,0.08616325669689939,0.07738765136357811,0.43788230331153766,0.40758301226091614,0.4699733853340149,0.27731722593307495,2.847925316018518e-05,0.9998527765274048,-0.05537295714020729,0.5502292513847351,-0.9999711513519287,0.9996045827865601
15950.062000000002,1588881,317952,414,184.78417785474738,490,0.5118833927410124,0.5118833927410124,,9.333333333333334,76,95914,97405,57.38701629638672,58.38549041748047,3,3000.0,-0.004145509520269654,21.025801164132577,2.5268122575901173,0.0034007183452070813,0.029718076136540966,0.9682696940557639,54,1.381855085509258,0.4071476011717606,0.4069127142429352,0.12273040680303378,0.11859555391277388,0.1801884624224316,0.19076476403683854,0.0877959089864399,0.08554576415083556,0.13169386347965986,0.12425302092022829,0.09813835899793151,0.09706945294758261,0.37945299931050336,0.3837714440317411,0.4762881100177765,0.2788555324077606,8.499453542754054e-05,0.9999240636825562,-0.058278247714042664,0.5572820901870728,-0.9997434616088867,0.9990288019180298
15970.297000000002,1592720,318720,415,189.8709134971624,492,0.4834509006026071,0.4964717339359404,550.7000000000567,6.166666666666667,76,96039,97559,54.05669403076172,56.59205627441406,3,3000.0,-0.008943588477060465,295.48892756870816,2.3548214662642706,0.006898569258430793,0.08760237110046935,0.7823200169082623,42,1.2936832619449807,0.4276716451923395,0.4194280505180359,0.09994059994059994,0.09747390865350944,0.20270270270270271,0.2436692350562012,0.08241758241758242,0.08013996416260358,0.10647460647460648,0.10227950526390249,0.10216810216810217,0.09096178342141925,0.4062964062964063,0.38547560344236403,0.4735049903392792,0.27542179822921753,0.00037491830880753696,0.999911904335022,-0.06718404591083527,0.5473376512527466,-0.999354898929596,0.9996805191040039
15994.719000000001,1596560,319488,416,182.85714285714286,493,0.5000973089678514,0.5066077256345181,406.50000000002393,12.0,76,96201,97691,48.74308776855469,53.42852783203125,3,3000.0,-0.005698230437701568,315.93414425849915,2.334427672624588,0.007529269780025603,0.09210575558245182,0.45041213900575483,40,1.2697678511409822,0.44644090973729744,0.43758174777030945,0.08817265369870794,0.08409972682001506,0.21652704813289791,0.2747860402673669,0.08476501490841971,0.0890613326600875,0.0907283827914241,0.08371387189615889,0.10734062189407922,0.09244296676638353,0.4124662785744711,0.3758960615899881,0.4726077616214752,0.27422529458999634,0.0002766027464531362,0.9996828436851501,-0.07191023975610733,0.5427391529083252,-0.9999706745147705,0.9998084306716919
16030.547000000002,1600400,320256,417,107.22363387596107,493,0.5161595329193274,0.5161595329193274,,14.0,76,96408,97886,42.88472366333008,37.845123291015625,3,3000.0,-0.006394843666408307,22.56411554874518,2.4263640886698012,0.00745609281351137,0.08428553352729441,0.9529187954967491,78,1.2916010886260467,0.3545975374815098,0.35544949769973755,0.07012600767003209,0.06661831772404109,0.1343820928230414,0.1959702308023435,0.08194411833763794,0.0909682305251446,0.09031854112859043,0.08651651751035594,0.14447835955232058,0.12088726227474848,0.47875088048837755,0.4390394411633664,0.48251742124557495,0.28051328659057617,3.844568823296868e-07,0.9997638463973999,-0.048248134553432465,0.5595663785934448,-0.9991723299026489,0.9998191595077515
16059.624999999996,1604237,321024,418,132.0235350789907,494,0.5039198028609512,0.5104302195276179,325.70000000000556,13.0,76,96583,98072,49.3701286315918,52.67041778564453,3,3000.0,-0.006696912308689207,190.7641928990682,2.4035995602607727,0.005724913765580683,0.06687180091879176,0.7948168175552968,60,1.2649644309539687,0.36154196589619875,0.3658984303474426,0.06993287245766958,0.06896828162944423,0.1546939184450456,0.20548640469574297,0.09117322913535718,0.08324459511653004,0.09197475202885483,0.09193402489752514,0.1075042580903717,0.0885444335515737,0.48472096984270113,0.4618222601091839,0.47322651743888855,0.2811128497123718,0.00010761814337456599,0.9998098611831665,-0.04554632678627968,0.5591117143630981,-0.9998641014099121,0.9999964237213135
16088.922000000002,1608073,321792,419,131.00645469757347,496,0.49873309467997395,0.5117539280133073,430.0500000000293,14.833333333333334,76,96772,98260,51.69755554199219,52.56107711791992,3,3000.0,-0.01182782806202092,404.5608628012917,2.458093885941939,0.007459026253845869,0.07694295904472132,0.7080150067862506,55,1.3283480348214656,0.3354291045578526,0.3361571133136749,0.06362862815543159,0.06494620832958797,0.17764961709369387,0.21716477649680146,0.09662475181998677,0.09579922090731242,0.0991774605275598,0.09145266464312218,0.12281365226434716,0.11161628967714074,0.4401058901389808,0.41902083994603523,0.4815819561481476,0.27701234817504883,7.392283441731706e-05,0.9999119639396667,-0.028818080201745033,0.5591922402381897,-0.9999396800994873,0.9998009204864502
16120.297000000002,1611913,322560,420,122.44897959183446,496,0.5211113665734338,0.5211113665734338,,15.333333333333334,76,97001,98486,48.87160873413086,47.29253005981445,3,3000.0,-0.005637134228544753,34.834491525377544,2.458337298461369,0.006847609918347314,0.08342830602244551,0.9100226961306946,84,1.2956121890209058,0.3734238239782133,0.37327781319618225,0.06034675199047548,0.05519714561134058,0.16325619465734056,0.20263666934474464,0.09561723342510603,0.09571123722795478,0.09732867028796785,0.0894024970364848,0.11221072996502716,0.10159447148486173,0.47124041967408287,0.45545797929461346,0.4911251962184906,0.2824915945529938,3.8295511330943555e-05,0.9998644590377808,-0.0024395252112299204,0.5597027540206909,-0.999983549118042,0.9999150037765503
16153.187000000002,1615753,323328,421,116.80608365019012,498,0.4999763420233297,0.512997175356663,390.75000000002035,14.666666666666666,76,97191,98690,52.2863655090332,46.91826629638672,3,3000.0,-0.0015250758035108448,432.3319378662109,2.4945960330963133,0.007616621498578315,0.08043187599629163,0.36302141428092405,25,1.3485245597501456,0.35044944267110006,0.3457047939300537,0.06769230769230769,0.06717317886745364,0.18442890442890442,0.24587118199708852,0.1006993006993007,0.10176707723273912,0.10806526806526806,0.09728701936921393,0.11794871794871795,0.10102334251495394,0.42116550116550117,0.38687820001855083,0.49158892035484314,0.28233176469802856,1.0251288813378778e-06,0.9999396204948425,-0.02320602536201477,0.5618330240249634,-0.9998525381088257,0.9993548393249512
16186.547000000002,1619593,324096,422,115.16314779269045,498,0.5258706486155501,0.5258706486155501,,16.666666666666668,76,97452,98939,44.74993133544922,40.46182632446289,3,3000.0,0.004291735744724671,20.559460110134548,2.51840976079305,0.00788313055193956,0.0817666319379997,0.9664330370884207,45,1.294809806657995,0.3839094138317302,0.3821059763431549,0.06553433445108617,0.06411317062200098,0.16438256305583904,0.20486630548765553,0.0882781746610293,0.08972299112005229,0.10482577635223793,0.10043779547744887,0.10373232249599067,0.09388565343700189,0.47324682898381687,0.4469740838558404,0.48659026622772217,0.28282448649406433,0.00015296495985239744,0.9999036192893982,-0.010329551994800568,0.5657063722610474,-0.999672532081604,0.9999665021896362
16220.797000000002,1623427,324864,423,111.99065284065824,500,0.49021592644285095,0.5032367597761843,441.20000000003176,13.333333333333334,76,97655,99172,51.110755920410156,54.17332458496094,3,3000.0,-0.005487186142779661,496.65975813432175,2.501677141045079,0.0032632410662933042,0.030087989952528114,0.6580909346380477,66,1.3388564307536555,0.3779440404901418,0.37403011322021484,0.08055045871559632,0.08005022962025668,0.18614678899082568,0.21489231270027384,0.1018348623853211,0.09932143563256424,0.09596330275229357,0.09054094821286236,0.1189908256880734,0.1096893635277786,0.41651376146788993,0.40550571030626426,0.4960764944553375,0.27991560101509094,0.0001061496659531258,0.9999256134033203,-0.019330566748976707,0.5641433596611023,-0.9994729161262512,0.9999920129776001
16247.016,1627266,325632,424,146.50435048085433,501,0.5091510352662761,0.5156614519329428,359.4000000000132,16.333333333333332,76,97854,99358,51.32262420654297,51.92713165283203,3,3000.0,-0.010943970784093395,265.1051142432473,2.5220347281658286,0.01057181806542047,0.14745200845980877,0.5943545764251466,66,1.3078982527736072,0.3844792853194271,0.3899172842502594,0.060453887011105746,0.05860989288393842,0.19159826170931918,0.22068925021433156,0.12592950265572186,0.11634428067528123,0.10526315789473684,0.09798658208690274,0.09550941574118783,0.08869131644964087,0.42124577498792853,0.4176786776899052,0.4872468411922455,0.28061333298683167,1.729499490465969e-05,0.9998582005500793,-0.01991543173789978,0.5596475601196289,-0.9997420310974121,0.9997663497924805
16274.766,1631106,326400,425,138.4532179556488,501,0.5120072845203466,0.5120072845203466,,12.833333333333334,76,98057,99582,52.92043685913086,55.1493034362793,3,3000.0,-0.011441259253346785,20.62971005295262,2.5128825035962192,0.009315053205581705,0.12013357238681761,0.9600844079427707,66,1.344804775521634,0.38351834541417157,0.3768872916698456,0.09204397242407304,0.08461407468104658,0.16526923793553194,0.22725989514242184,0.10694987888950996,0.11752912505136195,0.09586361095584126,0.08267862839294819,0.10014905906465436,0.09003640864177062,0.4397242407303894,0.39788186809045084,0.49182650446891785,0.2831847369670868,9.645878890296444e-05,0.9999797344207764,-0.01663227006793022,0.5621630549430847,-0.9996229410171509,0.999611496925354
16301.344000000001,1634942,327168,426,144.41139931482599,502,0.5043494699351513,0.5108598866018179,448.6000000000335,12.0,76,98267,99802,49.041290283203125,40.54902648925781,3,3000.0,-0.009733398818890706,237.93393348925042,2.5542595531001235,0.011191985822951908,0.1704954712115454,0.6735690896718995,66,1.3702076691052048,0.4030766963110443,0.39839890599250793,0.08152594887683966,0.07944494927263575,0.18009295120061966,0.21454800416209602,0.107571649883811,0.10579993892317115,0.09953524399690163,0.09582381432632768,0.11125096824167312,0.10183242664417498,0.42002323780015494,0.40255086667159445,0.49359065294265747,0.28441375494003296,0.00023712965776212513,0.9998583197593689,-0.028811022639274597,0.563856840133667,-0.9999070167541504,0.9998974800109863
16327.672000000002,1638780,327936,427,145.85946110286625,503,0.4986374597517795,0.5051478764184462,44.30000000000036,11.166666666666666,76,98468,100013,57.72098159790039,57.1522216796875,3,3000.0,-0.01310043331425361,331.4830076429579,2.581788071879634,0.004430541067121775,0.05247211149954065,0.40260402523592975,54,1.446009288269148,0.40134759517183094,0.40157386660575867,0.10453241537578888,0.10191005035275787,0.20504876649454962,0.24303624262954002,0.1389558232931727,0.14505001966387152,0.11371199082042456,0.10099889034497905,0.10074584050487664,0.08902036307405357,0.3370051635111876,0.319984433934798,0.48557713627815247,0.2820351719856262,0.0003765689325518906,0.9993190765380859,-0.04194078966975212,0.5629076361656189,-0.9996969103813171,0.9999823570251465
16354.844000000001,1642609,328704,428,140.99495526015784,506,0.49064187250839053,0.5101731225083905,429.96666666669597,10.0,76,98605,100172,44.612770080566406,46.37606430053711,3,3000.0,-0.015246885498830428,651.9301433563232,2.598897616068522,0.0033350744987453635,0.040651853261806536,0.6795245639879772,48,1.4282071004276085,0.4056665529274117,0.4122624397277832,0.08058807514293494,0.07707501278807216,0.2408113258916417,0.2653875166083218,0.139531717941737,0.1411583077926117,0.09978219439150558,0.08686727037133694,0.11843179961884019,0.11205593007984718,0.3208548870133406,0.31745596235981016,0.4907536208629608,0.28263676166534424,0.00013749030767939985,0.9999629855155945,-0.04486029967665672,0.5634349584579468,-0.9999489188194275,0.9997649192810059
16372.952999999998,1646449,329472,429,212.22504697692983,506,0.5264389451542507,0.5264389451542507,,14.0,76,98763,100306,52.76198196411133,55.13987731933594,3,3000.0,-0.010871315777573424,21.237718383471172,2.5997779617706933,0.009431530843235586,0.1277225059796668,0.9406941326178502,48,1.453568442865502,0.38334414336866934,0.3883586525917053,0.08503356588126892,0.08077447711337923,0.2215348163748848,0.2552627698023778,0.16124786099776228,0.1534969955933445,0.1203106489403712,0.1106438805063387,0.11965249440568645,0.11142340465940297,0.2922206134000263,0.2883984723251568,0.47792181372642517,0.27812403440475464,1.529701694380492e-05,0.9999445080757141,-0.04316804185509682,0.5578985810279846,-0.9992913007736206,0.9998973608016968
16400.281,1650285,330240,430,140.45108377271052,507,0.5164545341496328,0.5229649508162995,244.5999999999904,12.0,76,98965,100525,57.94418716430664,55.62449645996094,3,3000.0,-0.009143313095490966,392.224306318495,2.6703917185465493,0.012926317520843854,0.18787129999448857,0.29249119078664876,9,1.5197714653056038,0.36965152925011696,0.3655165433883667,0.10644312311141436,0.0997961494147576,0.16580563407739546,0.19558505697446074,0.16268642167852618,0.15364732008190485,0.14231406569841115,0.12616271940001728,0.13510088702602593,0.13372276393918459,0.2876498684082269,0.29108599018967496,0.49009281396865845,0.28556501865386963,0.00011336402531014755,0.9999944567680359,-0.015169408172369003,0.560721755027771,-0.9997445344924927,0.9988957643508911
16427.952999999998,1654121,331008,431,138.7040786809603,508,0.49650347978100706,0.5030138964476737,437.600000000031,11.666666666666666,76,99144,100711,47.467288970947266,51.97163009643555,3,3000.0,0.0005194733307386438,309.19748317400615,2.597666156291962,0.005744717992189229,0.06258402165258303,0.6889707258226154,60,1.4293490546002714,0.34571945222086925,0.344835102558136,0.10153154118025061,0.09887598473939116,0.1431937453143408,0.15808324886381142,0.15315411802506157,0.15223049418261228,0.11256292170932848,0.10472196654947931,0.10677947949020028,0.10476392335107161,0.3827781942808183,0.3813243823136342,0.48919448256492615,0.28334179520606995,0.00016173488984350115,0.9999001026153564,-0.00044187161256559193,0.5620149970054626,-0.9997376799583435,0.9993338584899902
16453.124999999996,1657960,331776,432,152.51072620372653,509,0.4956595509501113,0.502169967616778,26.900000000000112,12.5,76,99306,100873,48.039207458496094,42.56910705566406,3,3000.0,-0.00311038659506098,246.96220948961047,2.559649878078037,0.003718292148598786,0.04455664397769228,0.7406356515896526,54,1.4195063625120152,0.32963961535341124,0.33571672439575195,0.1131171291652736,0.1067863181801613,0.15490917196032541,0.1920553147375986,0.14944834503510532,0.14700677843182566,0.08347264014265017,0.07901168044624673,0.11334002006018054,0.10320719465790498,0.38571269363646493,0.3719327135462627,0.49423062801361084,0.2837071418762207,1.203700048790779e-05,0.9997800588607788,-0.003101193346083164,0.5541287660598755,-0.9989979863166809,0.9999455213546753
16474.031,1661800,332544,433,183.82000957396394,509,0.5044685757397134,0.5044685757397134,,13.166666666666666,76,99485,101048,50.52049255371094,50.48764419555664,3,3000.0,-0.007295163100395628,15.3836227522956,2.536755923871641,0.003599000368551903,0.04145464034000826,0.9948212383039367,54,1.356398764395907,0.36003443933589196,0.3606060743331909,0.09761388286334056,0.09272195877769844,0.16314647790843703,0.18375746742893248,0.1660006850097043,0.16686899908280062,0.06564676332914716,0.06265121827725463,0.09978308026030369,0.09895268756098768,0.4078091106290672,0.3950476688723262,0.49390068650245667,0.2813546061515808,0.00010175377974519506,0.9999539256095886,0.002127974759787321,0.5607271194458008,-0.9994939565658569,0.9997537136077881
16499.594,1665640,333312,434,150.31119113791055,509,0.49668147926766526,0.49668147926766526,,12.666666666666666,76,99650,101216,46.328887939453125,45.0400276184082,3,3000.0,-0.003987687324600604,17.294633181889854,2.557475237051646,0.005533171839884154,0.04338988550783445,0.9951020343420055,60,1.3285233412331683,0.3896989700005054,0.38583093881607056,0.113925370022931,0.1072459518149051,0.14561184073379196,0.17666249289661795,0.13518865957890347,0.14120268100974298,0.062122159683135295,0.05740466527501262,0.09829059829059829,0.09373585223451136,0.44486137169064,0.42374835676921,0.49176284670829773,0.28285789489746094,0.0002780553186312318,0.9999392628669739,0.0036993958055973053,0.5627049207687378,-0.9992774128913879,0.9995049238204956
16520.312,1669476,334080,435,185.28715645074394,510,0.4911569054997358,0.49766732216640247,428.60000000002896,8.166666666666666,76,99764,101362,47.66091537475586,51.85426712036133,3,3000.0,-0.009837433137969734,208.33996534347534,2.558774138490359,0.0015103314259103315,0.010082975750265177,0.8925542387440063,48,1.3585003038570702,0.4012361259915072,0.3974810540676117,0.11256335022672713,0.10787928346835121,0.1877834089090424,0.19872343888061408,0.13443584955988264,0.13464722647694,0.05988263536943185,0.0583316321424054,0.0940250733528941,0.09228608450845621,0.4113096825820219,0.4081323345232331,0.48591676354408264,0.2805914580821991,0.00018685884424485266,0.9999396204948425,0.0014652995159849524,0.5562946796417236,-0.9995511770248413,0.9992680549621582
16548.219,1673314,334848,436,137.60711340574204,511,0.49680827526590515,0.5033186919325718,518.3000000000493,11.166666666666666,76,99931,101516,52.041622161865234,50.53254318237305,3,3000.0,-0.000492075349939114,214.28159379959106,2.4953789661327996,0.00023367559241225266,0.0,0.9138632634148767,48,1.3206201676322893,0.3945757132617858,0.3846447169780731,0.1156335573811302,0.1092795808109894,0.1650485436893204,0.19637229094263847,0.13766492407269107,0.14754370087657204,0.062111028130445604,0.05616786412672066,0.08712969878018421,0.0835139014602739,0.4324122479462285,0.40712266178280554,0.49305087327957153,0.2822202444076538,0.00024594840942882,0.999837338924408,-0.006820989307016134,0.553383469581604,-0.9992045760154724,0.9997081756591797
16581.406,1677152,335616,437,115.69998794164219,512,0.506621474905526,0.5131318915721926,404.30000000002343,10.166666666666666,76,100084,101680,51.97807312011719,48.599769592285156,3,3000.0,-0.0037498964908688017,279.27821197509763,2.5161344329516093,0.0005357598836231788,1.865155839671691e-05,0.915487790068081,60,1.3186493629193137,0.37095806080188,0.37258607149124146,0.11290155975622353,0.10239706540268914,0.13428364838343146,0.1954130947396908,0.1382088627207933,0.13436521534521642,0.061667183142237375,0.05246923233506035,0.09306889784113212,0.07771581791359362,0.4598698481561822,0.43763957426374966,0.49829819798469543,0.28377529978752136,9.013058297568932e-05,0.9999666810035706,0.01118753757327795,0.56697678565979,-0.9999991655349731,0.9999493360519409
16612.749999999996,1680991,336384,438,122.54213483148389,513,0.48871112668248173,0.4952215433491484,635.900000000076,12.333333333333334,76,100284,101872,51.295738220214844,48.45310974121094,3,3000.0,-0.006093215124080112,115.70618591308593,2.5299769043922424,0.0034853351919012687,0.03007517926065096,0.9681181957649811,60,1.3201435814864708,0.38017025548196004,0.38793644309043884,0.10270325619496211,0.09857544971410932,0.16731517509727625,0.2181564189535565,0.12287528158918698,0.1328661613160413,0.059696907638746674,0.0581578002183209,0.08703665779234078,0.07851939010040841,0.4603727216874872,0.4137247796975636,0.5008511543273926,0.2853854298591614,1.1883162187587004e-05,0.9999107122421265,0.005743863061070442,0.5621645450592041,-0.9989895224571228,0.9999455213546753
16635.577999999998,1684825,337152,439,168.0694371383624,515,0.4801723532536986,0.493193186587032,712.9500000000936,8.833333333333334,76,100413,102032,64.14572143554688,57.42704391479492,3,3000.0,-0.006756317803713803,58.39554030100505,2.462495772043864,0.005488220114721962,0.05743386450534065,0.9625891206109234,30,1.2761000157289282,0.3795608391535244,0.3719032406806946,0.0896867400944071,0.08586390790134123,0.16649978543842084,0.20951500797211314,0.1363181233013875,0.13187307420643754,0.05721642111285939,0.05156505589888969,0.08139035903304248,0.07676064265138072,0.4688885710198827,0.4444223113698377,0.4955097734928131,0.2820819616317749,3.978555469075218e-05,0.9997900724411011,-0.0016795373521745205,0.5608367323875427,-0.9998509883880615,0.999596118927002
16671.469,1688665,337920,440,107.0383275261324,515,0.5079559482534347,0.5079559482534347,,22.833333333333332,76,100748,102283,59.80691146850586,55.465213775634766,3,3000.0,-0.005949663831135974,24.28483588878925,2.4385999624545756,0.013598606317436722,0.16289092662135282,0.803094719619414,52,1.2550926770373223,0.35542523177372537,0.35254141688346863,0.07800290436346034,0.07194038385737328,0.1217066592905055,0.17703142240589628,0.10656247839015283,0.11694245100969619,0.05891708733835834,0.05788134878310201,0.11008920544913907,0.09485582246169035,0.5247216651683839,0.48134857148224186,0.49423983693122864,0.28373029828071594,1.1441068636486307e-05,0.9999986290931702,0.012045225128531456,0.5570109486579895,-0.9998241662979126,0.999995231628418
16714.922000000002,1692502,338688,441,88.33279616924882,516,0.4829617571010705,0.48947217376773716,311.20000000000226,14.833333333333334,76,101014,102602,44.55112838745117,42.033485412597656,3,3000.0,-0.012472751450938327,416.9531685908635,2.5692006573081017,0.01229056820585491,0.17141094303224236,0.32513217846434983,96,1.2336405683283187,0.402679443359375,0.4059078097343445,0.07430825090772505,0.07220670363255609,0.11118066858645298,0.14558686486935277,0.09916113684737698,0.10884883076643821,0.04407161637661199,0.04277165854515746,0.13528233379241267,0.11971892186660144,0.5359959934894203,0.5108670203198941,0.4946138262748718,0.2873501777648926,2.862726614694111e-05,0.9999208450317383,0.02589840441942215,0.5643543004989624,-0.9998921751976013,0.9999960660934448
16747.952999999998,1696340,339456,442,116.2466682820592,518,0.4915285183387348,0.5045493516720682,367.90000000001515,15.0,76,101228,102825,48.483299255371094,47.38487243652344,3,3000.0,-0.01835349911125377,475.4557615995407,2.544117051362991,0.010701555486240194,0.12717353838233975,0.47567367365768964,40,1.2611781819485417,0.4127115140166809,0.41003262996673584,0.07588474517608376,0.07663491356342388,0.1434628363762222,0.17669553383323083,0.099593320065761,0.11121152870433275,0.04940728562775807,0.045548937357726964,0.1267630007787488,0.11341379903061735,0.5048888119754261,0.4764952875106682,0.5029958486557007,0.2852559983730316,1.347237775917165e-05,0.9999809861183167,0.029927683994174004,0.5673310160636902,-0.9999608397483826,0.9998183250427246
16777.624999999996,1700180,340224,443,129.48475856489733,518,0.4967372288191405,0.4967372288191405,,15.333333333333334,76,101456,103051,48.05810546875,48.497100830078125,3,3000.0,-0.024819542467109084,16.901366379525925,2.593269066678153,0.007572271355563345,0.0975754096709554,0.9104674150605215,72,1.3126641213867534,0.4100673402493068,0.41673436760902405,0.0831343415583267,0.08336552044810618,0.1327496241266472,0.15509835788159107,0.10736711771469001,0.1130415905704417,0.051560979923940924,0.052720786065139705,0.13832139382683292,0.1276107564679327,0.4868665428495622,0.4681629885667886,0.5039826035499573,0.28231245279312134,0.0001170555769931525,0.9999711513519287,0.028259385377168655,0.5659891366958618,-0.9997555017471313,0.9998846054077148
16801.641,1704017,340992,444,159.875,519,0.47555977738763494,0.48207019405430157,386.2000000000193,7.833333333333333,76,101643,103288,53.5610237121582,44.149871826171875,3,3000.0,3.347411337825987e-05,315.8964538574219,2.5995019012027316,0.013638053463248312,0.18487294963172948,0.5609001714393074,9,1.3398659699472564,0.3822553423210509,0.39124855399131775,0.07867991321228732,0.07361679681021745,0.1439990864451296,0.180350641895162,0.11465113623387005,0.1228990560264774,0.06257850862167409,0.06151413034963373,0.1459403905447071,0.12802787244110372,0.45415096494233187,0.4335915024774057,0.5024002194404602,0.2886000871658325,0.00027291683363728225,0.9999934434890747,0.05391395464539528,0.5561381578445435,-0.9995571970939636,0.9993464946746826
16825.609,1707852,341760,445,160.10520602846347,521,0.4748234985243546,0.48784433185768794,239.74999999999068,9.5,76,101788,103433,64.34091186523438,57.56343460083008,3,3000.0,0.0011786779851674857,839.7715090797061,2.6172134478886924,0.00793742371521032,0.12389020414446436,0.2996142117305587,42,1.434790045782319,0.3253843220616047,0.3225494921207428,0.07502359232463039,0.07458474071370866,0.17851525636992766,0.2160792318504467,0.1300723497955332,0.13389938705630727,0.09138093740169864,0.082875502644482,0.1637307329348852,0.1478270912730033,0.36127713117332494,0.3447340464620521,0.5055176019668579,0.28704914450645447,4.0938914025900885e-05,0.999898374080658,0.05221398174762726,0.5603143572807312,-0.9985465407371521,0.9997972249984741
16852.844,1711688,342528,446,140.93096733896735,522,0.5146850122766293,0.521195428943296,454.10000000003475,14.833333333333334,76,101963,103581,59.29104232788086,57.34817886352539,3,3000.0,-0.002395331859588623,177.059894323349,2.6319964130719504,0.0004012443473802446,0.0007715224055573344,0.828721581241717,48,1.4908076527976282,0.2927898780499842,0.3004421889781952,0.08442521631644005,0.07560002931016924,0.18566131025957971,0.22985337095063307,0.11718170580964153,0.1331782952976418,0.11087762669962917,0.10456329383709458,0.20185414091470952,0.17118789788270905,0.3,0.2856171127217523,0.5043071508407593,0.2801664471626282,0.00010421714250696823,0.999733030796051,0.036277804523706436,0.5577366352081299,-0.999471127986908,0.9999817609786987
16882.547000000002,1715525,343296,447,129.24413904607087,523,0.5118160462224759,0.5183264628891425,529.7000000000519,12.5,76,102188,103825,47.97080993652344,45.80155944824219,3,3000.0,-0.005512954703590367,171.57793399265833,2.741559088230133,0.004452485969847258,0.06402176949736063,0.8457727452799432,28,1.5190258557313732,0.27982752552772744,0.27471649646759033,0.08456891817682592,0.08348375396098691,0.1437985408331372,0.15056541513591892,0.12473523181925159,0.13173742866911042,0.11571350121597239,0.11075253539171234,0.21291284223738918,0.208209809479564,0.3182709657174237,0.3152510573627074,0.5053322315216064,0.2863587439060211,4.4917152990819886e-05,0.9999979734420776,0.03996982052922249,0.5621263384819031,-0.9997392296791077,0.9999438524246216
16908.452999999998,1719365,344064,448,171.02391662583045,523,0.5229099588972365,0.5229099588972365,,16.833333333333332,76,102394,104005,51.40181350708008,50.13036346435547,3,3000.0,-0.005695986844700572,26.107435403046786,2.596223928310253,0.00735175630281218,0.07969097533970382,0.9721005903663495,54,1.5129201682034101,0.33232411233752335,0.3297860324382782,0.08739904856731939,0.07887552160138964,0.1705940922668437,0.21121027825254732,0.16572629715676512,0.1832248462370396,0.15930965814802522,0.13808942900668542,0.16727514105542649,0.13423981045879632,0.2496957628056201,0.25436011444354173,0.5060216784477234,0.2843568027019501,3.016189111804124e-05,0.9998918175697327,0.025116702541708946,0.5576449036598206,-0.9998407363891602,0.9999842643737793
16937.969,1723201,344832,449,130.03389830508473,524,0.5093800388578452,0.515890455524512,221.5999999999917,14.666666666666666,76,102648,104277,47.827449798583984,44.93225860595703,3,3000.0,-0.008043698077219434,476.98481305440265,2.7112852931022644,0.0020363615162515545,0.010752718549661545,0.501761223726693,72,1.5364759665256542,0.32758663296490603,0.32842621207237244,0.10020572604148809,0.09295655506750022,0.1594376821532659,0.19475242395948103,0.13415052288702212,0.14088156480170375,0.15798045602605862,0.14965698362926663,0.17306703240185153,0.15113583106082673,0.2751585804903137,0.27061664148122166,0.5069546103477478,0.285174161195755,3.229320645914413e-05,0.9999868869781494,0.05707208812236786,0.5573059916496277,-0.9992278814315796,0.9999548196792603
16954.391,1727041,345600,450,234.0464435911609,524,0.5079891697922722,0.5079891697922722,,9.833333333333334,76,102776,104434,46.30579376220703,41.54909133911133,3,3000.0,0.0025974327484921864,33.532876094182335,2.675389344493548,0.0027704339288412614,0.029074851348317072,0.9835029014507907,48,1.5150418567553472,0.3458420619054322,0.34156492352485657,0.10482551799345692,0.09867731108299721,0.17093784078516902,0.2181744085220705,0.14558342420937842,0.15305583440863818,0.14558342420937842,0.1321571431606469,0.15635223555070885,0.1367217348340288,0.2767175572519084,0.26121356799161843,0.5055928826332092,0.28877970576286316,0.00014879585069138557,0.9999919533729553,0.05279150232672691,0.5558937788009644,-0.9993113279342651,0.9996912479400635
16972.719,1730879,346368,451,209.57789548406038,525,0.49733981676306566,0.5038502334297323,623.3000000000732,11.166666666666666,76,102950,104605,41.449310302734375,43.328163146972656,3,3000.0,-0.009228773791316295,70.17661968866985,2.754254644115766,0.0057027055329333986,0.06344557046031696,0.951521334147219,48,1.5228891948657135,0.3833206771662721,0.3798905611038208,0.10248530197755211,0.10150192315355674,0.22675040085515766,0.24395462479378666,0.13375200427578834,0.13100080104659215,0.13174772848743987,0.12768309267255834,0.15927311598075894,0.15053051598722328,0.24599144842330303,0.24532904234628283,0.5071864128112793,0.28583967685699463,3.7543330108746886e-05,0.9999938011169434,0.05742599070072174,0.5569014549255371,-0.9992848038673401,0.9996815919876099
16993.297000000002,1734715,347136,452,186.41267372921325,527,0.4801348992520551,0.4931557325853884,234.55000000001465,5.333333333333333,76,103057,104757,47.672210693359375,43.27861785888672,3,3000.0,0.0006627119382756064,555.1162821451823,2.7647851241959467,0.001702145345159427,0.002563575756438594,0.6111684690097823,36,1.5442425537109374,0.39216486116671795,0.39216017723083496,0.09383333333333334,0.08916424539611376,0.21483333333333332,0.24757185367938536,0.13683333333333333,0.13952931059627086,0.1435,0.13747291111175028,0.175,0.15686830566951204,0.236,0.2293933735469677,0.49980318546295166,0.2862066626548767,4.242201248416677e-05,0.9992033243179321,0.06707292050123215,0.5548267364501953,-0.9992314577102661,0.9992794990539551
17016.891,1738548,347904,453,162.5599050002265,530,0.48646459001313347,0.5059958400131335,429.7666666666958,8.833333333333334,76,103182,104876,57.415985107421875,58.906036376953125,3,3000.0,-0.004028597484446234,668.6367488437229,2.705652634302775,0.0002860282781905492,0.000623284955509007,0.6492364206746584,36,1.529272407479051,0.3921644574432478,0.39435648918151855,0.09903991915108641,0.08509714919114371,0.16540340239178036,0.22013321074074182,0.1800572679804615,0.2052951163269373,0.14030655213070575,0.12513981787987602,0.20532255347818765,0.1593172684029107,0.20987030486777833,0.20501743745839046,0.5102531909942627,0.28557705879211426,1.492211868026061e-05,0.9998576641082764,0.06686162203550339,0.5576280355453491,-0.9977089166641235,0.9995388984680176
17045.469,1742385,348672,454,134.33462871546203,532,0.5158389797687681,0.5288598131021015,281.6000000000126,13.333333333333334,76,103385,105062,51.86885452270508,45.44116973876953,3,3000.0,-0.008395158569328487,728.6422565460205,2.7541670044263205,0.00804487078003737,0.11527378848598649,0.3941544898541395,60,1.5482294845661246,0.37441998738733506,0.36988508701324463,0.09890687408030271,0.09442102444928144,0.1582930418330881,0.2126820498318195,0.1508303552659239,0.15221156683631,0.1392684464998949,0.13208969549591484,0.22892579356737439,0.1906012499549015,0.22377548875341602,0.21799441343177275,0.5060908198356628,0.28686267137527466,3.108817327301949e-05,0.9999940395355225,0.05785676836967468,0.5574780702590942,-0.9970617294311523,0.999971866607666
17074.156,1746225,349440,455,133.92857142857767,532,0.532993700971358,0.532993700971358,,16.166666666666668,76,103647,105307,50.26188659667969,52.38572311401367,3,3000.0,-0.01697934164593999,21.023958371235775,2.7604001393684974,0.011861246816869644,0.1720011678363125,0.6757605216700048,52,1.5601445613198845,0.3691159974417998,0.36480650305747986,0.10768855656697009,0.10198011183428467,0.15295838751625487,0.1758638922732931,0.1440182054616385,0.1508432264452389,0.13572821846553967,0.13259741801477853,0.2222041612483745,0.20029370390437345,0.23740247074122237,0.23842164752803136,0.5055913329124451,0.2855641841888428,1.852073000918608e-05,0.9999790191650391,0.06165188178420067,0.5587029457092285,-0.9995691180229187,0.9999618530273438
17100.781,1750065,350208,456,144.31207486190652,532,0.5207711994916638,0.5207711994916638,,14.333333333333334,76,103898,105569,56.096641540527344,59.970558166503906,3,3000.0,-0.0013596064236480743,17.015833035493507,2.793585071196923,0.006887634721437102,0.08033855523740968,0.9113346618958013,78,1.5355668796422988,0.38645662349874643,0.3816891312599182,0.12048475371383893,0.11976767061811909,0.15465207193119623,0.16467130051545123,0.12572322126661453,0.1292969560781068,0.11266614542611415,0.11114473914590413,0.23010164190774043,0.22127505235888076,0.2563721657544957,0.25384428128353803,0.5003952383995056,0.28546836972236633,0.00011574128438951448,0.9999256134033203,0.06148695945739746,0.5542481541633606,-0.9993852972984314,0.9999173879623413
17124.187,1753905,350976,457,164.1727233860665,532,0.5077320158312313,0.5077320158312313,,10.666666666666666,76,104101,105794,57.28303527832031,55.39893341064453,3,3000.0,-0.009475993077186022,11.729541937510172,2.7494855107683125,0.005221912338878306,0.05818911789295574,0.9730186031973171,66,1.5318272671544928,0.4126403556269978,0.41479355096817017,0.11910308677926616,0.11827679359662976,0.17744127353911862,0.19499009958394878,0.1258008153756552,0.135833971488352,0.10803727431566686,0.10547782985464701,0.20374684527276257,0.18902668970270958,0.2658707047175306,0.25639461577371286,0.49894580245018005,0.28363823890686035,0.00029609983903355896,0.9998267889022827,0.07216919958591461,0.555691123008728,-0.9997685551643372,0.9998661279678345
17147.766,1757745,351744,458,162.96736408775143,532,0.49389595158588406,0.49389595158588406,,9.333333333333334,76,104293,105994,45.58382034301758,44.658164978027344,3,3000.0,-0.01728929362919492,14.279987467659844,2.757037145120126,0.006466573293173685,0.07090843992557859,0.9699488075618479,54,1.5297088223845166,0.420816208577768,0.420134574174881,0.11742516427354588,0.11047412176150696,0.1880019469457289,0.21543010420086683,0.13081041615964956,0.13407004853283067,0.11925042589437819,0.11655554308654785,0.16901922608907277,0.1539115698043192,0.2754928206376247,0.2695586126139285,0.501639187335968,0.28496894240379333,6.683413812424988e-05,0.9999411106109619,0.05890711024403572,0.5576925873756409,-0.9984614253044128,0.9998922348022461
17166.641,1761585,352512,459,203.60551431600643,533,0.4814530581350411,0.4879634748017077,483.50000000004144,6.333333333333333,76,104442,106166,52.45830154418945,52.14659881591797,3,3000.0,-0.0030951918964828586,197.39464678083147,2.674729801359631,0.015426088276761861,0.18184938754503882,0.7863220493516503,42,1.5005632811308343,0.42346248564192485,0.4209458529949188,0.09548505186089079,0.09113579303583995,0.19066503965832826,0.21884336737551702,0.137431360585723,0.13140083202226785,0.11333129957291031,0.10966676948366945,0.1720561317876754,0.15373047469953743,0.2910311165344722,0.2952227633831683,0.503168523311615,0.2842654287815094,0.0003134341968689114,0.9999460577964783,0.07150484621524811,0.553364634513855,-0.9989252090454102,0.9992144107818604
17187.109,1765421,353280,460,187.55194836942007,535,0.49399593925629687,0.5070167725896302,458.3000000000357,7.666666666666667,76,104564,106290,48.126888275146484,47.64472198486328,3,3000.0,-0.009329193126177415,325.25145573086206,2.6569481823179455,0.0003350229103609822,0.00016857576297803057,0.8296562595090037,36,1.480770593110848,0.4605227137628783,0.4642385244369507,0.10164176351226711,0.09322966507777236,0.26046854823833243,0.3063651472910027,0.11289429994465966,0.11532956457620674,0.11953514111787493,0.11251095272397682,0.13927319682715367,0.11866516396487695,0.26618705035971224,0.25389950636616443,0.4885934889316559,0.28621190786361694,0.00011436347995186225,0.9999266862869263,0.07886292040348053,0.5505229234695435,-0.9973899126052856,0.9997539520263672
17213.984,1769258,354048,461,142.8571428571215,537,0.49901045125789395,0.5120312845912273,469.6000000000383,11.5,76,104704,106417,45.28388977050781,45.19894027709961,3,3000.0,-0.002639031048775429,331.8340094430106,2.658423032079424,4.193024208427281e-05,0.0,0.8660788662976103,42,1.4987723732136229,0.4393213371872631,0.44397270679473877,0.11002227171492204,0.09518815283382816,0.20237564959168522,0.30374426592645143,0.09992576095025983,0.1072393857982167,0.12100965107646622,0.10925691345994007,0.18307349665924277,0.1455685972339977,0.2835931700074239,0.23900268474756597,0.508948028087616,0.28549906611442566,0.00023915621568448842,0.999995768070221,0.08060599118471146,0.5587100982666016,-0.999432384967804,0.9997117519378662
17241.906,1773091,354816,462,137.35397405574543,539,0.49991546081250987,0.5129362941458432,123.14999999999633,14.166666666666666,76,104875,106582,52.78776931762695,54.208656311035156,3,3000.0,-0.007943338781236283,855.7548147837321,2.7061231235663095,0.0012721305038940805,0.006131399457444786,0.6269373582081328,48,1.5107799437699045,0.4562557243807177,0.4432868957519531,0.10777070063694268,0.09445167866106897,0.20203821656050955,0.2641177597907,0.10292993630573248,0.12548632712746402,0.12203821656050956,0.11198804537776813,0.18025477707006368,0.14827147867827212,0.28496815286624205,0.25568471036472673,0.49856996536254883,0.28615885972976685,8.379346400033683e-05,0.9999641180038452,0.07089889049530029,0.5540741682052612,-0.9999145269393921,0.9999397993087769
17269.922000000002,1776931,355584,463,137.14285714285714,540,0.5177066203723694,0.524217037039036,33.0000000000002,12.0,76,105092,106817,50.150604248046875,47.290672302246094,3,3000.0,-0.010938942150184603,121.68177309903231,2.7099628665230493,0.003278562672972073,0.036156900311735546,0.9427951748423915,66,1.5386512418243468,0.4541813689846229,0.4485880136489868,0.1272639691714836,0.1225255676728017,0.16358381502890174,0.249857629686262,0.0964354527938343,0.08173407623046561,0.13911368015414258,0.13003163561427153,0.1684971098265896,0.13337138785671793,0.30510597302504816,0.2824797029394812,0.5061908960342407,0.2862457036972046,0.00031800102442502975,0.9998486638069153,0.07517939805984497,0.5556113123893738,-0.9996059536933899,0.9999935626983643
17301.922000000002,1780771,356352,464,120.05627637955072,540,0.5435768255999603,0.5435768255999603,,17.0,76,105391,107086,45.3735466003418,43.084388732910156,3,3000.0,-0.004569099530474179,22.618336147732204,2.768134660191006,0.0059274876756409845,0.0644604182905621,0.9979335467318313,18,1.517088663169502,0.4616677592119833,0.4615604877471924,0.12789964258182074,0.12100252898669206,0.1482935033989768,0.2032808069799972,0.09131684070362324,0.08746363151167232,0.13469759618753943,0.13048625467385816,0.13960333590300653,0.11785267680771015,0.3581890812250333,0.33991410104007014,0.49850431084632874,0.2880796194076538,5.5557818996021524e-05,0.9998431205749512,0.08482113480567932,0.5571364760398865,-0.9993111491203308,0.9997663497924805
17337.031,1784611,357120,465,109.42041374594783,540,0.515040928171265,0.515040928171265,,12.333333333333334,76,105654,107377,47.198848724365234,42.94029235839844,3,3000.0,-3.083407246916837e-05,19.924982046469665,2.712676133864965,0.005217140971353938,0.06358447142366248,0.9948501879616152,78,1.5362884429428876,0.45970666771832563,0.45499762892723083,0.14161961481939825,0.1310832503016143,0.21486580555340706,0.29566075317566975,0.08848325469873927,0.0825974338955542,0.1251450228169232,0.11823275628724618,0.13342099156934023,0.10417523322398613,0.296465310542192,0.2682505731159294,0.5009005665779114,0.2891661524772644,5.3775784181198105e-05,0.9999980926513672,0.09433292597532272,0.5546093583106995,-0.9998840689659119,0.9999587535858154
17366.124999999996,1788449,357888,466,131.9898204828662,542,0.4959397897746511,0.5089606231079844,554.6500000000576,11.166666666666666,76,105848,107588,42.80253219604492,39.9736213684082,3,3000.0,-0.0031499310115274664,305.1334008693695,2.645012104511261,0.00674996154837401,0.11044192993043302,0.7803137421540691,60,1.500940888402089,0.47940010166741776,0.48080918192863464,0.1549416425741514,0.1428878156426103,0.2681229253667416,0.33311101530004417,0.09165863582824714,0.09172543431838037,0.13052789377877716,0.11899440292844803,0.11136095941749652,0.09188890419342671,0.24338794303458613,0.22139242761709044,0.4943883419036865,0.28498801589012146,0.00019046172383241355,0.99992835521698,0.09077420830726624,0.5563014149665833,-0.999572217464447,0.9998527765274048
17401.547000000002,1792289,358656,467,108.45619386543834,544,0.49536450960437284,0.5083853429377062,244.0000000000165,14.833333333333334,76,106144,107872,38.58477020263672,33.257877349853516,3,3000.0,-0.005384347920950789,689.2388794483282,2.7263316191159763,0.0034734828043664055,0.029622437969709817,0.5008917207498996,78,1.5407743829238043,0.5023395922200946,0.5011852979660034,0.1538031766302179,0.14162118038972757,0.2613935669247346,0.3133468297043472,0.0956181658552159,0.09323983631685884,0.15595817702929204,0.1426322670267015,0.13153483917311837,0.11299744027080624,0.20169207438742118,0.19616244629155868,0.5018555521965027,0.28595441579818726,5.5061449529603124e-05,0.9999417662620544,0.08653028309345245,0.5529205203056335,-0.9999411702156067,0.9998093843460083
17428.937,1796128,359424,468,140.23744292237444,545,0.5025590518964668,0.5090694685631335,371.90000000001606,15.666666666666666,76,106380,108108,46.13312530517578,45.8812255859375,3,3000.0,-0.0029102745640557258,367.9989875793457,2.6485282023747763,0.0008713054163960875,0.0008298612607177347,0.7026413750943202,60,1.4829297668912658,0.5108797516473544,0.5045583248138428,0.14316392269148176,0.13301799996696753,0.32876572246650987,0.3702053148395338,0.0816034359341446,0.0818003325814336,0.14694754064832805,0.13692946767896663,0.10604356273647612,0.09248480774663971,0.19347581552305962,0.18556207718645878,0.5033535957336426,0.28604546189308167,0.0001131690078182146,0.999751627445221,0.09618338942527771,0.549755334854126,-0.999255895614624,0.9996597766876221
17456.641,1799965,360192,469,138.5798902051334,546,0.5211085481363981,0.5276189648030647,524.2000000000506,12.166666666666666,76,106612,108366,54.92464065551758,53.2921028137207,3,3000.0,-0.006885185974004509,143.47443811821216,2.638067238258593,0.005067949245421325,0.0506419410283508,0.9082690467812364,66,1.4819102169082918,0.5084960805302186,0.5169978141784668,0.15832642152796977,0.14095826799823288,0.3065155285227168,0.3709893531829504,0.08284950695788407,0.07789088008072848,0.14146161644088104,0.13245251836476488,0.11814579301446872,0.0963720110139755,0.19270113353607962,0.18133696935934787,0.4978976547718048,0.2859317362308502,0.0002633831463754177,0.9996143579483032,0.09539029747247696,0.54864901304245,-0.9995896220207214,0.9999513626098633
17479.437,1803805,360960,470,168.56152056536362,546,0.5265834553544745,0.5265834553544745,,16.0,76,106846,108577,49.62815856933594,50.30668640136719,3,3000.0,0.002849760892180105,16.859155568209562,2.6950065511645693,0.011202394821909541,0.160732907243073,0.9958634584565876,66,1.4767179501733818,0.5146402412747287,0.5219027400016785,0.19267786374787696,0.18280741549310203,0.29967918475183997,0.3312276522510975,0.0768069447065484,0.07449958926349515,0.15050009435742592,0.1480580701843474,0.09199849028118513,0.08430196825847644,0.1883374221551236,0.17910530454948145,0.4896368682384491,0.28628790378570557,0.00016890029655769467,0.9998856782913208,0.0689442977309227,0.5527283549308777,-0.9993325471878052,0.9996333122253418
17503.609,1807643,361728,471,158.88392117898553,547,0.5061526871794144,0.512663103846081,554.8000000000576,14.333333333333334,76,107039,108785,52.544376373291016,46.96672058105469,3,3000.0,-0.006664595304009242,108.79630044790414,2.6611169974009194,0.009215085327054048,0.1113957386666861,0.933525918265242,39,1.4846448009037128,0.5270529902485847,0.516343891620636,0.2004622186495177,0.19136435690444265,0.3091840836012862,0.35118409662652333,0.08410369774919614,0.07895357659040268,0.12721061093247588,0.1212631400602183,0.0912379421221865,0.07930449629063835,0.18780144694533762,0.1779303335277747,0.4915384352207184,0.2853761315345764,6.434166425606236e-05,0.9998112320899963,0.09603466093540192,0.5513932108879089,-0.9991739392280579,0.999902606010437
17532.484,1811483,362496,472,133.06074361549136,547,0.503070178839159,0.503070178839159,,12.666666666666666,76,107243,108999,49.60565185546875,46.48664093017578,3,3000.0,-0.0006328283294957752,12.695833110809327,2.5799880305926006,0.003803680747533026,0.02545177827657123,0.9839195114439713,60,1.4975586495975404,0.5413333062713724,0.5430855751037598,0.16063440422936154,0.14336815923149795,0.3176087840585604,0.40996826131625524,0.10075233834892233,0.08475184177356962,0.13043920292801953,0.11565565687230023,0.11173241154941033,0.08942200067328822,0.1788328588857259,0.15683408013308872,0.487697958946228,0.28515341877937317,0.0002134696114808321,0.9997519254684448,0.08845338970422745,0.5535322427749634,-0.9991371035575867,0.9999396800994873
17556.687,1815323,363264,473,158.76297184434407,548,0.49265258208608964,0.4991629987527563,498.00000000004474,5.666666666666667,76,107405,109208,52.218955993652344,52.86447525024414,3,3000.0,-0.0007258089295495059,173.76174426078796,2.4893275847037635,9.709286188895778e-05,0.0,0.9051540549363005,48,1.4662066502470699,0.5485679387949465,0.5458113551139832,0.17308965699907297,0.1356048691515377,0.32737385776718314,0.4486012397162749,0.0966759369619918,0.08008383100337534,0.14064362336114422,0.12350981337386625,0.10435703880280757,0.07320127478936493,0.1578598861078003,0.13899897196558086,0.483574777841568,0.28214386105537415,7.388107769656926e-05,0.9996370673179626,0.08437197655439377,0.5546910762786865,-0.9982041120529175,0.9995778799057007
17575.141,1819162,364032,474,208.21130274431067,550,0.49354965060653905,0.5065704839398724,370.7000000000158,5.333333333333333,76,107508,109323,63.335487365722656,63.484169006347656,3,3000.0,0.0006277670074875156,471.4103271484375,2.4726157347361246,2.5770424983288336e-05,0.0,0.7882377284291013,30,1.3630804426121552,0.5539276529947916,0.5577777624130249,0.1296980230284597,0.10591429846370835,0.4334129915272648,0.48988615284297565,0.08994134260265045,0.0858975601812064,0.1296980230284597,0.12109354775731485,0.07277862263741039,0.06253589072946017,0.14447099717575496,0.13467255002533457,0.49022817611694336,0.2824263870716095,0.0001934440224431455,0.9999052286148071,0.08133216202259064,0.5536808371543884,-0.9989320635795593,0.9992172718048096
17598.266,1823001,364800,475,166.1185633924666,551,0.520726204410947,0.5272366210776136,350.9000000000113,9.666666666666666,76,107686,109480,43.54670333862305,42.062984466552734,3,3000.0,-0.011295633164991159,95.17313838005066,2.611500730117162,0.009200881292800884,0.1298826238635229,0.9572575026960981,48,1.4901659610863585,0.5243985409115565,0.5274488925933838,0.15847568988173455,0.13859426031885172,0.31971090670170826,0.38624503354651746,0.11195795006570303,0.10884895708308641,0.15335085413929042,0.13774661733569682,0.097634691195795,0.08725691088546728,0.15886990801576872,0.1413082208303803,0.4890812933444977,0.2859857976436615,0.0003048120124731213,0.9996810555458069,0.09271202236413956,0.5537275671958923,-0.9987143874168396,0.9998565912246704
17630.266,1826835,365568,476,119.86868844770768,555,0.49114913866886334,0.51719080533553,142.84999999999945,7.166666666666667,76,107839,109668,43.67494583129883,43.12469482421875,3,3000.0,-0.031749410015806834,1370.9226072099473,2.579973845570176,0.004846433622862134,0.04074568892139251,0.688227831137064,54,1.4940081499635054,0.48032129061179124,0.4795626699924469,0.20409656181419167,0.16636660501853218,0.2746891002194587,0.3953927829649962,0.08778346744696415,0.08031363100060025,0.15093879541575225,0.1298512660626679,0.08705193855157278,0.06302662029301186,0.19544013655206047,0.16504909466019163,0.4955940842628479,0.28371453285217285,0.00023302707995753735,0.999515175819397,0.09402897953987122,0.5523079037666321,-0.9984289407730103,0.9997565746307373
17654.609,1830671,366336,477,157.67839526470686,556,0.527087731486779,0.5335981481534456,709.6000000000928,16.333333333333332,76,108088,109867,52.834129333496094,56.21122741699219,3,3000.0,0.002811570035512833,33.563685809864715,2.551462972865385,0.012006793921114048,0.16351035379749887,0.9838113934579882,17,1.465407789088829,0.49920265174463124,0.4991277754306793,0.177900435197962,0.15090469284430857,0.3084598237978983,0.4013748785157115,0.0888440717545908,0.077943029906347,0.16919647595796625,0.15262783376087818,0.0822630294023989,0.06740253837398673,0.17333616388918374,0.149747026598768,0.48983585834503174,0.2836136519908905,2.024954665102996e-05,0.9995178580284119,0.0976601094007492,0.5481176972389221,-0.999214768409729,0.9997891187667847
17683.734,1834511,367104,478,131.91796351642,556,0.5248174016382908,0.5248174016382908,,12.333333333333334,76,108350,110153,47.02771759033203,47.04813766479492,3,3000.0,-0.0016543751407880336,16.53956699371338,2.761507958173752,0.014911338202989495,0.21509148224868113,0.9566876335735663,8,1.5371759180827773,0.43913474349663334,0.4369884133338928,0.21067556296914094,0.19476173416550935,0.24720600500417014,0.290682174028548,0.11659716430358633,0.10781648352290545,0.17998331943286072,0.17726970902697187,0.08115095913261051,0.07399775188164198,0.16438698915763136,0.15547214737442336,0.4902929365634918,0.289470911026001,0.0001466300163883716,0.9998157620429993,0.09468496590852737,0.5495901703834534,-0.9996263980865479,0.9999842643737793
17708.469,1838351,367872,479,155.34609005215768,556,0.5275387604556823,0.5275387604556823,,10.833333333333334,76,108568,110380,45.172855377197266,43.098079681396484,3,3000.0,-0.0008354809629963711,13.095155874888102,2.692712922890981,0.003386916885029563,0.01671049582849567,0.9805614361193711,60,1.5131849858219868,0.36761896165231156,0.3673900067806244,0.22109712937475423,0.2098859350005776,0.25314589068029886,0.27767107036641536,0.12642548171451043,0.12474067320561791,0.12377113645300826,0.12180201951279117,0.08385764844671648,0.07997555613181587,0.19170271333071176,0.18592474578278215,0.4909934401512146,0.28711622953414917,4.990815432392992e-05,0.9998360872268677,0.10705296695232391,0.5525318384170532,-0.9994213581085205,0.9999244213104248
17732.047000000002,1842186,368640,480,162.7551669990955,558,0.4693204862341303,0.4823413195674637,357.75000000001285,5.666666666666667,76,108709,110562,45.70787811279297,43.699684143066406,3,3000.0,0.0002961483689778972,644.4013046991257,2.664390808060056,0.0018684246266986871,0.001215287834860473,0.6391600119643106,42,1.4870601400918664,0.3538962190557806,0.34787753224372864,0.1913937988988699,0.18028977394889828,0.29527673138220806,0.32457566300740726,0.13445378151260504,0.13417523371578838,0.12865835989568242,0.12287142940558037,0.0808461315560707,0.07748642772627871,0.16937119675456389,0.16060147219604698,0.48853638768196106,0.2847716510295868,4.199849354336038e-05,0.999915361404419,0.1138836070895195,0.5444808006286621,-0.9989731311798096,0.9999643564224243
18702.906,1846022,369408,481,158.49274883278056,560,0.49312891543871973,0.5061497487720531,387.30000000001957,15.166666666666666,76,108896,110702,60.433406829833984,58.479835510253906,3,3000.0,-0.00011723378251883245,334.39085642496747,2.4821365220206126,0.00028343115545336844,0.0003834073653533345,0.8437161353487569,42,1.4386957184242735,0.3592709199115452,0.3645240068435669,0.15792798483891346,0.141832337696224,0.3379658875552748,0.41528354772883563,0.13202779532533165,0.11528973770552504,0.1266582438408086,0.11659739713005324,0.07201516108654453,0.059773035972863355,0.173404927353127,0.15122394376649873,0.4914296567440033,0.2839406430721283,1.5087353858689312e-05,0.9999268651008606,0.10690183192491531,0.5468608140945435,-0.9950606822967529,0.999793291091919
18735.672000000002,1849862,370176,482,130.99989765632137,560,0.5285097202714145,0.5285097202714145,,13.666666666666666,76,109140,110955,58.19855880737305,51.883384704589844,3,3000.0,-0.0030368561177359274,26.70346800486247,2.674514959255854,0.006455421706665652,0.08996969540102226,0.9761433345568891,72,1.5460432844744196,0.34916399150495264,0.35482171177864075,0.20369733447979363,0.18518604623160767,0.21444539982803096,0.28530380975070296,0.14840928632846087,0.14614612502374774,0.12837489251934653,0.12233562561688456,0.10429922613929493,0.0902008221624576,0.20077386070507308,0.17082757121459946,0.4932892620563507,0.2867744266986847,0.00027795578353106976,0.9998247623443604,0.10397583991289139,0.5477513074874878,-0.9995387196540833,0.9999431371688843
18754.766,1853702,370944,483,201.26841029406268,560,0.4912383950018265,0.4912383950018265,,5.666666666666667,76,109314,111177,45.96306610107422,48.426475524902344,3,3000.0,-0.0011954105126884922,10.723176340262095,2.5988022089004517,0.003706329775610128,0.03516688791326791,0.993949856839402,48,1.4727819742848778,0.38165425254858076,0.3848527669906616,0.1808577537416677,0.16587609369983197,0.28436674632121745,0.3318185732355675,0.13356810464092567,0.13402301677238915,0.14249779901899132,0.1379454388897761,0.07634259841529367,0.06911327675497977,0.18236699786190416,0.1612236006474555,0.49629026651382446,0.28557202219963074,0.00010858329915208742,0.999258816242218,0.09977982193231583,0.5510510206222534,-0.9992767572402954,0.9997888803482056
18780.812,1857538,371712,484,147.36275978639335,562,0.48861057111545875,0.5016314044487921,356.8000000000218,9.333333333333334,76,109500,111351,52.24355697631836,53.03197479248047,3,3000.0,-0.011526461030977467,540.0136818658738,2.5366504135585966,0.0006471516704121193,0.0006134860006914962,0.7938984763697593,42,1.4529586310083928,0.37659459731903583,0.3717607855796814,0.1896551724137931,0.15761256146182645,0.31131163390267486,0.39155003675796,0.1264904930712214,0.11815668298776501,0.13116339026748308,0.12543348909446414,0.06654850145020948,0.054628127233676424,0.1748308088946181,0.15261910246430796,0.49112221598625183,0.2828110456466675,0.00011869679292431101,0.9996553063392639,0.09804203361272812,0.5482540130615234,-0.9970414638519287,0.9996747970581055
18806.156,1861373,372480,485,151.41345546430028,564,0.4778766068244898,0.49089744015782316,428.750000000029,6.666666666666667,76,109664,111541,57.00852584838867,56.20304870605469,3,3000.0,-0.003372391871553624,448.78018079485213,2.5580531585784185,0.0006748001009982242,0.0008041325179094981,0.8316786669012052,42,1.4427458491559062,0.3773950516785159,0.38478419184684753,0.20360051435919416,0.18016309745341597,0.31047292470352905,0.38181170779290624,0.12016002286040862,0.10895579551308482,0.12230318616945278,0.1166912008861247,0.06758108301185883,0.0595989937684988,0.1758822688955565,0.15277920458596947,0.4982350170612335,0.28554290533065796,2.9381365038716467e-06,0.9996728301048279,0.1034337729215622,0.5457512140274048,-0.9993961453437805,0.9999920129776001
18827.859,1865213,373248,486,177.18715393135093,564,0.5169530523914008,0.5169530523914008,,15.5,76,109883,111707,50.3457145690918,51.108299255371094,3,3000.0,-0.00018093994111512547,18.154882413369638,2.5755071110195584,0.0028809792904841303,0.021099245648925985,0.9868161107229433,54,1.4417787034985687,0.38287344779322335,0.3851870000362396,0.21167536782154722,0.1991642989105789,0.2968675842429995,0.33177986406314947,0.12790697674418605,0.1307811786659364,0.12850023730422402,0.12343760147939291,0.062411010915994304,0.06041912481961561,0.17263882297104888,0.1544179320613267,0.49427342414855957,0.2845924496650696,0.0002746617828961462,0.9999896287918091,0.0973295345902443,0.5421719551086426,-0.9999954104423523,0.9999067783355713
18853.499999999996,1869052,374016,487,149.81463414634146,565,0.5093921439706343,0.515902560637301,444.40000000003255,9.833333333333334,76,110064,111927,45.976444244384766,44.86477279663086,3,3000.0,-0.009137858478370066,194.44816808989555,2.6745135314536816,0.013287458881677114,0.1693973280524722,0.8954063917053704,66,1.477589466391717,0.3555259584275393,0.3586925268173218,0.2508455467869222,0.23900188023669888,0.2300826756858324,0.2712734369822639,0.16131153701615933,0.15898765535862364,0.10606914693724163,0.10623815045649009,0.0559000375798572,0.05237235971253852,0.19579105599398722,0.172126517253385,0.5004658102989197,0.2854484021663666,6.125161598902196e-05,0.9998988509178162,0.0923781618475914,0.5499467253684998,-0.9995799660682678,0.9998189210891724
18876.516,1872891,374784,488,166.91304347826087,567,0.49643414023994586,0.5094549735732792,272.450000000023,8.5,76,110200,112081,52.46242141723633,47.47542190551758,3,3000.0,-0.0036694450779274725,594.7905688285828,2.598763753970464,0.005209945646731779,0.07176989374662905,0.7241130854475132,48,1.4350525027501282,0.36158990016437237,0.3593815267086029,0.23335611756664387,0.2121097298000055,0.2764183185235817,0.3245029105907995,0.1697881066302119,0.16608785855325126,0.07969924812030076,0.07461800050606307,0.04483937115516063,0.03941098956376541,0.19589883800410116,0.1832705109861153,0.502798318862915,0.286548912525177,0.0002790061989799142,0.9997016191482544,0.09100592881441116,0.5521544814109802,-0.9998142123222351,0.9998844861984253
18897.234,1876730,375552,489,185.43206298602868,568,0.509090864718209,0.5156012813848756,286.3999999999966,10.0,76,110338,112215,54.53894805908203,54.83783721923828,3,3000.0,-0.0017732210684200602,363.09149260748,2.5865167663210915,0.006194978884850746,0.08088313581122618,0.35344504272567145,42,1.4153997208799818,0.35813918491041935,0.350423663854599,0.25376707505985074,0.2381784857567779,0.2758766370933671,0.3078630426561558,0.1619490212646106,0.1570495877139454,0.06562455992113787,0.06353116456001355,0.0504154344458527,0.04753575913592166,0.19236727221518096,0.18584196017718563,0.5007535815238953,0.2892623543739319,1.2073137440893333e-05,0.9995208382606506,0.08556418865919113,0.5532075762748718,-0.9997401237487793,0.9998835325241089
18921.062,1880570,376320,490,161.2632286241868,568,0.5276476434129954,0.5276476434129954,,12.333333333333334,76,110542,112405,49.2537841796875,40.407325744628906,3,3000.0,0.005493863520678132,15.583734957377116,2.6394435087839763,0.007233614701399169,0.0676170848319695,0.981350780334905,60,1.4605715737844498,0.3482475337640903,0.34990060329437256,0.2640959170447181,0.2394830743144595,0.21732555627565348,0.2819795391557822,0.18600129617627997,0.18931358453351277,0.0704255778785915,0.07096391403280451,0.06740116655865197,0.05382864687286749,0.19475048606610498,0.1644312410905735,0.505009114742279,0.28952765464782715,3.547241794876754e-05,0.9999037384986877,0.08429897576570511,0.5549809336662292,-0.9997476935386658,0.9999920129776001
18953.187,1884407,377088,491,119.49920583012613,570,0.500534781984161,0.5135556153174944,364.35000000001435,9.166666666666666,76,110719,112611,55.77759552001953,48.83527755737305,3,3000.0,0.005996336694806814,372.05159187316895,2.5719949156045914,0.012231377786576514,0.15360195568064228,0.7486126988546278,16,1.4577478267909487,0.33005546468738595,0.3362901508808136,0.2779918529120335,0.24394540893199193,0.21259495761312341,0.313766930783764,0.14840911593085984,0.14921163254071426,0.0550478916657492,0.0482275638684495,0.07882858086535285,0.06172093294765296,0.2271276010128812,0.1831275309274273,0.5024647116661072,0.28767815232276917,8.557686669519171e-05,0.9999352693557739,0.08482562750577927,0.5566328763961792,-0.9999326467514038,0.9998815059661865
18986.609,1888243,377856,492,114.82967131652076,571,0.5030916460640996,0.5096020627307664,413.10000000002543,15.666666666666666,76,110990,112848,45.93695068359375,48.01164627075195,3,3000.0,-0.0005432113632559776,241.78347747802735,2.563171052932739,0.008794575239416095,0.13502897918224335,0.7177077581169116,25,1.4163767496744792,0.36621507750234794,0.36574849486351013,0.29654461062403303,0.26352610326487513,0.23904074265085096,0.3305740744614151,0.10323190648100396,0.10018301821787595,0.05801959773078907,0.054546419520023245,0.0665291387313048,0.05498016226088601,0.2366340037820182,0.1961902222749245,0.5034921169281006,0.28767290711402893,0.0001529522705823183,0.999981701374054,0.09541213512420654,0.5565523505210876,-0.9992318153381348,0.9999423027038574
19018.297000000002,1892083,378624,493,121.24273806514525,571,0.5279718989903625,0.5279718989903625,,15.5,76,111241,113100,49.043556213378906,51.81496810913086,3,3000.0,0.009963003103621304,21.220812439918518,2.561869516968727,0.013739460672194887,0.21584521216573194,0.9404362064957466,16,1.3965875873543065,0.34509418811078457,0.3473879396915436,0.3075464243382062,0.29413767733683316,0.17945476096404583,0.2454212506754018,0.11489529830106678,0.10539934873035278,0.037613591465823784,0.03411385338241768,0.06819438956934018,0.06222265984531441,0.2922955353615172,0.25870521002968017,0.5009943842887878,0.2848033607006073,1.60175022756448e-05,0.9999550580978394,0.0711541697382927,0.5612758994102478,-0.9998088479042053,0.9999034404754639
19042.484,1895923,379392,494,158.86149263611668,572,0.4737140154093948,0.4802244320760614,222.99999999999162,9.0,76,111421,113324,57.605892181396484,63.56292724609375,3,3000.0,-0.00350702337541238,453.8746498955621,2.527522581594962,0.0007667347487520767,0.00035792223126110103,0.6037485640795422,54,1.3668731316587979,0.2842000420140465,0.28036487102508545,0.30909304511278196,0.28817232128165066,0.21146616541353383,0.25685767732155323,0.10526315789473684,0.10856373166126923,0.047932330827067667,0.04865319382038683,0.06696428571428571,0.06435433614936538,0.259281015037594,0.2333987397657747,0.502514660358429,0.2874602675437927,6.22024672338739e-05,0.9999952912330627,0.08391934633255005,0.5621249079704285,-0.9981737732887268,0.9995760917663574
19068.374999999996,1899763,380160,495,148.40579710144928,572,0.49327226155654463,0.49327226155654463,,10.0,76,111625,113522,41.228858947753906,37.51643371582031,3,3000.0,0.003423990556397117,22.320116886725792,2.4352989884523244,0.004672154480150222,0.043464216466348335,0.9865646613002914,52,1.3814071596359194,0.27645845616117437,0.2778327465057373,0.31768822393822393,0.27922275955215065,0.20620173745173745,0.29177940448943046,0.10521235521235521,0.10476086491056151,0.044642857142857144,0.048130636066167895,0.05912162162162162,0.05371939897756805,0.2671332046332046,0.22238693600412143,0.49840065836906433,0.28381767868995667,0.0004346141067799181,0.9998951554298401,0.06612958759069443,0.5560997724533081,-0.9998392462730408,0.9999642372131348
19092.094,1903602,380928,496,161.96262076529482,574,0.48151775986260703,0.49453859319594035,427.4500000000287,8.0,76,111762,113681,71.96163177490234,61.907440185546875,3,3000.0,0.0026955658520039704,453.8488549277896,2.407625845500401,0.00017019228413807738,6.269021070606651e-05,0.8795729559421919,42,1.3488753319400706,0.24967042711046006,0.24213992059230804,0.30022537025112683,0.2602512846433879,0.25579523502897616,0.34068372592841883,0.10914359304571797,0.10216040730399666,0.035093367675466836,0.033632200753178285,0.062298776561493886,0.05310563215232829,0.2374436574372183,0.21016674921869,0.49819377064704895,0.285174697637558,0.00015273495228029788,0.9999538064002991,0.07241614162921906,0.5576131939888,-0.9960853457450867,0.9999066591262817
19111.906,1907439,381696,497,193.81724503713994,576,0.4832786445338823,0.4962994778672156,139.8499999999963,8.833333333333334,76,111870,113794,58.35349655151367,52.578224182128906,3,3000.0,-0.0026064893618846932,1133.8931213378905,2.43831791083018,0.0004072150148460722,0.0,0.6823798510539278,30,1.3339643277599884,0.26865458112194,0.2672678828239441,0.27812312011229195,0.2581379333001196,0.2955684780429116,0.33739381578729216,0.10206536996190094,0.10122358010440109,0.043513134148786846,0.04390033402520192,0.048726689392420294,0.04572139755102257,0.2320032083416884,0.21362293923196268,0.5015185475349426,0.2873278856277466,8.381390216527507e-05,0.9996516704559326,0.0785241350531578,0.5494316220283508,-0.9979628920555115,0.9999698400497437
19138.999999999996,1911279,382464,498,141.8125415466741,577,0.523034224820108,0.5295446414867747,593.0000000000663,11.333333333333334,76,112069,113983,59.300289154052734,52.12468719482422,3,3000.0,-0.0013432427809608202,71.06548966301813,2.494963932920385,0.0026601123314630754,0.031047576068279643,0.9839658492243258,54,1.37598026602514,0.2556137147712432,0.25864177942276,0.30795998260113094,0.2740786926327938,0.21041757285776425,0.2904035714285632,0.1046107003044802,0.10481911554556418,0.03577642453240539,0.034829815128435464,0.05654632448890822,0.0480755382600274,0.284688995215311,0.24779326700461599,0.4989233613014221,0.28580719232559204,0.0001330755912931636,0.9997773170471191,0.056571487337350845,0.564408004283905,-0.9997292160987854,0.9999549388885498
19164.624999999996,1915115,383232,499,149.79108907026782,579,0.5078981822658432,0.5209190155991764,473.5500000000459,12.833333333333334,76,112267,114182,51.12611770629883,44.64104080200195,3,3000.0,0.011815806850790977,598.18005859375,2.43653790473938,0.006819713857182444,0.06222530594561249,0.8729926928440426,25,1.3290844977150547,0.28989305563926177,0.2912069857120514,0.34309847107879826,0.2929889774914157,0.22313696140275846,0.3186082826837866,0.10060943012937025,0.09518800405560061,0.037314230728108626,0.038772164752696826,0.0446915428204854,0.038791604849922515,0.251149363840479,0.2156509661665777,0.4932706654071808,0.2875296473503113,0.00011903732956852764,0.9999444484710693,0.059821806848049164,0.5662780404090881,-0.9996052980422974,0.9998660087585449
19181.516,1918955,384000,500,227.55555555555554,579,0.5094497467055961,0.5094497467055961,,10.666666666666666,76,112438,114366,69.75244903564453,64.61940002441406,3,3000.0,-0.002442954712023493,20.4637371301651,2.4835340082645416,0.0026469270492315267,0.02514771372201115,0.994956129396989,48,1.3013313400232291,0.3000425127218273,0.3063622713088989,0.36295220491153946,0.3400077356669137,0.24082387113810405,0.2759900850079992,0.10668074993398469,0.10859803860964035,0.03287562714549776,0.03437336193166628,0.03868497491418009,0.03631517252097959,0.21798257195669396,0.20471560626280083,0.4934750497341156,0.28706878423690796,5.0753344112308696e-05,0.9996739029884338,0.07175463438034058,0.5558140873908997,-0.9992538094520569,0.9999887943267822
19205.297000000002,1922795,384768,501,161.5753597576148,580,0.49994500088731303,0.5064554175539797,217.49999999999193,6.0,76,112601,114562,49.5242919921875,40.78614807128906,3,3000.0,-0.008775733901226582,504.4566872914632,2.5185428112745285,0.002794513233715254,0.028821915465717513,0.8159187497131959,48,1.345642783253774,0.2985244952888705,0.30396974086761475,0.34255371696715237,0.31188006719573586,0.21128673746604099,0.2765173121770353,0.1022474685107434,0.10458920984764986,0.037910595208693505,0.03813237012606396,0.04494937021486787,0.03652200328632035,0.26105211163250186,0.23235903736719465,0.5013445615768433,0.2879568934440613,0.0002131342189386487,0.9999567866325378,0.07228098809719086,0.562005877494812,-0.9979905486106873,0.9992103576660156
19224.141,1926625,385536,502,203.247718106588,584,0.470994942252761,0.49703660891942764,336.1250000000207,3.6666666666666665,76,112687,114682,60.39436340332031,48.95811462402344,3,3000.0,0.000943695975972029,1271.224235534668,2.5395031670729318,6.681512745080008e-05,0.0,0.6891634439407748,24,1.3460568480949764,0.3266994003841308,0.3336104154586792,0.30527740189445196,0.2753572568194363,0.27821380243572397,0.32282453251337795,0.12422192151556156,0.13148338552739464,0.036535859269282815,0.0332320747649859,0.04573748308525034,0.04059866294827671,0.21001353179972937,0.19650408742652853,0.5006354451179504,0.28819718956947327,0.0016178914811462164,0.9998668432235718,0.06940316408872604,0.5619332790374756,-0.9999322295188904,0.9994933605194092
19244.827999999998,1930452,386304,503,185.12964396286029,588,0.4836410359534298,0.5096827026200964,135.92499999999615,9.666666666666666,76,112806,114785,55.4102783203125,52.56394577026367,3,3000.0,-0.006785331573337316,1659.7759785970052,2.540906580289205,0.0038794370340087037,0.05420633062409858,0.2922992676225775,30,1.3430269661705252,0.3249117733980323,0.3226712644100189,0.29898862199747156,0.28286582618243233,0.27939317319848295,0.31999313503436344,0.11040876527602192,0.11647293780579901,0.036451748841129374,0.03199662353732031,0.059839865149599665,0.05396899430292041,0.21491782553729458,0.1947024831371645,0.501544713973999,0.285599946975708,7.882418867666274e-05,0.9999988675117493,0.06764798611402512,0.5601317882537842,-0.9998218417167664,0.9992270469665527
19270.749999999996,1934289,387072,504,148.11240639236783,589,0.530075781249982,0.5365861979166486,45.20000000000037,12.833333333333334,76,113009,114974,55.95975112915039,53.00440216064453,3,3000.0,0.0014193264301866292,467.90690212249757,2.6162566781044005,0.006921119104063267,0.06543407479766757,0.3056134251127284,20,1.4285014059821268,0.3207833539214396,0.3177579343318939,0.3159769008662175,0.28877974833546777,0.1861405197305101,0.23814028356509453,0.11087584215591915,0.10371621008892758,0.05514918190567854,0.05383766971037377,0.0629451395572666,0.057931575890575064,0.2689124157844081,0.2575945124095613,0.5023185610771179,0.28604230284690857,5.653368862112984e-05,0.9999861717224121,0.050156425684690475,0.5652936100959778,-0.9997449517250061,0.9999901056289673
19291.859,1938129,387840,505,182.05091736594426,589,0.5341356770833064,0.5341356770833064,,11.666666666666666,76,113182,115154,51.3620491027832,51.21181869506836,3,3000.0,-0.00431198694241175,19.457185215420193,2.660393542713589,0.010591813978917161,0.16257702270781416,0.4855240473910559,18,1.4299809853195844,0.3241130274959624,0.31880640983581543,0.34790931989924434,0.3304177524265414,0.15889168765743072,0.1909811189017778,0.11254408060453401,0.11373923454819142,0.06075566750629723,0.05882632256765902,0.06337531486146096,0.05866584522872627,0.25652392947103275,0.24736972632710405,0.5056110620498657,0.2889103889465332,0.00014619620924349874,0.9999517202377319,0.04186248034238815,0.5634422898292542,-0.9993324279785156,0.9993019104003906
19309.969,1941969,388608,506,212.22504697684448,589,0.5207069510878668,0.5207069510878668,,7.166666666666667,76,113325,115324,40.41698455810547,38.119361877441406,3,3000.0,0.014734700694680214,11.714667510986327,2.4917246818542482,0.013595915329999491,0.22882936298847198,0.8997424183000348,5,1.287822406921594,0.4078157657865209,0.41318193078041077,0.4772572980312288,0.4630836087524349,0.14147997284453495,0.16311722586795802,0.08377460964019008,0.08762599186559054,0.044670739986422264,0.04229807696696788,0.06042090970807875,0.05766725013048391,0.19239646978954514,0.1862078464165647,0.5018181800842285,0.28618675470352173,8.534369408152997e-05,0.9998793005943298,0.056843552738428116,0.559041440486908,-0.9999793171882629,0.9998824596405029
19328.672000000002,1945799,389376,507,204.94434931504742,592,0.4780027928659447,0.4975340428659447,206.83333333333232,4.0,76,113394,115427,42.41567611694336,42.965858459472656,3,3000.0,0.009681673080194741,1282.2284037272136,2.278766026099523,0.017564025418524955,0.2616172620328143,0.35624938098465375,24,1.1395473098457403,0.4409768956246485,0.45314982533454895,0.5430205354821939,0.5269126383213001,0.1585651156745516,0.1844626760198796,0.07798284377436963,0.07753641395731593,0.03197296594749155,0.032301888690885044,0.05068884845334026,0.04719029535435581,0.13776969066805303,0.13159608765626352,0.49807435274124146,0.2844066917896271,0.0006010843790136278,0.9999570250511169,0.081826351583004,0.5562753677368164,-0.9979347586631775,0.9996281862258911
19358.844,1949622,390144,508,126.76990416818967,600,0.44536939340727466,0.497452726740608,91.78749999999893,5.0,76,113488,115555,52.86098861694336,60.48619842529297,3,3000.0,0.02347764105167395,4110.8749064127605,2.2643025795618694,0.0001544593815641852,0.0,0.08707774041597116,30,0.9740634185285927,0.4274660468540309,0.4341104328632355,0.6531542336291677,0.6056786641897078,0.11801391220916287,0.16772345449436696,0.07147997121611897,0.0789401642271916,0.021587910769968816,0.02120288203195574,0.053969776924922046,0.04653093944750731,0.08179419525065963,0.07992389560927057,0.49509212374687195,0.28574860095977783,0.0002287546667503193,0.9996244311332703,0.06424511224031448,0.5561519265174866,-0.9993818402290344,0.9999688863754272
19381.844,1953451,390912,509,166.58690450293247,606,0.472539062500029,0.511601562500029,91.983333333338,5.333333333333333,76,113593,115688,46.02655029296875,48.31365203857422,3,3000.0,-0.0010391641252984604,2864.2025472005207,2.2586803595225016,3.220391494096568e-05,0.0,0.33014763331703334,30,0.9722040685017904,0.4377282155842319,0.4155484437942505,0.6625,0.6399872698101231,0.10791666666666666,0.128702431715827,0.06875,0.07348750414506752,0.023125,0.024732627725283705,0.053125,0.05410415331626993,0.08458333333333333,0.07898601328742878,0.5018939971923828,0.2911508083343506,6.18223421042785e-05,0.9994109272956848,0.06215270236134529,0.573174774646759,-0.9996098875999451,0.9981797933578491
19406.624999999996,1957282,391680,510,154.6878785431891,612,0.4682714607463499,0.50733396074635,32.93333333333353,6.0,76,113677,115798,47.6494026184082,41.304176330566406,3,3000.0,0.08744302703998982,3521.2657958984373,2.357608993848165,0.0024751889285928048,0.035893806163221596,0.2865441578507838,30,0.987251503684304,0.44535993638825694,0.451620876789093,0.6499393939393939,0.6106092390097156,0.11296969696969697,0.1434451430762161,0.06787878787878789,0.07049438387230557,0.02109090909090909,0.021057759077535557,0.053575757575757575,0.055820799176717124,0.09454545454545454,0.09857267578751006,0.4974309802055359,0.2863917350769043,0.00022762919252272695,0.9997780919075012,0.05796879902482033,0.5625059604644775,-0.999744176864624,0.9993373155593872
19429.077999999998,1961109,392448,511,170.56647501895654,618,0.4667476543115576,0.5058101543115576,137.45000000000852,4.833333333333333,76,113739,115897,69.8352279663086,66.34062957763672,3,3000.0,0.0004901791987019047,1992.1471455891926,2.2803507149219513,0.00022981690667094046,0.0,0.5593236214757127,24,1.0124532195171032,0.4462084699358259,0.4505714178085327,0.6139809096013475,0.5924927250542971,0.13279056709713644,0.15891433123985324,0.08478382930937675,0.08605665894333732,0.021897810218978103,0.02405834912504478,0.06316676024705221,0.05707458054811164,0.08338012352610892,0.08140335508935588,0.5050179362297058,0.2886471748352051,0.00024584736092947423,0.9996576309204102,0.048743341118097305,0.5589524507522583,-0.9969199299812317,0.9997156858444214
19443.844,1964943,393216,512,259.93220338983053,622,0.4737911527236047,0.4998328193902714,48.84999999999951,3.8333333333333335,76,113798,115982,32.66002655029297,25.351755142211914,3,3000.0,0.005750286383166288,2182.4553731282554,2.288449982802073,9.91981700209302e-05,0.0,0.13958224023239552,24,1.0363465597185544,0.4323388033983659,0.42984694242477417,0.5862284820031299,0.5395106091157867,0.15461658841940532,0.20160411377411636,0.09546165884194054,0.09109727086254248,0.025039123630672927,0.02645612133757573,0.057589984350547734,0.0552950883277496,0.0810641627543036,0.08603679658222912,0.4994458258152008,0.28474196791648865,8.904654532670975e-05,0.9994032382965088,0.07917432487010956,0.5571552515029907,-0.9985576868057251,0.9999278783798218
19465.077999999998,1968776,393984,513,180.6399924596109,628,0.4632366727917892,0.5022991727917893,111.46666666666749,3.8333333333333335,76,113852,116066,44.231597900390625,32.76950454711914,3,3000.0,0.0011244579412353535,2913.5045572916665,2.2786456081602307,8.310186145913144e-05,0.0,0.29612023199929394,18,1.0352330987124405,0.44634552935380306,0.4418855607509613,0.6071302506177197,0.5803778110805684,0.13413342746205437,0.17778397786912545,0.08365690081186022,0.07211888232050635,0.018708083303918106,0.017209718059356546,0.056830215319449345,0.044875372109506845,0.09954112248499823,0.10763423856093636,0.5006548762321472,0.29081448912620544,0.0003478106518741697,0.9999269843101501,0.07700546085834503,0.554654598236084,-0.998112142086029,0.9995819330215454
19486.844,1972603,394752,514,175.95402298850576,633,0.4747023437499958,0.5072544270833291,81.23999999999862,6.0,76,113921,116147,50.476097106933594,52.172325134277344,3,3000.0,-0.0028363758077224097,2341.640426635742,2.3077238698800406,0.0002110337909769592,0.0,0.2703263622783161,24,1.028424660914945,0.4760827683834985,0.4937278926372528,0.6148521082441787,0.5911058525765364,0.13845185651353054,0.1650954547741498,0.07142857142857142,0.07813030067997942,0.01919446192573946,0.017708221333508398,0.0670232850849591,0.06209077026569218,0.08904971680302076,0.08586940037013385,0.5000866055488586,0.29058966040611267,3.071683386224322e-05,0.999566376209259,0.07537951320409775,0.5631940960884094,-0.9973891973495483,0.9995898008346558
19505.859,1976443,395520,515,202.10526315789474,634,0.5189874719712146,0.5254978886378813,42.00000000000033,9.5,76,114080,116290,48.37181854248047,41.63080978393555,3,3000.0,6.238608253433516e-05,256.602108001709,2.2629281721617045,0.004581097736294844,0.0458474491330746,0.3261618796625949,19,1.0062621931491067,0.46479134947858,0.46519577503204346,0.6403335860500379,0.6171605751982915,0.11190295678544351,0.136159683660737,0.06853677028051554,0.07084193310524102,0.0221379833206975,0.023188852552391906,0.056103108415466264,0.05116991245395282,0.10098559514783927,0.10147904302938573,0.4997578263282776,0.2855614423751831,0.0001385668438160792,0.9995071887969971,0.07982002943754196,0.5530478358268738,-0.9992470741271973,0.9998830556869507
19528.124999999996,1980282,396288,516,172.53932584269663,635,0.5186332483470453,0.5251436650137119,76.8999999999999,6.666666666666667,76,114215,116447,39.45365905761719,35.40202713012695,3,3000.0,-0.005289356913029526,496.89359792073566,2.188574622074763,0.012620658149080486,0.17094086321109594,0.33005006035696705,48,0.916985080666738,0.5123020903125962,0.5152509808540344,0.6905721192586624,0.6636991015500086,0.05842062852538275,0.07787600011620975,0.064464141821112,0.07202034138285515,0.013430029546065002,0.01470283768866219,0.06674724684394305,0.06163085202366318,0.1063658340048348,0.11007086723860121,0.503510057926178,0.2875537872314453,6.758012750651687e-05,0.9996902942657471,0.06440282613039017,0.5643931031227112,-0.9997146725654602,0.999875545501709
19553.077999999998,1984112,397056,517,153.58703933914646,640,0.4749292420192604,0.5074813253525937,118.89999999999637,6.333333333333333,76,114335,116594,45.00484085083008,39.633445739746094,3,3000.0,-0.02307696346219422,1667.49118593004,2.1467476884524026,0.0003534083516069907,0.0,0.25009324763190643,36,0.8984907536758591,0.5483558485478204,0.5446799993515015,0.6907296303464293,0.6631676597617138,0.07509192955293206,0.09894583871341456,0.07296303464292626,0.07956245169743204,0.010450938649119411,0.010465253011322166,0.06696342171472808,0.06339521713970561,0.0838010450938649,0.08446357967641181,0.5019931197166443,0.28630009293556213,1.0395973731647246e-05,0.9994789958000183,0.07394498586654663,0.5580446720123291,-0.9986315369606018,0.9999287128448486
19573.062,1987950,397824,518,192.20753205127477,642,0.5037409425057903,0.5167617758391235,123.64999999999586,9.666666666666666,76,114488,116737,48.407466888427734,43.062828063964844,3,3000.0,-0.006272888212050829,1100.4557910495334,2.132700893614027,0.0025488061089039855,0.025671591556197706,0.15815964605856336,36,0.9118367124283221,0.5324463478493183,0.5300777554512024,0.6840718168341294,0.6419615697347344,0.08482951737769726,0.12008909523565164,0.06374567616537638,0.06744197946571376,0.01021248558721792,0.009012034739010208,0.062427936089606326,0.0629301033521329,0.09471256794597266,0.09856521747275711,0.5006395578384399,0.28774842619895935,0.00015640737547073513,0.999810516834259,0.08602354675531387,0.5568752884864807,-0.999826967716217,0.9999802112579346
19606.922000000002,1991782,398592,519,113.2253870700709,647,0.4857043108849755,0.5182563942183088,111.04000000000133,6.166666666666667,76,114641,116936,47.10094451904297,48.13362503051758,3,3000.0,-0.0028918342965577417,2361.6891708374023,2.0348023573557534,0.002158597168293879,0.016758372289283823,0.3027629555742557,48,0.7632934055971295,0.5378783987988934,0.5477263331413269,0.766318887105404,0.7401461751852975,0.051230604601391116,0.06941566691020166,0.05390583199571963,0.06063555648726667,0.006554307116104869,0.008707732003869194,0.05176565008025682,0.04566046229971975,0.0702247191011236,0.07543440711364524,0.4987742006778717,0.28511953353881836,0.00019058585166931152,0.9993953108787537,0.06065855920314789,0.5646070241928101,-0.9997482895851135,0.9999853372573853
19646.766,1995610,399360,520,104.83075911928081,654,0.4726700448484527,0.5182429615151194,45.257142857142334,8.666666666666666,76,114802,117117,41.74985122680664,38.15756607055664,3,3000.0,-0.0018681662345659874,2617.6924264090403,2.0061302866254533,0.0006412847935947084,0.000782792546531363,0.2288488979743365,42,0.6975951818845921,0.5645480596998391,0.5650086998939514,0.7834304391075743,0.7504807687077841,0.03993178911467955,0.06951680271234341,0.048458149779735685,0.054084669155872414,0.005684240443370754,0.0053990463977102434,0.053147648145516556,0.052677423925533734,0.0693477334091232,0.06784128910075606,0.4982215166091919,0.2862095832824707,0.0003381845017429441,0.9999644160270691,0.06002526730298996,0.5636792182922363,-0.9999020099639893,0.9995012283325195
19672.516,1999441,400128,521,148.863415581889,658,0.4867783637925649,0.5128200304592315,137.52500000000816,9.5,76,114951,117281,46.66572570800781,44.422119140625,3,3000.0,0.0028073303854196435,1391.2256876627605,2.0263168844911785,8.164326652627874e-05,0.0,0.4718231338895936,36,0.7724341423439108,0.5730990020322128,0.5647887587547302,0.7521015611597186,0.7295264018409675,0.06227483273288729,0.08787500563893313,0.0490650197289415,0.05113747337716686,0.007033796534568536,0.00840314061575191,0.05129524789843884,0.0423082584345151,0.0782295419454452,0.08074972009266547,0.5002561211585999,0.2889089286327362,8.418690413236618e-05,0.9996229410171509,0.0686357244849205,0.5572542548179626,-0.9997710585594177,0.9999812841415405
19697.641,2003278,400896,522,152.90507691083164,662,0.48708841752916127,0.513130084195828,146.8000000000007,5.166666666666667,76,115087,117463,42.692779541015625,38.7978630065918,3,3000.0,0.005196305512476506,1941.9505072699653,2.0660852591196694,0.00033177929346727634,0.0005092216063834106,0.33974586826735975,36,0.7522545828212975,0.5877411981160134,0.5869525671005249,0.7678666430218124,0.7394683945250079,0.05532895903528994,0.08318445759564409,0.053555594963646036,0.06074517622493659,0.007802801915233197,0.009185250595869263,0.04876751197020748,0.0438778239807852,0.06667848909381095,0.06353889707775695,0.5028979778289795,0.28910455107688904,0.0001883952209027484,0.9998288154602051,0.08695895969867706,0.5630549788475037,-0.9986637234687805,0.9992012977600098
19728.422000000002,2007096,401664,523,124.09803029316764,671,0.4416445078663818,0.5002382578663819,66.97777777777631,5.833333333333333,76,115160,117577,45.954010009765625,39.61497497558594,3,3000.0,-0.0015557337610516697,3963.516123453776,2.058845743536949,0.00015297571404811888,0.0,0.2910259673846123,24,0.807840207806152,0.5883913192923609,0.5849542617797852,0.7273746147380219,0.699910752198903,0.06388344073970299,0.09145956378807772,0.07453068086298684,0.07495979131345894,0.009246287475483329,0.007570684561509522,0.04847296161389745,0.049494808503277046,0.07649201456990753,0.07660439963477374,0.4959765672683716,0.2870819866657257,0.00046449105138890445,0.9994962811470032,0.058451782912015915,0.5633296966552734,-0.9997105002403259,0.999527096748352
19767.234,2010914,402432,524,98.40967085084237,681,0.441671874999998,0.5067760416666647,30.580000000000165,7.333333333333333,76,115262,117720,42.00873947143555,35.79890441894531,3,3000.0,-0.0005012867040932178,4301.275553385417,2.1319196581840516,0.00024057250758035737,1.1147392797283828e-05,0.29622534543075074,30,0.8224378474741094,0.5985330490096719,0.6061286926269531,0.7386431859115469,0.715497494502662,0.050830498298979385,0.06851991101232614,0.060836501901140684,0.07111706832639038,0.007804682809685812,0.009151047640885264,0.06764058435061036,0.06291929673418277,0.07424454672803682,0.07279518178355342,0.5004932880401611,0.28731784224510193,0.0002781062794383615,0.9996514320373535,0.06539841741323471,0.5641247034072876,-0.9994645118713379,0.9996753931045532
19801.906,2014728,403200,525,110.05309325945595,689,0.45669973958332627,0.5087830729166596,28.175000000000132,5.833333333333333,76,115373,117880,30.61697769165039,25.27334976196289,3,3000.0,0.0005129778033329381,3647.814375135634,2.1264277398586273,0.0008456645748573552,0.004061849542065627,0.3134367076915545,36,0.8445649445391898,0.5859654253063271,0.590969979763031,0.7193705507680779,0.6989923094621336,0.05357811914574747,0.08348810064205323,0.06800299737729487,0.07121178501667874,0.007868115399025852,0.010996724038596618,0.06669164481079055,0.05587950081692535,0.08448857249906332,0.07943158002361243,0.5000197291374207,0.28492891788482666,2.065865737677086e-05,0.9999892711639404,0.07360894978046417,0.5620766878128052,-0.9981030225753784,0.9997460842132568
19829.594,2018563,403968,526,138.58774212200728,695,0.47000394860794076,0.5090664486079407,53.666666666666366,8.333333333333334,76,115470,117992,57.386295318603516,51.32575225830078,3,3000.0,0.005425934928158919,2893.364957682292,2.1947017590204876,0.0022721502656561604,0.02163401626360913,0.3108089822192478,30,0.9117556610637855,0.5854512698958981,0.5772877931594849,0.6836616454229433,0.6527607499725069,0.07207415990730012,0.09936186357657309,0.07161066048667439,0.08045815218373632,0.009501738122827346,0.009915634873275844,0.07137891077636153,0.0667056357894909,0.0917728852838934,0.09079796360441691,0.5012574195861816,0.2904578745365143,0.00021227158140391111,0.9998952150344849,0.08378168195486069,0.5553942918777466,-0.9987088441848755,0.999015212059021
19863.219,2022395,404736,527,114.01368640285432,701,0.4724573021570986,0.5115198021570986,26.283333333333434,5.833333333333333,76,115598,118165,33.53410339355469,25.27823829650879,3,3000.0,-0.0032038601763945606,2776.5345924014136,2.2578645717530024,0.0019130287982885904,0.008944812233537613,0.24462700571879847,42,0.9441902807832453,0.5774221707129663,0.5786046385765076,0.6760413499543935,0.6562924220459015,0.04788689571298267,0.05707480755989003,0.07935542718151414,0.09281241470480671,0.01048951048951049,0.008974534604748055,0.08330799635147461,0.08372668707436134,0.10291882031012466,0.10111913401029236,0.4962877631187439,0.28758251667022705,0.0002914011711254716,0.9997840523719788,0.05732952803373337,0.5614635348320007,-0.999859631061554,0.9994939565658569
19882.234,2026232,405504,528,201.94736842105263,704,0.4905468301077714,0.5100780801077714,151.40000000000705,7.5,76,115695,118267,51.65145492553711,54.838592529296875,3,3000.0,-0.0002180300410448884,1186.6186040242512,2.299908220767975,6.89633323109123e-05,0.0,0.3667500108334162,24,1.0508910267488847,0.5656345999712459,0.5575863718986511,0.5905646541187973,0.5734419008286542,0.08164263016377414,0.11725033614268951,0.10168662918601809,0.09911739050542238,0.011977511610853092,0.012319478980167605,0.0921535076998289,0.08500501562311548,0.12197506722072843,0.11286587791995077,0.4865438640117645,0.28605917096138,0.0003085253410972655,0.9996281266212463,0.06567905098199844,0.5548327565193176,-0.9996236562728882,0.9988304376602173
19906.469,2030068,406272,529,158.3880424459834,707,0.49410201962530925,0.5136332696253093,89.36666666666474,7.166666666666667,76,115827,118416,48.353515625,41.306034088134766,3,3000.0,-7.735181780945923e-05,1521.0277252197266,2.29380636745029,0.0003621866733686283,0.00015694590466510918,0.2648928444137002,36,1.0285678966040206,0.5390900382207795,0.5442908406257629,0.6175930562510432,0.5698685812462586,0.05741946252712402,0.10944839940404266,0.08362543815723586,0.08910013022226944,0.013019529293940912,0.017044254411295735,0.10515773660490736,0.09314305619451911,0.12318477716574862,0.12139557852161445,0.502654492855072,0.28825274109840393,0.00021498525165952742,0.9998770356178284,0.058518942445516586,0.5642436742782593,-0.9998869299888611,0.9998002052307129
19921.984,2033903,407040,530,247.41935483870967,709,0.4970034509354286,0.5100242842687619,30.750000000000167,7.666666666666667,76,115926,118522,52.25233459472656,54.07212829589844,3,3000.0,0.007365296082571149,1021.5837056477865,2.283407465616862,0.0002621024546254504,0.0,0.2718573412774319,30,1.0803366153948717,0.5656228188800925,0.5501779317855835,0.5757997218358831,0.5522296825103631,0.1024571163653222,0.1321918748794961,0.0989800649049606,0.10304255192794287,0.01321279554937413,0.011414522307916388,0.08831710709318498,0.07772240058958815,0.12123319425127492,0.12339896778469345,0.5065397024154663,0.2878848910331726,0.0004857941821683198,0.9996961355209351,0.07155927270650864,0.5589561462402344,-0.9993774890899658,0.9993199110031128
19947.969,2037736,407808,531,147.59906041816478,713,0.48336355330313774,0.5094052199698044,214.32500000000962,9.0,76,116047,118655,34.63306427001953,31.97537612915039,3,3000.0,-0.004876430240175169,1583.0678202311199,2.342577444182502,0.0009396175414798585,0.0017006640991894528,0.5353050910014028,36,1.076633683424324,0.5844799166974607,0.595481812953949,0.5968550198721272,0.5774131728653175,0.07084845343010195,0.0981276770801927,0.09037497839986176,0.09090714254084677,0.014515292897874546,0.01614535131793728,0.10126144807326767,0.09142293955724473,0.1261448073267669,0.12598371663846103,0.49461814761161804,0.2876245677471161,4.196417285129428e-05,0.9999877214431763,0.07645283639431,0.5641103386878967,-0.9994960427284241,0.9995821714401245
19970.031,2041563,408576,532,173.58370753391537,718,0.4726012599194663,0.5051533432527996,72.83999999999804,5.666666666666667,76,116117,118770,59.834442138671875,60.06519317626953,3,3000.0,-0.0008777270365195969,2236.677490234375,2.3353602488835654,0.00014644404443109557,0.0,0.3480192917865089,24,1.0875296228860756,0.5490430423539697,0.5600408911705017,0.5740461847389559,0.5545417104309882,0.0928714859437751,0.1093684383024027,0.11345381526104417,0.11784877670264983,0.01355421686746988,0.012309337845554403,0.08985943775100401,0.0838796400746019,0.116214859437751,0.122052096643803,0.497844398021698,0.28586143255233765,0.0004671610950026661,0.9999150037765503,0.05849607661366463,0.5579212307929993,-0.999907910823822,0.9995156526565552
19988.952999999998,2045402,409344,533,203.05723050888255,719,0.5073522765162303,0.513862693182897,153.89999999999554,7.0,76,116289,118939,47.64200973510742,43.41998291015625,3,3000.0,-0.004823047196536902,585.2835340954009,2.3279446079617454,0.0017078026971682613,0.014297523106160085,0.08058358448069514,42,1.0703208526565982,0.5706301378236743,0.5666361451148987,0.5827637444279347,0.562379936990755,0.08930163447251115,0.11456805905475363,0.09212481426448738,0.0965358686826611,0.013670133729569094,0.014689064243433145,0.08707280832095096,0.08389819925324388,0.1350668647845468,0.1279288717751533,0.49345892667770386,0.2887798845767975,6.73130780342035e-05,0.9999992847442627,0.06953824311494827,0.5570986270904541,-0.9987257719039917,0.9999735355377197
20004.702999999998,2049242,410112,534,244.05745519262715,719,0.5185106951033757,0.5185106951033757,,7.5,76,116433,119080,39.01123046875,33.16997528076172,3,3000.0,0.009005933679086534,24.68492721866917,2.350913282987234,0.007026472000828495,0.07735180010628961,0.8867307467453216,37,1.1490244641731333,0.5505018480647751,0.5664127469062805,0.5129407958589454,0.4579783507443215,0.10368812681979941,0.1508783391537591,0.12876091879650597,0.13446380161906163,0.014558395341313491,0.016960315929091592,0.10174700744095762,0.0951348934931983,0.13830475574247816,0.14458429906056786,0.5012948513031006,0.28738370537757874,5.947249974269653e-06,0.9996752738952637,0.057726748287677765,0.5571084022521973,-0.9999067783355713,0.999709963798523
20037.266,2053073,410880,535,117.70670107844525,724,0.4771915719904107,0.509743655323744,132.920000000004,7.833333333333333,76,116572,119242,48.80533218383789,48.90378952026367,3,3000.0,-0.002240914371906824,1826.5840265183222,2.385905901590983,0.0018458201177597203,0.010812795543599697,0.4086339194505926,42,1.1292757383044236,0.5977273675760004,0.6088578104972839,0.5444174018862185,0.5341781522706305,0.0762093094006693,0.09672010310530403,0.09491937937328872,0.09635776492391121,0.009887435351384241,0.009184031531679198,0.0839671432917554,0.0779358217995116,0.19059933069668392,0.1856241263689635,0.4969724118709564,0.28863048553466797,0.0005305393715389073,0.9999831914901733,0.07614629715681076,0.5534709095954895,-0.9996668696403503,0.999985933303833
20067.422000000002,2056908,411648,536,127.23532729503286,727,0.49628452984118426,0.5158157798411843,163.00000000000836,8.333333333333334,76,116707,119389,58.25714874267578,55.143898010253906,3,3000.0,-0.01101852644257763,1283.096196492513,2.393994751430693,0.00027527958021516884,0.0,0.4088311654395742,42,1.1570987773938777,0.5995554245461996,0.602881669998169,0.545468948035488,0.5263511771565353,0.06463878326996197,0.07980311841032532,0.10012674271229405,0.10648535267341887,0.013307984790874524,0.015274420478191582,0.08095690747782003,0.08011668880320362,0.19550063371356147,0.19196924247832528,0.4965088367462158,0.28938814997673035,1.3115729871060466e-06,0.9994791746139526,0.08627734333276749,0.5510872602462769,-0.9997522234916687,0.9994206428527832
20094.734,2060746,412416,537,140.60153130381318,728,0.5081279141353687,0.5146383308020354,53.30000000000049,8.5,76,116892,119578,47.43095779418945,50.65587615966797,3,3000.0,-0.018491239180245127,475.88805198669434,2.4720845570166907,0.007428203042014849,0.09444693602078284,0.35247603703404384,48,1.210561272265321,0.5962029350227012,0.5943107604980469,0.5107680332122471,0.49900527993739363,0.07485729112610275,0.09245064088884666,0.10132330046704723,0.11152156319718871,0.01154644525168656,0.012380062487403842,0.0962636222106902,0.09195082669407006,0.20524130773222626,0.1926916267950971,0.5001199245452881,0.28576669096946716,0.00011840004299301654,0.9999938011169434,0.07237077504396439,0.5576598644256592,-0.9994427561759949,0.9999009370803833
20123.906,2064579,413184,538,131.46522156673234,732,0.47821840513454966,0.5042600718012163,192.07500000000664,8.5,76,117030,119736,44.71300506591797,43.61653137207031,3,3000.0,-0.0033227691809380694,1613.7248942057292,2.510463487534296,0.0006864287563170015,4.870975473230439e-05,0.4434605465334077,42,1.2371848219493151,0.5534093453999193,0.5547187328338623,0.47937989163154726,0.44394639808051645,0.07856712823600241,0.10696179298244111,0.09828416616496087,0.11362220528208594,0.014148103552077062,0.015690545377228794,0.09256472004816375,0.0839369459198235,0.23705599036724864,0.23584211235790423,0.5072030425071716,0.2869851291179657,0.00010002693306887522,0.9999409914016724,0.09989015758037567,0.5551385283470154,-0.9992930293083191,0.9997961521148682
20147.141,2068408,413952,539,164.9080494422861,736,0.4818900647179083,0.5079317313845749,121.72500000000664,7.833333333333333,76,117137,119867,44.41122055053711,47.6176872253418,3,3000.0,-0.0009748368912066023,1861.6699096679688,2.470239599545797,0.00011251976982770187,1.5452552664404113e-05,0.33899032616855007,30,1.2274812800009796,0.5419917599974047,0.5447268486022949,0.5033307210031348,0.47663506960633484,0.07660658307210032,0.09843960964102913,0.10991379310344827,0.11383533246730623,0.01469435736677116,0.01693413916055789,0.08581504702194358,0.07979881763279202,0.20963949843260188,0.2143570314919799,0.4960947036743164,0.2864956259727478,6.610434866161086e-06,0.9998740553855896,0.0780920535326004,0.551494300365448,-0.9986845850944519,0.9999141693115234
20169.124999999996,2072247,414720,540,174.74623332880276,737,0.5133452815918064,0.5198556982584731,39.9000000000003,9.833333333333334,76,117306,120029,46.37272644042969,50.79961013793945,3,3000.0,-0.0010017158250169207,501.77088885837134,2.4698332150777182,0.006631391177231537,0.07583890803572205,0.35117592502995165,18,1.2135536765212005,0.5619163402097477,0.5640652179718018,0.49808156885036237,0.4683659585974124,0.07915304817393776,0.09661620612374909,0.11467955094500497,0.11566526646425908,0.014779025152763962,0.017754878514030195,0.07773198806309507,0.08375547370954785,0.21557481881483587,0.21784221659100134,0.506343424320221,0.28915756940841675,2.6676976631279103e-05,0.9996829032897949,0.08593078702688217,0.5457744598388672,-0.9991241097450256,0.9997869729995728
20195.984,2076081,415488,541,142.83053309987304,740,0.4865646610573054,0.5060959110573054,71.79999999999912,7.166666666666667,76,117441,120195,44.906131744384766,38.50020217895508,3,3000.0,-0.008600776579745192,1450.8038787841797,2.4542753299077353,0.013453107131165744,0.1929771838573894,0.3010450698798419,48,1.220862451379213,0.5149704781501233,0.5134441256523132,0.4962845010615711,0.4909301685131945,0.09593949044585988,0.11078245703766294,0.14742569002123143,0.1495434532617852,0.016321656050955414,0.016036203209303847,0.0625,0.057255014096444776,0.18152866242038215,0.1754527038816088,0.5018085241317749,0.2870822548866272,0.0002040242834482342,0.9999852776527405,0.09756778180599213,0.5516482591629028,-0.9991649389266968,0.9992485046386719
20215.594,2079920,416256,542,195.92732469118602,741,0.49654279179633215,0.5030532084629988,41.40000000000032,5.666666666666667,76,117561,120329,68.02951049804688,63.06043243408203,3,3000.0,-0.0046780744224735014,321.820376502143,2.375124606821272,0.0019727616881778905,0.007492096806850491,0.507098468490389,36,1.1689837014314561,0.5149140462544664,0.5104029774665833,0.5019248395967003,0.45844189854422285,0.13327222731439048,0.17934463659761882,0.14298808432630614,0.14031397679955598,0.017048579285059578,0.017676477522888333,0.046012832263978,0.042513021307055324,0.15875343721356552,0.16170998922865867,0.5055562257766724,0.287152498960495,0.00013182562543079257,0.999944269657135,0.09844262152910233,0.546485424041748,-0.9996485114097595,0.9998841285705566
20237.702999999998,2083757,417024,543,173.6670589300473,744,0.48386604711570413,0.5033972971157041,65.39999999999955,3.3333333333333335,76,117660,120457,48.006248474121094,50.36870574951172,3,3000.0,0.0042358853776628775,1413.4340209960938,2.3450767914454143,0.0005758368914891991,2.7980502151573696e-05,0.37648365294543584,30,1.1144038689288709,0.5118130292053088,0.5181335806846619,0.5468513308807618,0.4919006416957018,0.12140229387578447,0.18227923695795914,0.12464834451417442,0.11631309666206911,0.016446656567842458,0.016423805436183152,0.04544470893745942,0.04087802979937399,0.1452066652239775,0.1522051894487128,0.5024111270904541,0.28527629375457764,0.00034210289595648646,0.9998340010643005,0.10181675106287003,0.5492650270462036,-0.9993522763252258,0.9995778799057007
20255.344,2087595,417792,544,217.75886524822695,746,0.48414063501655624,0.49716146834988956,287.9000000000269,7.166666666666667,76,117773,120557,51.967689514160156,49.87947082519531,3,3000.0,-5.5362354032695293e-05,641.7859814961752,2.336838295062383,6.173761301014474e-05,0.0,0.726634583267518,24,1.127861582869836,0.536804403035095,0.5286411643028259,0.5134797803295057,0.48718520720482394,0.14203694458312532,0.17397439414253915,0.1323015476784823,0.12781736836257657,0.01347978032950574,0.009486451154221308,0.04268597104343485,0.04173394775860038,0.15601597603594608,0.15980263137723869,0.5009214282035828,0.28693681955337524,0.00013482756912708282,0.9998807907104492,0.10978778451681137,0.5476795434951782,-0.9999247193336487,0.9998416900634766
20272.202999999998,2091433,418560,545,227.85561624320886,748,0.4890131821535378,0.5020340154868711,229.4000000000141,4.0,76,117851,120664,48.143951416015625,46.23040008544922,3,3000.0,-0.00918028928960363,761.3905695597331,2.3326646089553833,0.0001028717218239536,0.0,0.7086748543538208,30,1.106996798834427,0.5337213552468473,0.5301997065544128,0.5511472275334608,0.517837841643418,0.11735181644359464,0.15620646072015845,0.11902485659655831,0.12528331696497982,0.01768642447418738,0.017694881576107,0.04206500956022945,0.03749368539820701,0.1527246653919694,0.14548381369712976,0.5018728375434875,0.2918979525566101,0.00020371483697090298,0.9999436736106873,0.11359964311122894,0.5423814654350281,-0.9981919527053833,0.9997348785400391
20300.391,2095261,419328,546,135.8795967627496,751,0.49342557035398354,0.5129568203539835,235.6000000000108,6.0,76,118006,120822,45.62721633911133,43.41929626464844,3,3000.0,-0.00994209799353571,875.05736941383,2.336140819958278,0.0034455719088202154,0.04015050805866763,0.758507763200312,42,1.0710866899352482,0.5238416090863548,0.5298566222190857,0.6127345432174716,0.5583656517769704,0.07013226699477083,0.11398096980288677,0.11365733620424484,0.1253629765391721,0.015072285450630576,0.013900246664331463,0.0510612119347893,0.04703134239086466,0.1373423561980929,0.14135881282577462,0.49861401319503784,0.2865159809589386,0.0001893909793579951,0.999936044216156,0.09099102765321732,0.5489307045936584,-0.999560534954071,0.9998594522476196
20324.141,2099095,420096,547,161.53360016852352,754,0.49449498037051587,0.5140262303705159,269.8000000000306,8.5,76,118180,120996,47.19465637207031,40.35260772705078,3,3000.0,-0.0007400897059900066,954.4839433942523,2.3744683152153376,0.004330202803934311,0.0537116820092446,0.7549910173401253,42,1.0759399973163168,0.507266581881151,0.5017251968383789,0.5883969465648855,0.5790781958273171,0.07587786259541984,0.09522489863049681,0.11022900763358778,0.11470119904337449,0.01633587786259542,0.014751088202970868,0.034961832061068704,0.036030948908594755,0.17419847328244276,0.160213669387246,0.5078362822532654,0.2858332395553589,0.00013974546163808554,0.9999916553497314,0.1051236167550087,0.5484616756439209,-0.9990987777709961,0.9999457597732544
20343.937,2102935,420864,548,194.12567615385876,755,0.512812676575404,0.5193230932420706,69.50000000000033,6.5,76,118311,121144,51.93874740600586,51.85428237915039,3,3000.0,-0.007313502633700236,437.353939465114,2.4094162668500627,0.0032410789066668042,0.030798947225169588,0.4304283603540182,42,1.1475020132505018,0.49732049362497693,0.49882006645202637,0.5405874692519173,0.5053216153678186,0.07307191433945884,0.10178214072739189,0.13861959195485457,0.149748544913987,0.015048473448126177,0.015515780063757841,0.0374764867602373,0.03681831632729746,0.19519606424540586,0.19081360259974717,0.5051373243331909,0.2884419560432434,0.00011633081157924607,0.9997595548629761,0.11585363000631332,0.5484679937362671,-0.9999055862426758,0.9998453855514526
20360.437,2106772,421632,549,232.77117204556328,756,0.5086987095822756,0.5152091262489423,90.19999999999915,8.333333333333334,76,118457,121284,46.49530792236328,43.4657096862793,3,3000.0,-0.007578508878525879,355.28768684750514,2.4339441571916853,0.009293816938407692,0.13587131572976,0.1656163023628896,42,1.2033424992041466,0.535223621205366,0.5282535552978516,0.49679336774597216,0.46984260416668466,0.0985452839042703,0.13360157750700338,0.13765055529485373,0.1326466055997883,0.01923979352416706,0.020255521876901255,0.03863600813389645,0.038075190550926265,0.2091349913968403,0.20557850029869615,0.5007866621017456,0.2848972976207733,9.653653251007199e-05,0.9997891187667847,0.11812734603881836,0.5460828542709351,-0.9989081025123596,0.9990360736846924
20383.266,2110606,422400,550,168.062069872427,759,0.47867913398689366,0.4982103839868936,334.96666666667755,5.333333333333333,76,118590,121450,36.733421325683594,33.16249084472656,3,3000.0,-0.0008573356446706586,1407.9190911187065,2.4332663814226785,0.0005908646593597701,0.001857565371513677,0.4051791089065291,36,1.2197805978901763,0.607338092423893,0.6095269918441772,0.49499589827727647,0.47706169256138253,0.07809680065627564,0.1026381539474656,0.15291222313371616,0.14974621722123582,0.01837571780147662,0.018597275596888948,0.03789991796554553,0.03699110597844924,0.2177194421657096,0.21496555469457784,0.4974789619445801,0.2867884933948517,2.8401551389833912e-05,0.9987791776657104,0.10263381153345108,0.5530086159706116,-0.9989137649536133,0.9996579885482788
20406.141,2114439,423168,551,167.67279090113308,762,0.5010861202141609,0.5206173702141609,36.60000000000025,7.333333333333333,76,118732,121595,47.27342224121094,41.12500762939453,3,3000.0,-0.00014995654217071005,1090.8239432440864,2.4436168207062616,0.0004032717339226069,0.0003973277748122604,0.42353275811131796,36,1.2241116875390559,0.6265799250571545,0.629086434841156,0.490087915876573,0.46441326304565383,0.0908464057921048,0.10432215557827536,0.1522151353214963,0.15037125224162237,0.01741079124288916,0.0180522305582233,0.032063437338389934,0.034103508945797084,0.2173763144285468,0.22873758963042806,0.5041986703872681,0.2878074049949646,0.0001165847570518963,0.9999865889549255,0.1051003709435463,0.541515052318573,-0.9999651908874512,0.9989099502563477
20429.234,2118275,423936,552,166.21890978420043,763,0.5119997118666056,0.5185101285332724,197.59999999999306,7.0,76,118901,121771,45.24261474609375,48.04566192626953,3,3000.0,-0.011264619446592405,377.96125586827594,2.45771324634552,0.0031673465356462176,0.0337426548988636,0.491579564572864,48,1.2220954228313194,0.6187280452853101,0.622296154499054,0.4885516867633112,0.4443844842322346,0.08454139005554803,0.12726566453717686,0.14171521474055007,0.15444247526951524,0.02018696653569977,0.022400520136527914,0.04308359300907736,0.03388149513922421,0.22192114889581357,0.21762536068532118,0.49703070521354675,0.285871297121048,6.936704448889941e-05,0.9998855590820312,0.10850822180509567,0.5491495728492737,-0.9990159273147583,0.9998859167098999
20454.047000000002,2122111,424704,553,154.69613259664806,765,0.5067620220749407,0.5197828554082741,306.3000000000137,8.0,76,119060,121934,45.510467529296875,42.32371520996094,3,3000.0,-0.0033600827501643273,856.8974246070499,2.493208788690113,0.005652690752043159,0.04288897571469923,0.47560308393918627,42,1.2343387944357735,0.5768755165651974,0.583250105381012,0.49483816964285715,0.461877259804123,0.07952008928571429,0.13074128344440675,0.154296875,0.15692367002496152,0.021344866071428572,0.021170285994194165,0.04868861607142857,0.040940040119679964,0.20131138392857142,0.18834746061263463,0.49833232164382935,0.28728267550468445,0.00010939242201857269,0.9997871518135071,0.08570209890604019,0.5538539290428162,-0.9975676536560059,0.999441385269165
20477.359,2125947,425472,554,164.65639352707302,766,0.5148854384789741,0.5213958551456407,402.60000000002304,12.166666666666666,76,119246,122100,43.856971740722656,45.46895217895508,3,3000.0,0.002806042829020457,372.60054518959737,2.5220331603830513,0.006964181092996649,0.05966219929343259,0.6511208553672194,22,1.2657516304995236,0.5871664878293166,0.5844612121582031,0.4705209656925032,0.4363535625500306,0.09021601016518424,0.13063132843288444,0.17750952986022872,0.18015141451848213,0.020457433290978398,0.021011849164032672,0.04752223634053367,0.0440071764049232,0.1937738246505718,0.18784466892964694,0.4987109303474426,0.28787916898727417,4.020281267003156e-05,0.9998577833175659,0.09563248604536057,0.5501270294189453,-0.9993377923965454,0.999902606010437
20497.952999999998,2129785,426240,555,186.50986490425456,767,0.5056746954401956,0.5121851121068622,36.80000000000025,9.833333333333334,76,119406,122279,53.782615661621094,57.63670349121094,3,3000.0,-0.02412499404911484,339.96498028891426,2.5457601955958773,0.010793420905909405,0.14814983707120907,0.4102657120747899,35,1.2909370706469574,0.5459732178616239,0.5475131869316101,0.4711878227779288,0.45134106396549684,0.08833922261484099,0.10350900876208688,0.15207936939385702,0.15894737955923127,0.02663767328078282,0.028972938509436344,0.053954879043218266,0.05364139392340804,0.2078010328893721,0.2035882152803406,0.49711474776268005,0.28865399956703186,2.091012902383227e-05,0.9998215436935425,0.0999349057674408,0.5545319318771362,-0.9997124075889587,0.9999703168869019
20521.499999999996,2133625,427008,556,163.1889847435617,767,0.5189409813772956,0.5189409813772956,,13.333333333333334,76,119636,122488,41.639122009277344,45.14803695678711,3,3000.0,-0.0008557705229825594,17.277994083635736,2.580963691075643,0.004132793602482924,0.036544533772746836,0.880772807247515,66,1.3090436863466484,0.5324738429399455,0.5312348008155823,0.4293452437517818,0.41124996885819265,0.10263232918369286,0.12170850587301718,0.14843675757863728,0.14987065566827168,0.021096645443314643,0.020981397758277787,0.05511736196902024,0.05240296391644642,0.24337166207355318,0.24378650792579426,0.5013677477836609,0.28782427310943604,3.899200606838349e-08,0.9999398589134216,0.07047660648822784,0.5587238073348999,-0.9997854232788086,0.9998252391815186
20547.687,2137464,427776,557,168.9849458579044,768,0.5111437099032782,0.5176541265699448,369.4000000000155,9.666666666666666,76,119781,122660,49.69469451904297,56.959571838378906,3,3000.0,-0.001784213573652475,516.3748299280802,2.5561484644810357,0.0026145866092132635,0.013365857637836598,0.34087100461139297,48,1.3002891067239841,0.5477518935935526,0.5466834902763367,0.4033498759305211,0.3696917963147303,0.12084367245657568,0.1676959810522575,0.15161290322580645,0.14888405108368002,0.01588089330024814,0.015205790874631048,0.048511166253101735,0.04712741542304592,0.2598014888337469,0.25139496525165517,0.5031915903091431,0.28627458214759827,3.9514077798230574e-05,0.999524712562561,0.07250690460205078,0.5607507824897766,-0.9988780617713928,0.9999353885650635
20571.219,2141303,428544,558,163.250552815082,770,0.4929680492539066,0.50598888258724,379.9500000000179,11.666666666666666,76,119952,122829,49.8281364440918,48.26884460449219,3,3000.0,-0.0010749096150643059,597.3604169573102,2.5594359579540433,0.0003586651607309503,0.0,0.7530723162248935,42,1.3078076567384893,0.5610459125184333,0.5562190413475037,0.40329685945715504,0.3760252085891742,0.11936904931078585,0.15899957683565322,0.16512718487992042,0.1543582336993101,0.02117379565155606,0.019432391588214637,0.05002131590166264,0.04386657651899633,0.24101179479892,0.24731801276865154,0.5050820112228394,0.28370973467826843,4.869972144661006e-06,0.9997646808624268,0.07206673920154572,0.5569198131561279,-0.9999522566795349,0.9999762773513794
20592.891,2145141,429312,559,177.21752782011055,771,0.5087175740664094,0.515227990733076,566.3000000000602,9.166666666666666,76,120117,123014,45.79035568237305,45.5632438659668,3,3000.0,-0.0033489281134582902,155.79707034428915,2.5274595071872077,0.002356095019554917,0.014272095418467265,0.9225491578274773,48,1.3156109950581536,0.5554676208136735,0.5518775582313538,0.3993340163934426,0.37069671762849804,0.10655737704918032,0.14625268240491057,0.18417008196721313,0.1863299126579529,0.02036372950819672,0.02146950126584474,0.047515368852459015,0.04661974410769278,0.24205942622950818,0.22863144193510096,0.5021892189979553,0.28640216588974,0.00021221023052930832,0.9999893307685852,0.06917542219161987,0.562683641910553,-0.9984322786331177,0.999732494354248
20613.124999999996,2148976,430080,560,189.673079776473,774,0.49801354361302924,0.5175447936130292,46.16666666666691,8.666666666666666,76,120244,123159,47.00334167480469,46.97476577758789,3,3000.0,-0.007013920897507988,1270.3170166015625,2.5372736851374307,0.0005804620643171888,0.0012222860694035059,0.4807380952436613,36,1.2948981594031965,0.5552021275978356,0.5506933331489563,0.44190140845070425,0.4276309925904647,0.14066901408450705,0.1620029770444216,0.1619718309859155,0.1567567109865793,0.01919014084507042,0.017784816387530794,0.04929577464788732,0.04331954479540611,0.1869718309859155,0.1925049581955975,0.5120775699615479,0.2854142189025879,0.00029146033921279013,0.9999986290931702,0.07133837044239044,0.5625726580619812,-0.999058723449707,0.999850869178772
20634.827999999998,2152816,430848,561,177.06460091300502,775,0.5245744766544774,0.5310848933211442,30.000000000000156,10.666666666666666,76,120437,123345,51.20819854736328,47.40391540527344,3,3000.0,-0.004966059755706401,132.49516518910727,2.5599487490124173,0.0007916383677337456,0.00018168955661908344,0.9223406043378012,54,1.2893141782465416,0.5643402249766156,0.5674788951873779,0.45262916714400275,0.4349465806907417,0.1224653454003895,0.1490348074526231,0.15626074006186275,0.15455671637023077,0.020048115477145148,0.0198128204657535,0.054645434757704205,0.049424554293972515,0.19395119715889564,0.1922245207266784,0.5019382834434509,0.2870832085609436,0.00033580290619283915,0.9999817609786987,0.0678611621260643,0.5589789748191833,-0.9997636079788208,0.9998937845230103
20660.391,2156653,431616,562,150.1937605198341,776,0.5093291095654494,0.515839526232116,485.2000000000418,9.5,76,120644,123564,44.969791412353516,41.13819885253906,3,3000.0,-0.00027206809479846724,284.31163180315934,2.551446208247432,0.000381167564713454,0.0,0.9120842421677421,54,1.3023628876588056,0.5717494676430811,0.5726086497306824,0.45292056074766357,0.40894535109002755,0.12044392523364486,0.17041285266534756,0.15186915887850466,0.1525244197516581,0.020093457943925235,0.02046544922589609,0.05689252336448598,0.049328746148059294,0.1977803738317757,0.19832318111901137,0.4984954595565796,0.28590044379234314,6.422857495635981e-06,0.999748170375824,0.06577038764953613,0.5574235320091248,-0.9994824528694153,0.9999074935913086
20686.344,2160487,432384,563,147.81401804301473,779,0.49265350390832935,0.5121847539083294,359.13333333336635,13.5,76,120832,123743,47.24300003051758,46.45246887207031,3,3000.0,-0.0033276223693974316,960.7079127629598,2.5247884641091027,0.0003896037718003384,0.002210031041613547,0.7050663138227795,48,1.323722289017904,0.5729760779990806,0.5760135054588318,0.39618760285244103,0.35287966397628384,0.15894130554031816,0.22351075950538196,0.16332967635765222,0.16390119103722536,0.018924849149753155,0.018821060079208397,0.05471749862863412,0.04808245447198004,0.20789906747120132,0.19280487092992038,0.49956268072128296,0.28812912106513977,0.00024103891337290406,0.999998152256012,0.06840483844280243,0.5542516708374023,-0.9999098777770996,0.9991739988327026
20711.702999999998,2164325,433152,564,151.43623737375339,780,0.5189150086921207,0.5254254253587874,411.300000000025,11.0,76,121014,123945,52.86892318725586,56.04168701171875,3,3000.0,-0.007012929265708105,445.1305751800537,2.5336137612660727,0.009800789274979906,0.09939665202303634,0.5296849968650684,48,1.3262980538969442,0.5747826702021372,0.5764299035072327,0.4003933996284559,0.36601390569462977,0.15440935416894327,0.20338825078851594,0.17899683094743743,0.17728120068584854,0.019779259097366407,0.020254463103735514,0.05157906239755218,0.04812648797606132,0.19484209376024478,0.1849356917512089,0.497408390045166,0.28353363275527954,0.00011094081855844706,0.9998509883880615,0.07509605586528778,0.5609474182128906,-0.9998669624328613,0.9994937181472778
20733.062,2168165,433920,565,179.91847444126242,780,0.5160163755706356,0.5160163755706356,,12.0,76,121215,124140,43.86298370361328,42.53718566894531,3,3000.0,0.013579992142816385,32.94605649312337,2.568998654683431,0.01007214599851719,0.10656331145825486,0.08456979646573515,15,1.3454732778704714,0.5828272553497114,0.5850030183792114,0.3755857544517338,0.34552521948173837,0.14409559512652295,0.1915401751391405,0.18638706654170573,0.1818430499759259,0.020384254920337394,0.0200051956640324,0.05283505154639175,0.04977177962982409,0.22071227741330834,0.21131458010933876,0.5074928402900696,0.2870684564113617,0.0002564230526331812,0.9999541640281677,0.07491294294595718,0.5613794922828674,-0.9997443556785583,0.999913215637207
20761.609,2172001,434688,566,134.45024709963337,782,0.4942846723527399,0.5073055056860732,298.0500000000095,10.166666666666666,76,121417,124363,47.60687255859375,40.72941589355469,3,3000.0,-0.006219439199884181,779.6673069706669,2.5564611311312073,0.014881457605872474,0.22423417001954038,0.6139974104099051,54,1.3460367342158739,0.5998883122576811,0.6030738353729248,0.38035072432196926,0.3568907685307728,0.19954253349308354,0.24754341809703265,0.18668990306066877,0.17690236236382648,0.02091275460189522,0.01677768565256981,0.040627382638056854,0.032636493635026256,0.17187670188432633,0.16924927172077203,0.5026453733444214,0.2878504693508148,3.4586326364660636e-05,0.9998874664306641,0.05527875944972038,0.5662148594856262,-0.9995032548904419,0.9992518424987793
20781.781,2175841,435456,567,190.5139908711793,782,0.5048005212611754,0.5048005212611754,,6.833333333333333,76,121582,124548,54.15004348754883,57.77388000488281,3,3000.0,-0.00696631223850307,56.33288437979562,2.5346892674764,0.003996210341592669,0.02977076150377148,0.9330196223789042,42,1.3358007287658353,0.6150833008690572,0.6100704073905945,0.35916934776250364,0.3311424573827735,0.22638198303597543,0.3002514133589092,0.20707809300965194,0.18478580683317666,0.02559227844398947,0.025334875792965672,0.049429657794676805,0.03802514234808332,0.1323486399532027,0.12046030428409168,0.4988076388835907,0.2862049341201782,6.737780495313928e-05,0.9997184872627258,0.053617577999830246,0.5604123473167419,-0.9992459416389465,0.9994974136352539
20810.812,2179679,436224,568,132.27640875409537,783,0.5234355807110851,0.5299459973777517,386.30000000001934,13.666666666666666,76,121832,124762,44.44965744018555,37.12739181518555,3,3000.0,-0.00796745028286144,416.05311352411906,2.558283603191376,0.001182079152015598,0.0066341314309587085,0.7882768457543243,60,1.3856036203345223,0.5678976115659793,0.5619405508041382,0.3206796429723626,0.2852689514167643,0.19905366168405206,0.2820408921915634,0.25045703839122485,0.22915183173431408,0.027422303473491772,0.02318173819562997,0.05774814496182385,0.049815180105266844,0.14463920851704484,0.13054140635646144,0.5090606212615967,0.2869397699832916,0.0004413377318996936,0.9999282956123352,0.050130896270275116,0.5644903182983398,-0.9999290704727173,0.9997624158859253
20837.109,2183519,436992,569,146.11316159961984,783,0.5263878550439124,0.5263878550439124,,12.5,76,122079,125016,46.715267181396484,50.115177154541016,3,3000.0,-0.004588111133004228,30.43615576426188,2.621250506242116,0.0021827831523842586,0.014983191819434674,0.9856686891376923,60,1.3850239003387652,0.5901825697636021,0.584587037563324,0.29427031343581556,0.27610977719621665,0.21621082052305848,0.2634335593102551,0.23617488520662808,0.2183254061544429,0.025054901177879816,0.024700138452787533,0.05440207626272709,0.04832966176548812,0.173887003393891,0.16910145712080976,0.5017037987709045,0.28663191199302673,1.7313974240096286e-05,0.9999767541885376,0.05519387125968933,0.568331778049469,-0.9994986057281494,0.9998345375061035
20860.172000000002,2187356,437760,570,166.48587668672764,784,0.5115128622677777,0.5180232789344444,387.20000000001954,10.166666666666666,76,122238,125194,43.850830078125,39.765586853027344,3,3000.0,0.0006961534357590912,445.42031304041546,2.6154177635908127,0.011846730187157461,0.17630280783972316,0.8288299859903032,48,1.4017113642832901,0.5812327560869236,0.5850170850753784,0.29379257164888833,0.2684118518377166,0.2123120421539648,0.26988201451082555,0.22207942423852975,0.21319581507848895,0.036627682817118624,0.03286611583344885,0.05436319239172343,0.04925204256425636,0.1808250867497751,0.1663921601752637,0.504575788974762,0.2873479127883911,4.842501220991835e-05,0.9996582865715027,0.06541963666677475,0.5599035024642944,-0.9997835755348206,0.9999288320541382
20884.999999999996,2191193,438528,571,154.73646005566025,786,0.49592070751286377,0.5089415408461971,391.3500000000205,11.666666666666666,76,122378,125335,46.63725662231445,47.18012237548828,3,3000.0,-0.0056521854518602295,320.4725474403018,2.6320700361615135,0.0024251933816552373,0.01936462410126946,0.9195903641488521,42,1.3983682103903896,0.5904924692007212,0.5976923108100891,0.3322289156626506,0.2986416096212434,0.23373493975903614,0.2923445078431592,0.17620481927710843,0.1841684586343628,0.043674698795180725,0.037194704526884094,0.0463855421686747,0.0409611211808595,0.16777108433734939,0.14668959819349098,0.5039343237876892,0.2873411178588867,8.328047988470644e-05,0.9999389052391052,0.06522692739963531,0.5609862804412842,-0.99878990650177,0.9998354911804199
20915.234,2195030,439296,572,126.97729829902389,788,0.516365144475876,0.5293859778092094,539.8500000000543,14.666666666666666,76,122592,125541,44.78759765625,43.25780487060547,3,3000.0,-0.003758490626369753,286.1049529044859,2.65712228128987,0.01756156758256158,0.2633838569707868,0.9210724508304295,31,1.4554184187797223,0.6059858257528231,0.6073818206787109,0.2938228676620986,0.27194731169888087,0.19155246471671097,0.23668866028923666,0.19380241358150951,0.1806521102594834,0.05123747187563919,0.048964132696038165,0.07649826140314993,0.0670802442847101,0.1930865207608918,0.1946675407716508,0.5033626556396484,0.2862139642238617,8.516488742316142e-05,0.9999473094940186,0.05913843587040901,0.561677098274231,-0.9985474348068237,0.9997408390045166
20936.219,2198870,440064,573,182.98784846318293,788,0.5108791549408555,0.5108791549408555,,8.833333333333334,76,122753,125737,45.792762756347656,45.04622268676758,3,3000.0,-0.0049413475195857854,21.797607421875,2.5002928574879966,0.011458475092165405,0.12222320124662171,0.6803848455420857,24,1.417095597968044,0.6614406542205713,0.6649160981178284,0.27271586345381527,0.24990992148795182,0.2552710843373494,0.30980013498415676,0.1897590361445783,0.18024824646653734,0.05948795180722891,0.05490282880864627,0.07354417670682731,0.06806245308678839,0.1492218875502008,0.13707641516591942,0.5015131235122681,0.29044950008392334,0.00014365023525897413,0.9999731183052063,0.06784549355506897,0.5635807514190674,-0.9999922513961792,0.999649167060852
20954.969,2202703,440832,574,204.59033893781057,791,0.47744344354002055,0.49697469354002055,209.09999999999252,6.5,76,122872,125885,32.74998092651367,24.09040641784668,3,3000.0,0.01818396073455612,1658.0980224609375,2.557922601699829,0.013959611911592028,0.2067254727104834,0.29596958960564246,12,1.4348171373420793,0.6769773397331348,0.6761058568954468,0.24409925358079484,0.224733090402158,0.26971958846076255,0.3182445480527041,0.21363728061327417,0.19475039217284573,0.059310066572523704,0.05612992519040096,0.0839217268509179,0.07414186117960811,0.12931208392172686,0.13200018300228314,0.5109243988990784,0.2859196066856384,0.0005096541717648506,0.9997704029083252,0.04997450113296509,0.5612686276435852,-0.9997652769088745,0.9994165897369385
20974.609,2206537,441600,575,195.36305732484075,794,0.4964864143338981,0.5160176643338982,238.9666666666723,13.0,76,123007,125996,56.9321174621582,58.219566345214844,3,3000.0,-0.0009160695907970269,1329.5088033040365,2.553383708000183,0.001965990544665397,0.004033186005350823,0.48507044681353717,30,1.414611968360996,0.618810077614311,0.618996798992157,0.2883817427385892,0.2657004404619876,0.26431535269709544,0.32420000175151603,0.1570539419087137,0.14270646634554193,0.08962655601659751,0.08263525553983878,0.07842323651452282,0.07095905560900607,0.12219917012448132,0.11379878029210963,0.5102952122688293,0.28638601303100586,0.0003484380431473255,0.9999760389328003,0.0438317246735096,0.5686107873916626,-0.9995309710502625,0.9997230768203735
21004.687,2210375,442368,576,127.66948306830272,795,0.507914005399836,0.5144244220665026,278.7999999999949,14.0,76,123261,126249,55.17695617675781,49.01133728027344,3,3000.0,-0.01427438158619528,597.9218812942505,2.5804091374079388,0.009976197389872144,0.1312403825945997,0.23800429371596654,60,1.428861643125892,0.603973353539132,0.6059654355049133,0.36119889897033336,0.31754805220582083,0.20389438270975635,0.3065835629615055,0.13202161280456723,0.12117997728545218,0.10357834641655622,0.08677967868169473,0.0854317463553879,0.06689568941010834,0.11387501274339892,0.10101303945541841,0.4976661205291748,0.2883751392364502,2.3047065042192116e-05,0.9999879002571106,0.036750566214323044,0.5664371252059937,-0.9999743103981018,0.999645471572876
21039.062,2214205,443136,577,111.47006606710184,799,0.4818909203452531,0.5079325870119198,92.37499999999788,8.5,76,123463,126504,51.97030258178711,50.89766311645508,3,3000.0,-0.009621866971065174,1985.337062072754,2.5916678249835967,0.00999647460858962,0.14633767467166764,0.2589957785429766,40,1.3848262758888594,0.6593179679626666,0.6553472876548767,0.3669111302847282,0.33378669773100283,0.22842968075927525,0.2797849446731692,0.13556945642795512,0.13315261067594547,0.1095772217428818,0.10264719021023432,0.0593183779119931,0.0540171826133246,0.10019413287316652,0.09661137409632357,0.5058788657188416,0.28855517506599426,0.00022776835248805583,0.9999160766601562,0.030032970011234283,0.5689942240715027,-0.9999825358390808,0.9998244047164917
21060.124999999996,2218045,443904,578,182.44880505536392,799,0.5262268087264791,0.5262268087264791,,13.666666666666666,76,123668,126678,48.79821014404297,54.597381591796875,3,3000.0,0.004862399238239353,31.466895580291748,2.3901738027731576,0.01489023434025732,0.2090438138693571,0.32325137769371315,24,1.3125318943416897,0.6812645383809898,0.6801100969314575,0.32985274431057565,0.28718364108053285,0.33306559571619815,0.4071810537391837,0.06987951807228916,0.06157016887481746,0.11659973226238286,0.10524212888308103,0.04752342704149933,0.04033123977852252,0.10307898259705489,0.09849176764386243,0.5025588870048523,0.2868378758430481,0.00010328917414881289,0.9998760223388672,0.039394181221723557,0.5678179860115051,-0.9997515082359314,0.99985671043396
21087.906,2221881,444672,579,138.1595533945644,800,0.5068872376056693,0.5133976542723361,116.09999999999768,6.666666666666667,76,123850,126907,50.17486572265625,51.94384002685547,3,3000.0,0.012029004376381635,653.5883117675781,2.4731053829193117,0.015508320997264088,0.19810774605721235,0.23136134989433854,10,1.3326059378131834,0.5989085397091978,0.598594069480896,0.2866472303206997,0.2530393510081207,0.3443731778425656,0.4101334091680589,0.09049562682215744,0.09164639857425672,0.10740524781341108,0.093771427274137,0.07848396501457726,0.06688572601948696,0.09259475218658893,0.08452368795593972,0.5040881037712097,0.2879747450351715,9.785542715690099e-06,0.9998605251312256,0.02437973953783512,0.5718169212341309,-0.9993952512741089,0.9999473094940186
21122.797000000002,2225718,445440,580,110.02150537634408,801,0.5037909245225776,0.5103013411892442,41.70000000000032,12.333333333333334,76,124132,127160,46.79008865356445,43.061065673828125,3,3000.0,0.004405545023142953,478.15228046070445,2.47163044683861,0.006809453574750763,0.08437306935736684,0.6222536097720515,66,1.3659403934711363,0.5232341042558392,0.5269238352775574,0.23923399390243902,0.18763398687718905,0.35060975609756095,0.4477239055366973,0.11108993902439024,0.1085380650204119,0.08755716463414634,0.07078523697089008,0.10461128048780488,0.08973432672142777,0.10689786585365854,0.09558447887338392,0.5018248558044434,0.2886790633201599,2.3314727513934486e-05,0.9999538064002991,0.03130341321229935,0.5709739327430725,-0.9999662637710571,0.9999619722366333
21147.016,2229557,446208,581,158.61014708314048,802,0.48737468749595014,0.49388510416261683,106.8999999999982,10.333333333333334,76,124304,127349,45.98465347290039,44.532440185546875,3,3000.0,0.021067511647440067,615.2124723891417,2.3702414805690446,0.008575570055982378,0.12437866430021434,0.602452814374377,48,1.2222481748309062,0.5555825543553232,0.5450655817985535,0.17121380846325168,0.14393345315990239,0.4688195991091314,0.5152161803564197,0.10050111358574611,0.10195321392825497,0.07488864142538976,0.06842973029944306,0.08532850779510022,0.08165124823072586,0.09924832962138085,0.08881617402525402,0.5061572790145874,0.28616154193878174,0.0001507720589870587,0.9998406767845154,0.018061114475131035,0.5680311322212219,-0.9999605417251587,0.9999889135360718
21170.874999999996,2233393,446976,582,160.8790471397597,805,0.4807980105830662,0.5003292605830661,318.3666666666913,7.5,76,124436,127513,46.938270568847656,45.03168869018555,3,3000.0,-0.002197325507748044,998.779793633355,2.2788771324687533,7.01423558640958e-05,0.0,0.7018179195546588,36,1.1970811669516102,0.6497740552917091,0.6631821393966675,0.1643005540166205,0.14012158571381042,0.4870152354570637,0.5592351864404432,0.0907202216066482,0.07659060568937659,0.07912049861495844,0.06707431674508517,0.08950831024930749,0.08219594311027638,0.08933518005540166,0.07478236230100821,0.5065568089485168,0.2863447368144989,0.00010882696369662881,0.9998024702072144,0.017142660915851593,0.5633758902549744,-0.9999645352363586,0.9995369911193848
21188.937,2237233,447744,583,212.78953784769777,805,0.5182669566932192,0.5182669566932192,,12.5,76,124599,127646,50.854896545410156,47.18459701538086,3,3000.0,-0.0013919747580075637,39.35710625421433,2.101651765051342,0.001316618088601294,0.007558833824337593,0.9861809219167013,42,1.1513928798103628,0.6463074654657338,0.6473759412765503,0.15162287480680062,0.11574216090406045,0.4953632148377125,0.6146907604826541,0.09227202472952087,0.07174742092602332,0.0714064914992272,0.05607110208573405,0.0973724884080371,0.06786758419572161,0.0919629057187017,0.07388097140580639,0.5083792209625244,0.2870960831642151,0.00018066770280711353,0.9997929930686951,0.02206379920244217,0.5655189752578735,-0.999902069568634,0.9998507499694824
21222.062,2241069,448512,584,115.85973602342368,807,0.509990484442513,0.5230113177758464,531.0500000000523,11.833333333333334,76,124835,127896,50.61073303222656,50.13699722290039,3,3000.0,-0.0016162962245289236,330.4449660936991,2.234200104077657,0.001064626134939925,0.0010356307985299887,0.916452560354528,60,1.2487937666607267,0.614955426321753,0.6050989031791687,0.16771596656001653,0.12587390079533253,0.4274950975332852,0.5565902225073804,0.11404685726081124,0.08767146059205434,0.0731757663329549,0.060041892909367914,0.13572092063164412,0.10166353176286903,0.08184539168128806,0.06815899143299574,0.5019010901451111,0.2896454632282257,0.00022169943258631974,0.9998663663864136,0.01329855527728796,0.5714538097381592,-0.9998278021812439,0.999875545501709
21255.437,2244909,449280,585,115.11136424951401,807,0.5298909302667,0.5298909302667,,17.166666666666668,76,125137,128166,48.88262939453125,50.144168853759766,3,3000.0,5.382807850967058e-05,29.907523685031467,2.2864103747738733,0.003921705574902885,0.03873589538650574,0.988272338839471,72,1.2402356491875404,0.6325603437331182,0.6367084383964539,0.16314432989690722,0.13005239252174175,0.4512027491408935,0.5456951124271435,0.11786941580756014,0.1003970940979829,0.07285223367697595,0.06624503875151969,0.11666666666666667,0.09083006071690346,0.07826460481099656,0.06678030148470869,0.506887674331665,0.2876001298427582,2.2362371964845806e-05,0.9998059272766113,0.0203331857919693,0.571863055229187,-0.9998531937599182,0.9997767210006714
21281.062,2248749,450048,586,149.94728415788973,807,0.5037347803718766,0.5037347803718766,,10.333333333333334,76,125387,128457,46.51853942871094,46.582489013671875,3,3000.0,0.0001393689886349926,16.846045308642918,2.3574181397755942,0.005861390643006196,0.06503495358952528,0.9963289837984061,72,1.2181203048281053,0.6445229593413351,0.6468803286552429,0.13847900113507378,0.12697907379383455,0.4740242731162141,0.5180706101114514,0.1392648214441631,0.12702230311165194,0.0681044267877412,0.06199747321296638,0.10294246049070113,0.09365884808410582,0.0771850170261067,0.07227169168598989,0.5079280138015747,0.28878912329673767,9.708229481475428e-05,0.9999152421951294,0.021289991214871407,0.5750314593315125,-0.9999707937240601,0.9999364614486694
21305.969,2252589,450816,587,154.2726286609416,807,0.5063308054465395,0.5063308054465395,,6.833333333333333,76,125563,128654,51.06694030761719,48.68199920654297,3,3000.0,-0.0032362435767599555,26.493557824028862,2.293594656167207,0.011219963735826479,0.1730939577230149,0.9906403968275882,54,1.1507738177880942,0.607488796169665,0.6169483065605164,0.12706784943658594,0.11393720588867927,0.47650443538719733,0.5213113372206216,0.14277151762167345,0.13621687483836822,0.054183649005034765,0.04756686214649653,0.11304243586669864,0.10703065825786998,0.08643011268280988,0.07393706164796436,0.5035955309867859,0.2877053916454315,0.00010829793609445915,0.9999609589576721,0.02672829106450081,0.5671679377555847,-0.999977171421051,0.9995125532150269
21328.172000000002,2256429,451584,588,173.06652244454963,807,0.49815566161092245,0.49815566161092245,,6.166666666666667,76,125737,128832,55.29952621459961,56.496490478515625,3,3000.0,-0.0032502739486517385,41.07321564356486,2.2337204217910767,0.002074231208436181,0.013659817968194451,0.9863840275910286,48,1.1613928614014004,0.5989879834178842,0.6010341048240662,0.11609822646657572,0.09955198080520536,0.4878581173260573,0.5585230255904431,0.14092769440654843,0.11640446525797245,0.0529331514324693,0.04853410273246533,0.10163710777626193,0.09196304286872728,0.10054570259208731,0.08502338274518646,0.5049801468849182,0.28678959608078003,0.001072601182386279,0.999873161315918,0.025584276765584946,0.5703136920928955,-0.9999114274978638,0.9997954368591309
21349.359,2260266,452352,589,181.22992631778965,808,0.488582163289163,0.49509257995582967,739.7000000000996,11.166666666666666,76,125897,128967,48.505001068115234,45.788204193115234,3,3000.0,0.02345223424934028,89.78606224060059,2.216281993048532,0.0003730701327071186,0.0008430238785443916,0.9628695217876309,42,1.1110139124126515,0.6362915993678872,0.6326967477798462,0.11998716714789862,0.09937391466218554,0.5478023740776388,0.6033397121702796,0.10474815527751043,0.09222934035972179,0.058229066410009626,0.05002935055058208,0.08229066410009625,0.07969957892933341,0.08694257298684632,0.07532810332789756,0.5030367374420166,0.2884898781776428,0.0001736884005367756,0.9999122619628906,0.03102251887321472,0.5628319382667542,-0.9999536871910095,0.9994732141494751
21374.624999999996,2264105,453120,590,152.03960396039605,809,0.4850745048418674,0.4915849215085341,471.9000000000388,7.666666666666667,76,126045,129141,57.256771087646484,54.66969299316406,3,3000.0,-0.0001922466160197343,282.65282476515995,2.321373468353635,0.0002096231653250196,0.0,0.8990183189516027,42,1.2209996812101298,0.6078056434948144,0.6014090776443481,0.13682358117025956,0.10990914948904677,0.47411643936061004,0.5467247892043016,0.12289191963631031,0.10579383326306238,0.07009825487608154,0.06303864619325311,0.09473529843085496,0.0853091204820512,0.10133450652588356,0.08922446136828494,0.5071466565132141,0.2874792218208313,9.825819142861292e-05,0.999984622001648,0.026529066264629364,0.5684663653373718,-0.9999390840530396,0.9994032382965088
21395.344,2267945,453888,591,185.4803651644569,809,0.5015845234603223,0.5015845234603223,,7.666666666666667,76,126203,129299,48.37009048461914,53.56718444824219,3,3000.0,-0.008004875759416748,44.44048232123966,2.3122224183309648,0.00028662612223501064,0.0006288422806565428,0.9883094729519414,42,1.1673810323477352,0.6367938909067037,0.639339029788971,0.12533249882647474,0.11154552384621437,0.5119699577530903,0.5614662095791949,0.1192301674229385,0.10994871306690718,0.06446565482710061,0.059148799099386626,0.08214676889375684,0.07361404258268363,0.09685495227663903,0.08427671182561335,0.5102572441101074,0.2887497842311859,0.000251152494456619,0.9999477863311768,0.03023901954293251,0.5707827210426331,-0.9992215633392334,0.9998751878738403
21415.452999999998,2271782,454656,592,190.95252314126162,812,0.4772627648525882,0.4967940148525882,563.2333333333928,4.166666666666667,76,126313,129445,45.7030143737793,42.39479064941406,3,3000.0,-0.0020875540387351064,367.41906890869143,2.309471106529236,0.0004269151596475377,0.0006021350816202661,0.9440075536259163,30,1.1829237617514528,0.6180350259938933,0.6132310032844543,0.11874862304472351,0.10675922980018915,0.49261951971799955,0.5649345027651063,0.129103326723948,0.11180685772611818,0.07556730557391496,0.06503373186611526,0.11147829918484248,0.09053082096074289,0.07248292575457149,0.06093485688172829,0.5012481808662415,0.28541475534439087,0.0006419973797164857,0.9995779395103455,0.02029678411781788,0.5721495151519775,-0.9996721148490906,0.9998583793640137
21437.469,2275619,455424,593,174.4090909090909,814,0.5065402869390573,0.5195611202723907,513.8500000000483,13.333333333333334,76,126490,129577,44.60834503173828,42.268157958984375,3,3000.0,0.005923063392401673,615.6858239173889,2.274716854095459,0.00397586397904136,0.04396443361474667,0.8596215496146071,32,1.2000741514275455,0.6144216336260102,0.6145442724227905,0.13137876386687797,0.10971891898128644,0.4648177496038035,0.5606141066111444,0.12836767036450078,0.10477780051082737,0.08272583201267829,0.07130664327040842,0.11030110935023772,0.08511455509031644,0.08240887480190175,0.06846797553601687,0.5045425295829773,0.2868154048919678,2.1577572624664754e-05,0.9999509453773499,0.02002100646495819,0.572005569934845,-0.9996958374977112,0.9997854232788086
21474.077999999998,2279459,456192,594,115.43317501354126,815,0.5132909806797313,0.5198013973463981,257.99999999999017,11.333333333333334,76,126706,129810,50.78590393066406,52.858062744140625,3,3000.0,-0.008231600637858112,587.0812933603922,2.6164538701375326,0.015203649808100846,0.21337821008637547,0.30813941310570847,60,1.441109724250329,0.5205764081361245,0.5159849524497986,0.17101996226040322,0.1413686742784145,0.2702353759062469,0.36658575620855544,0.1464892243519714,0.12870005092858314,0.12086602443142318,0.11399715158204721,0.13179064455258716,0.10910677360780548,0.15959876849736815,0.14024159339459424,0.5032026767730713,0.28816330432891846,0.00010392134572612122,0.9999671578407288,0.020405353978276253,0.5678608417510986,-0.9992135763168335,0.9998098611831665
21500.937,2283298,456960,595,143.01680140073358,816,0.5178672213369758,0.5243776380036425,112.89999999999786,8.833333333333334,76,126898,130022,48.617034912109375,43.96595764160156,3,3000.0,0.011553037663300831,204.1573449452718,2.605964008967082,0.010434200582497447,0.1187383199421068,0.39939979567509876,15,1.448321389960915,0.5245263606628477,0.526141881942749,0.17076893722572029,0.14920941623258632,0.29059339820644914,0.3512446091789398,0.144628887616867,0.12989549939175696,0.13642434649875979,0.12890094839154434,0.11906124785346307,0.11302684464877577,0.1385231825987407,0.1277226821563968,0.500379741191864,0.28847378492355347,0.0001433241559425369,0.9999552369117737,0.02115199714899063,0.5707813501358032,-0.9998819828033447,0.9998904466629028
21530.969,2287133,457728,596,127.7651918976407,818,0.50303014408921,0.5160509774225434,161.4999999999951,9.0,76,127057,130190,51.526554107666016,40.611175537109375,3,3000.0,0.004146385410179695,1093.7653401692708,2.6409749507904055,0.012945495097083391,0.1782062418758869,0.2793149679838032,15,1.4187906811218036,0.5214600601816565,0.5228267908096313,0.21559970566593084,0.18281513950241235,0.2836644591611479,0.34053289360722294,0.16727986264410105,0.15770184423421862,0.07235712533725779,0.07352592516047098,0.12300711307333824,0.12289219881869966,0.13809173411822417,0.12253199867697545,0.5072361826896667,0.28819409012794495,0.00014465919230133295,0.9997598528862,0.03234770521521568,0.570862889289856,-0.999876081943512,0.9998393058776855
21558.359,2290972,458496,597,140.23744292237444,819,0.5064439914126693,0.5129544080793359,57.90000000000055,11.666666666666666,76,127233,130355,56.848663330078125,57.416831970214844,3,3000.0,-0.011413928819820285,587.4164886474609,2.6233658212603945,0.008433788535176014,0.1139843442554896,0.26854800633022224,33,1.4234983762302387,0.45985779512637254,0.45709216594696045,0.21847489150650962,0.2055376063791768,0.2443893366398016,0.3093752874548152,0.19752014879107255,0.1771310244703433,0.05691258524488531,0.05472640822453545,0.1453192808431494,0.12173615867792076,0.13738375697458152,0.13149351479320853,0.5075247287750244,0.28855857253074646,3.4388633594062412e-06,0.9999932646751404,0.026427196338772774,0.5722373127937317,-0.9996134042739868,0.9998047351837158
21585.702999999998,2294812,459264,598,140.51522248242873,819,0.4938822713497755,0.4938822713497755,,9.166666666666666,76,127436,130573,55.061466217041016,59.547645568847656,3,3000.0,0.0014257755896391314,12.816768328348795,2.6530921989017062,0.0016112511935346397,0.005278202278229098,0.9740694186118142,54,1.4228585100646178,0.4286913051964398,0.4377598464488983,0.19365230879370005,0.17829853637685503,0.23159527502684643,0.2877875783457298,0.22920892494929007,0.20870364172544517,0.05440878176828541,0.05380547368865951,0.139004892017659,0.1281811291187924,0.15212981744421908,0.14322364074451804,0.5081114768981934,0.2866690456867218,0.00018084592011291534,0.9998460412025452,0.033495593816041946,0.5687662959098816,-0.9995720982551575,0.9999580383300781
21615.999999999996,2298649,460032,599,126.71312043857807,821,0.48440708629418633,0.4974279196275197,410.10000000002475,9.0,76,127605,130753,48.33207702636719,50.52439880371094,3,3000.0,-0.004454840939918843,584.1698150634766,2.601529348464239,0.0009730132532482334,0.004199609537387178,0.7638755531493469,42,1.4558242110715243,0.4239015397597994,0.43070611357688904,0.20171551107934238,0.1691546944619549,0.22473195139385274,0.3158264091746101,0.20514653323802717,0.18388851697468075,0.07376697641172265,0.0657612959627917,0.1409578270192995,0.13354456348833077,0.15368120085775555,0.13182451993763178,0.49812379479408264,0.289326936006546,3.600587660912424e-05,0.9998448491096497,0.03338318690657616,0.5614184141159058,-0.9995856881141663,0.9999637603759766
21638.249999999996,2302489,460800,600,172.708464513833,821,0.4972648971922005,0.4972648971922005,,7.5,76,127754,130911,51.49189376831055,41.921268463134766,3,3000.0,-0.0038156784964182102,30.996310975816513,2.652002387576633,0.0005203922263321576,0.0007747864745195127,0.9814094811849313,36,1.3888259181468048,0.4753522129556706,0.48154816031455994,0.18548387096774194,0.17284313328076828,0.3085553997194951,0.34339044816660785,0.19723001402524545,0.18667876488684193,0.07258064516129033,0.07769372946162532,0.12692847124824685,0.11864943493461025,0.10922159887798036,0.10074448926954639,0.5030834674835205,0.2858608067035675,0.00027282757218927145,0.9998696446418762,0.02838061936199665,0.5717819929122925,-0.9999811053276062,0.9998438358306885
21670.577999999998,2306325,461568,601,118.71750433276269,822,0.5072590160538032,0.5137694327204699,122.59999999999731,10.0,76,127963,131110,42.98391342163086,41.26557159423828,3,3000.0,-0.002005151379853487,460.9268321832021,2.6746526956558228,0.00041004677551404443,0.0,0.8188777689988648,60,1.4672094847832944,0.4488546844947458,0.45250189304351807,0.1954132318748679,0.17465925403268426,0.22088353413654618,0.28395051831038853,0.23219192559712534,0.2174503642266608,0.07376875924751639,0.06941980292582545,0.15620376241809342,0.14130399770912191,0.12153878672585078,0.11321606279531907,0.5005238652229309,0.28906384110450745,7.166159775806591e-05,0.9999846816062927,0.02520904503762722,0.5716243982315063,-0.999950110912323,0.9999561309814453
21689.952999999998,2310165,462336,602,198.35735316910205,822,0.5105549693624022,0.5105549693624022,,9.333333333333334,76,128131,131282,45.08085250854492,42.97896194458008,3,3000.0,-0.0021018402718861275,18.261915524800617,2.70587295293808,0.001313565176748227,0.004433173771152117,0.9957195597754674,48,1.4379380260109602,0.46905878126651795,0.46565863490104675,0.1823883592574009,0.17705813572850268,0.2494982438534872,0.2801064631366102,0.2200200702458605,0.20943589456113057,0.07313095835423984,0.07006054559405414,0.14877069744104365,0.13816416766213968,0.1261916708479679,0.12517479331756276,0.5048326253890991,0.2863061726093292,0.00042655810830183327,0.9996477365493774,0.03327406570315361,0.5727014541625977,-0.9995917081832886,0.999801754951477
21711.999999999996,2314005,463104,603,174.2998502111026,824,0.49849083503803754,0.5115116683713709,537.5000000000537,9.833333333333334,76,128252,131410,49.320858001708984,49.12813186645508,3,3000.0,-0.014051455515159648,310.64165505908784,2.708660193852016,0.001306997336684128,0.0047244398267052715,0.9439963888559354,42,1.4516075147772012,0.43061881223323895,0.4332568049430847,0.17607332368547998,0.16433282953255035,0.22640295867502813,0.24470918818367876,0.22045344910757356,0.22193689385208176,0.07637883904164657,0.07820994955544344,0.179289274803023,0.1753583589702629,0.12140215468724876,0.1154527799059828,0.502691388130188,0.28678369522094727,9.20492602745071e-05,0.9998648166656494,0.024139055982232094,0.568781852722168,-0.9997967481613159,0.999342679977417
21733.016,2317841,463872,604,182.66666666666666,825,0.5099085210520764,0.516418937718743,56.10000000000053,10.0,76,128401,131563,47.12971496582031,46.361053466796875,3,3000.0,0.006914319904656925,632.1045320828756,2.7406892528136573,0.001466009220168451,0.006500969369274874,0.8695446680542125,48,1.490533042273072,0.4027432530362841,0.39140844345092773,0.18733618430128293,0.1741728482883474,0.17961098082494137,0.22421425896148023,0.20637329286798178,0.1986097272502297,0.07973513588081114,0.07961323466845541,0.19588908815008968,0.18718892816317262,0.15105531797489308,0.13620100266831464,0.5041581988334656,0.2872282564640045,6.161207420518622e-05,0.9999294877052307,0.03680688887834549,0.5718530416488647,-0.9993411302566528,0.9999246597290039
21751.577999999998,2321679,464640,605,206.93373591417895,826,0.5085569964878149,0.5150674131544816,808.3000000001152,7.833333333333333,76,128515,131695,54.55912780761719,46.75690841674805,3,3000.0,0.004242586438998669,34.31086390359061,2.7325641257422313,0.005244127001545392,0.0707888659436278,0.9934262854246684,42,1.5007305796065042,0.3857500087384924,0.3842526972293854,0.1818743245329628,0.16489024715374187,0.18943955534969895,0.24400287446939836,0.19993824301374094,0.18630478772499312,0.0856878184344604,0.08326813202094732,0.19314497452524318,0.1799535810561688,0.1499150841438938,0.14158037757475053,0.5061801671981812,0.28834080696105957,0.00010400549945188686,0.9998920559883118,0.03279069811105728,0.570424497127533,-0.9995661973953247,0.999872088432312
21773.516,2325519,465408,606,175.16649940699912,827,0.5200682339247136,0.5265786505913802,333.50000000000733,15.833333333333334,76,128707,131844,55.334659576416016,55.00141525268555,3,3000.0,-0.009597166509289915,544.4573305447897,2.6966207375129065,0.005926458903916795,0.06923993703579374,0.844474204414384,48,1.4701037331154727,0.3800122120440725,0.3817724287509918,0.1590233819919907,0.14574736851577957,0.20578736597338845,0.23841333715986945,0.23020281617362098,0.22620275849442267,0.0755716315721483,0.07646753984311047,0.15876501743960728,0.15780230381812846,0.17064978684924428,0.15536669216868937,0.5015884637832642,0.2862986922264099,0.00015725416596978903,0.9997547268867493,0.0237626601010561,0.5748928785324097,-0.9996172189712524,0.9994913339614868
21803.562,2329359,466176,607,127.86786986779187,828,0.495742475135663,0.5022528918023297,78.49999999999982,12.5,76,128919,132081,47.33722686767578,49.09666442871094,3,3000.0,-0.011232538577380845,629.7011265610204,2.743817354693557,0.009282980975173718,0.12611936207042274,0.8470586002990832,66,1.494768005179761,0.35153981700794623,0.3562159240245819,0.14281762861884567,0.13483968942624533,0.1989673612391665,0.23437564704263894,0.18891757329891204,0.18462154077388138,0.09542688548773741,0.09680622630810083,0.18052738336713997,0.17146720059265866,0.19334316798819842,0.17788969585647488,0.5079001784324646,0.28735604882240295,0.00012943678302690387,0.9997872114181519,0.022829392924904823,0.571064829826355,-0.9996933341026306,0.9999735355377197
21825.984,2333199,466944,608,171.38266535747306,828,0.5056114663321819,0.5056114663321819,,13.166666666666666,76,129134,132292,54.859317779541016,56.39085006713867,3,3000.0,-0.003003084540250711,19.52192735671997,2.7282315850257874,0.0035446832614895135,0.023790195888917273,0.9980986363964942,60,1.4801045804366857,0.3613866167501923,0.360574334859848,0.14517830765984385,0.13889314695664298,0.21017092213547162,0.24629475625094602,0.204473517619751,0.19386124424835793,0.09843848913272843,0.09635621199329328,0.12027853977632412,0.11204845377614113,0.22146022367588097,0.21254618677461865,0.5039390921592712,0.28916773200035095,0.00017334979202132672,0.9995567798614502,0.01321745477616787,0.569083571434021,-0.9999433159828186,0.9997793436050415
21852.359,2337039,467712,609,145.68079213928505,828,0.5099168203741365,0.5099168203741365,,11.333333333333334,76,129303,132472,45.81001281738281,43.66402053833008,3,3000.0,-0.0026311057205020915,22.399451764424644,2.73369566599528,0.0021272974707721936,0.010367272788425908,0.9972071284609736,60,1.5168396649384936,0.36523360350632833,0.3609054386615753,0.16169593681804012,0.14179772896528478,0.19422217603657904,0.26683315942397234,0.17967369843084277,0.15895610058885162,0.11908968097266964,0.11731980627104734,0.11410163150784579,0.10187788594575978,0.23121687623402265,0.21321531880508415,0.5040138363838196,0.2899618148803711,6.042398581485031e-07,0.9999756217002869,0.018323933705687523,0.5692186951637268,-0.999976634979248,0.9997751712799072
21873.249999999996,2340879,468480,610,183.95209580838323,828,0.5032933143134355,0.5032933143134355,,8.5,76,129474,132660,50.22037124633789,51.911903381347656,3,3000.0,-0.0046121599346709745,28.710460821787517,2.753936673204104,0.0021455075394380464,0.013280836586394193,0.994208488322467,48,1.5127340965808935,0.3808797213261973,0.38226452469825745,0.13917841814837523,0.12690603292029037,0.2268546903740037,0.2638293446487162,0.18491722869405272,0.1786034839778377,0.13182096873083998,0.12696563976125164,0.1308399754751686,0.12422882012446274,0.1863887185775598,0.1794666785674413,0.5069059133529663,0.28636524081230164,9.824221342569217e-05,0.9997632503509521,0.022280795499682426,0.5788397789001465,-0.999434769153595,0.9999048709869385
21892.719,2344717,469248,611,197.2960468822154,830,0.48059007552260224,0.49361090885593556,802.4000000001139,8.166666666666666,76,129614,132812,58.50095748901367,63.026248931884766,3,3000.0,-0.004148606999984218,61.58072985543145,2.7386325862672596,0.001237893811812795,0.003307799213669366,0.9827009350359045,36,1.5033054988005334,0.36811995091368077,0.3673025369644165,0.12589928057553956,0.11568918500503375,0.24231523871811642,0.27735213161032407,0.184107259646828,0.18225303944468874,0.12442773054283846,0.11834649390063864,0.12426422498364945,0.11900059104465698,0.19898626553302812,0.18735855899465784,0.5109374523162842,0.28807705640792847,0.00035646549076773226,0.9999377727508545,0.020375145599246025,0.5688812136650085,-0.9991831183433533,0.998274564743042
21921.687,2348557,470016,612,132.62874313542025,830,0.5264805708564341,0.5264805708564341,,8.333333333333334,76,129846,133043,48.14459991455078,48.77643585205078,3,3000.0,-0.002969222469608102,21.684843294548266,2.737813154856364,0.003124761505010597,0.021007826171681343,0.9951843144132992,66,1.537596051102822,0.34229214522880785,0.33680325746536255,0.13473469765719048,0.11661997405345245,0.20122233540142606,0.2657293854764455,0.19455505139364757,0.18093896666140938,0.12436336697842393,0.11659009943036258,0.13362348365589408,0.1278922253901809,0.2115010649134179,0.19222934898814922,0.5043835043907166,0.2885393798351288,5.152785433892859e-06,0.9999273419380188,0.014990335330367088,0.5693408846855164,-0.9999287128448486,0.9999233484268188
21941.952999999998,2352397,470784,613,189.62962962962962,831,0.48971105253806657,0.49622146920473326,623.0000000000731,10.833333333333334,76,130015,133202,49.90614318847656,48.217376708984375,3,3000.0,-0.0017451161814581913,81.14383272329967,2.6587671786546707,0.007996071350503916,0.11890150987892412,0.9808307681355818,48,1.4577022597245137,0.38707070272476946,0.38397398591041565,0.12505175983436853,0.11466565095259054,0.25866114561766734,0.29349489034444687,0.1961352657004831,0.18791322235894328,0.11939268461007592,0.10934950455386792,0.09565217391304348,0.0979656028530407,0.20510697032436162,0.19661112893711066,0.505550742149353,0.2872470021247864,0.0002943548606708646,0.9999358057975769,0.02847447618842125,0.5725031495094299,-0.9996262192726135,0.9997049570083618
21969.452999999998,2356236,471552,614,139.68126910203955,832,0.5007289747224949,0.5072393913891616,607.9000000000697,10.5,76,130189,133383,58.52903747558594,56.70519256591797,3,3000.0,-0.010574877946055494,91.84826413790385,2.6719147861003876,0.012427188349451918,0.196041009684753,0.9792674762573506,48,1.469276039568125,0.35566330991451384,0.34496575593948364,0.12324611300720516,0.10287571527403108,0.2267728479332575,0.3032777735774672,0.23056503602578687,0.22313647799760805,0.10908861079509544,0.09834502562297724,0.07900391859436227,0.07129963633594931,0.23132347364429276,0.20106537119196707,0.5064644813537598,0.2883823812007904,5.4613650718238205e-05,0.9999140501022339,0.033138979226350784,0.5727308392524719,-0.9998602867126465,0.9995193481445312
22010.937,2360071,472320,615,92.48094916561999,834,0.510664419283302,0.5236852526166353,452.50000000003433,15.833333333333334,76,130421,133593,40.491188049316406,37.76314926147461,3,3000.0,-0.013238543378455299,587.4175834655762,2.648439157576788,0.004527943452439993,0.0495205600745976,0.8421824520924674,42,1.4439682669628355,0.3567150066857978,0.35400280356407166,0.0956867841767525,0.07584844666485732,0.191129883843717,0.2702587887299758,0.27609454958979773,0.2604839128699967,0.09008204045162863,0.08750923612686996,0.07619202339371293,0.073327692260631,0.2708147185443912,0.2325719233476692,0.5060763359069824,0.289350301027298,8.556747843613266e-07,0.9998466968536377,0.02165096066892147,0.5677502155303955,-0.9995502829551697,0.9997545480728149
22037.391,2363911,473088,616,145.2454799909116,834,0.5228148201066273,0.5228148201066273,,13.333333333333334,76,130601,133788,50.049224853515625,56.65617370605469,3,3000.0,0.007249857112765312,32.31700763702393,2.5855287075042725,0.018784079027477862,0.25682057000230996,0.9950650792245614,20,1.3802363285284132,0.41717954481274006,0.4198673963546753,0.14757822988743158,0.12169945219275287,0.2735722400082619,0.354832926432614,0.23732314365382629,0.2282011390334484,0.0834452132603532,0.07768808325879034,0.0531859960755964,0.04748300076096107,0.20489517711453062,0.17009539832143333,0.5036962628364563,0.2864570915699005,7.620733958901837e-05,0.9997518062591553,0.024372873827815056,0.5705075263977051,-0.9996269345283508,0.9998466968536377
22062.249999999996,2367749,473856,617,154.48398003543767,835,0.5114831591564015,0.5179935758230682,651.3000000000795,9.5,76,130793,134008,47.264034271240234,44.511566162109375,3,3000.0,-0.00042601439248149593,55.49773906071981,2.6130922277768454,0.005447783548501255,0.07015121387472997,0.9849538350966658,60,1.3852923225333489,0.360541790383019,0.3634304106235504,0.16560980765165928,0.14761852815471935,0.2666455294863665,0.3161476409479069,0.27340942718241384,0.25808737700155765,0.09004438807863031,0.08872007110255799,0.05728175861340097,0.05472803765803151,0.14700908898752907,0.1346983451352266,0.506041407585144,0.28783392906188965,2.3209175196825527e-05,0.9998936653137207,0.02144799940288067,0.5709264278411865,-0.9998136162757874,0.9999067783355713
22088.422000000002,2371589,474624,618,146.8114390579449,835,0.5187993401345131,0.5187993401345131,,16.0,76,131025,134201,51.9364128112793,45.97715759277344,3,3000.0,0.00020382960295440474,19.74781190554301,2.4694710195064546,0.005093750468612488,0.04589371139494081,0.9927917904010342,60,1.350096048889721,0.34944201335236585,0.34782126545906067,0.1851691709004432,0.16168614325886652,0.29099556804669763,0.3795167687572494,0.23997405685871798,0.21570001110176557,0.09350340503729326,0.08280414949480701,0.05566965733434223,0.04879974053663186,0.13468814182250569,0.11149318685067967,0.5015731453895569,0.2900601327419281,0.00021046277834102511,0.9998370409011841,0.014717531390488148,0.5754901170730591,-0.9999129772186279,0.9997448921203613
22119.344,2375429,475392,619,124.24369883845388,835,0.5145088053621301,0.5145088053621301,,9.833333333333334,76,131226,134439,61.00522232055664,56.90033721923828,3,3000.0,-0.004796142644023128,12.410343502507065,2.503656347592672,0.003928293127749836,0.027754465864166956,0.9957981987850839,66,1.3559800354863556,0.30640274764864234,0.3056751787662506,0.22732394366197184,0.18601934497295375,0.2554929577464789,0.3564162863579552,0.24018779342723004,0.2148776142223074,0.0739906103286385,0.07643768510245955,0.04488262910798122,0.03741343736163885,0.15812206572769952,0.1288356319826853,0.5004160404205322,0.28856128454208374,1.4449385162151884e-05,0.9999814033508301,0.028712591156363487,0.5720266699790955,-0.9998359680175781,0.9999834299087524
22143.374999999996,2379265,476160,620,159.72684876751507,836,0.4824854949910648,0.48899591165773143,344.10000000000974,11.0,76,131402,134613,48.970672607421875,45.74859619140625,3,3000.0,-0.010893508231405306,428.80758552198057,2.427506932505855,0.00491696804758859,0.054824994006021706,0.8706089703716815,54,1.301577994188658,0.34506702884952134,0.34633055329322815,0.17499088589135983,0.15261015761796093,0.319601409648803,0.38675975377973854,0.25142787702029407,0.23803365425802545,0.06306963179001093,0.05896477494312343,0.05128205128205128,0.04431142175751646,0.13962814436748086,0.1193202376436352,0.507462203502655,0.2867235541343689,4.062165317009203e-06,0.9999454617500305,0.030819453299045563,0.5726802945137024,-0.9999226927757263,0.9997634887695312
22165.687,2383105,476928,621,172.2282023681216,836,0.4974840370159734,0.4974840370159734,,9.166666666666666,76,131568,134790,42.78081512451172,34.5329704284668,3,3000.0,-0.0051110410886394675,18.421598235766094,2.5110227167606354,0.005133903509605769,0.06562910116675387,0.9958052583607825,48,1.3223799097859776,0.358522515187494,0.3547890782356262,0.20276208411801633,0.175738177048211,0.29642184557438794,0.37215527094474304,0.2379158819836786,0.2154240082869053,0.06302573760200879,0.06319363611078642,0.04971751412429379,0.0440230472236483,0.15015693659761456,0.12946586038570593,0.5042866468429565,0.28849494457244873,0.00011396572517696768,0.9999108910560608,0.04048231244087219,0.576035737991333,-0.9998654127120972,0.9997663497924805
22189.609,2386944,477696,622,160.58730025933113,839,0.4814247995688536,0.5009560495688535,585.8000000000646,6.0,76,131663,134919,44.31901550292969,41.75355529785156,3,3000.0,0.002645116388088181,389.4395054408482,2.545186985106695,0.006371106046221062,0.08314406767991993,0.9354000923905678,42,1.3358641032016638,0.3910682579203115,0.388719767332077,0.17219065656565657,0.14885462048769935,0.3284406565656566,0.39299042932173944,0.20186237373737373,0.19614187334192093,0.06691919191919192,0.06506392063339858,0.057133838383838384,0.0511777982723226,0.17345328282828282,0.1457713579429191,0.49829211831092834,0.28935348987579346,0.00022584054386243224,0.9999721646308899,0.029548466205596924,0.5688613057136536,-0.9999105930328369,0.9999302625656128
22220.249999999996,2390778,478464,623,125.19183673469388,842,0.5007507291203238,0.5202819791203238,340.6333333333612,14.5,76,131848,135068,49.1464729309082,44.22822952270508,3,3000.0,-0.01062760715164283,1155.989501953125,2.4866020679473877,0.006303752056666932,0.0835142214540004,0.6505682932736325,48,1.343145326476712,0.39975116999462396,0.4027777910232544,0.20616903146206045,0.16277478737697473,0.31696483652066626,0.4207752560154208,0.1944478716841456,0.17418160018021303,0.06428130783466995,0.06038634600267519,0.06687230104873534,0.05825783689333424,0.1512646514497224,0.12362417353138201,0.49829310178756714,0.28804078698158264,4.014692967757583e-05,0.9999462366104126,0.03893136605620384,0.5751461386680603,-0.9998154044151306,0.9999364614486694
22246.484,2394618,479232,624,146.4642611945949,842,0.5332228744632136,0.5332228744632136,,18.666666666666668,76,132074,135269,59.42536544799805,56.09770202636719,3,3000.0,0.008328986063133925,18.531344652175903,2.567275747656822,0.010013027649334715,0.13772207195870578,0.896447822145054,16,1.357877202249818,0.3635525508638922,0.3663269877433777,0.22239596907306056,0.21140203310251748,0.27929806272261315,0.3115977567741415,0.18321605420901746,0.1742099360896013,0.048996611936408654,0.04852911142995192,0.0714968291199722,0.0687411567041881,0.19459647293892798,0.18552000589959972,0.49843403697013855,0.28806328773498535,6.700594531139359e-05,0.9998403191566467,0.057613689452409744,0.5685839653015137,-0.9999504685401917,0.9999681711196899
22280.999999999996,2398458,480000,625,111.30434782608695,842,0.5484832566220332,0.5484832566220332,,19.0,76,132368,135561,52.94732666015625,51.09226989746094,3,3000.0,-0.0047638265948210445,16.31540870666504,2.6297750813620433,0.013472235563102893,0.18797838847552026,0.9733081702653934,7,1.4065953741505273,0.35133871939146444,0.35132715106010437,0.267813422060393,0.25057838503109403,0.19455081926046833,0.2338246829340435,0.2072948709900182,0.19892775165456514,0.038294933768598154,0.0378802545315309,0.09322619122355452,0.08789596499086368,0.1988197626969678,0.19089296085790275,0.5043556690216064,0.2886655032634735,3.1376705010188743e-05,0.9998992681503296,0.0327293835580349,0.5759359002113342,-0.9992774128913879,0.9999959468841553
23593.124999999996,2402298,480768,626,111.40445037570856,842,0.5140042173281808,0.5140042173281808,,16.666666666666668,76,132650,135857,51.008209228515625,52.49117660522461,3,3000.0,-0.0020870401291176676,10.595345147450765,2.5685478501849706,0.005760177072956374,0.06450829096138477,0.9901575064942124,90,1.3811809324942148,0.31640388465888974,0.3164278566837311,0.1820501079348466,0.171330418838075,0.28187348727677114,0.31612492121129737,0.2046183031333813,0.19598404649205628,0.04709884215346373,0.04631360907013801,0.07679727873356447,0.07040109690819905,0.20756198076797278,0.19984590748023423,0.4966544210910797,0.2888912260532379,4.366088251117617e-05,0.9999432563781738,0.027572087943553925,0.5748255848884583,-0.99984210729599,0.9999213218688965
23621.687,2406138,481536,627,153.69836695482638,842,0.5013341637930543,0.5013341637930543,,9.833333333333334,76,132801,136049,53.70811462402344,55.40807342529297,3,3000.0,-0.0005913850963460627,8.004531242229321,2.4521086789943554,0.008995557477882436,0.10749721818569082,0.9938309552303902,54,1.3080410140477938,0.3400307345582092,0.34417128562927246,0.17253285809757185,0.15439052965511452,0.34283804856315436,0.3810476102459339,0.1835598128759189,0.18182463380081162,0.037536199599019826,0.03737532933050323,0.08030741813321453,0.08104721167431923,0.1832256627311205,0.16431468529331744,0.5026097893714905,0.28605982661247253,0.00012415694072842598,0.9999560713768005,0.04331500828266144,0.5741550922393799,-0.9992578029632568,0.9999430179595947
23655.187,2409975,482304,628,114.5920439612812,845,0.4638456636052495,0.4833769136052495,384.56666666668565,7.0,76,132945,136225,49.07569122314453,50.45043182373047,3,3000.0,-0.011870626253463948,1030.0865294138591,2.42137344678243,0.0019864308538581304,0.01898705241425584,0.689785524585479,48,1.2487655061569485,0.37483294871173567,0.36641645431518555,0.16843826655764513,0.14411794014872883,0.3704006541291905,0.39688699673474265,0.2123194330880349,0.2152381391585002,0.02630144453529572,0.025020542553337088,0.06514036522213137,0.0705871485936305,0.15739983646770236,0.14814923281106074,0.4994732439517975,0.29164060950279236,1.022645301418379e-05,0.9998971819877625,0.041138313710689545,0.5743533372879028,-0.9991281032562256,0.9999969005584717
23683.906,2413815,483072,629,133.78392502525244,845,0.5110784947870372,0.5110784947870372,,19.833333333333332,76,133175,136378,57.21494674682617,52.201786041259766,3,3000.0,-0.004076712927565462,16.55512366471467,2.3489160670174494,0.0010029296193451872,0.0036290940587167387,0.9964596393946789,54,1.2374081707174445,0.37621098309441764,0.36684590578079224,0.1325136612021858,0.10229658988581505,0.41040528233151186,0.49785790083071535,0.19102914389799636,0.16793269805081032,0.025273224043715847,0.024968827759102773,0.06306921675774135,0.05619401238421229,0.17770947176684881,0.15074997108934424,0.49990561604499817,0.289386510848999,2.4211074560298584e-05,0.9999731779098511,0.052986275404691696,0.5690406560897827,-0.9998772740364075,0.9995375871658325
23718.531,2417655,483840,630,110.95379814500164,845,0.5152735854748175,0.5152735854748175,,11.833333333333334,76,133398,136649,50.72372055053711,49.55939865112305,3,3000.0,-0.003008216251029621,11.188736744416065,2.5137866613192434,0.004286046172159171,0.04471814617938481,0.9983400845129926,78,1.3388174095212586,0.32785775290113395,0.32476288080215454,0.1617873651771957,0.13429992357852705,0.3247303543913713,0.4041065764519407,0.21040061633281973,0.18666260178795896,0.03058551617873652,0.028467849114477885,0.07288135593220339,0.06895941822261037,0.19961479198767335,0.17750363084448506,0.5021791458129883,0.2864755392074585,9.127618795901071e-06,0.9999204277992249,0.024849800392985344,0.5708760619163513,-0.999454915523529,0.999814510345459
23747.187,2421491,484608,631,133.93854748603624,846,0.5053655332559797,0.5118759499226463,201.09999999999286,11.833333333333334,76,133595,136851,45.06634521484375,44.382930755615234,3,3000.0,0.006307705278353145,768.6469359636307,2.426589075724284,0.004737264274037308,0.060961802722886205,0.8697848673348556,60,1.300684390074719,0.3478461472556545,0.34764939546585083,0.16159552736264918,0.12934080796635858,0.3481346091818084,0.407126132222816,0.20126868078701216,0.1818564425774049,0.026771314912375013,0.030382960842013577,0.06429416191807333,0.06530202843752506,0.19793570583808193,0.18599162795388186,0.4948185682296753,0.2884778678417206,0.00011417995119700208,0.999799907207489,0.032018620520830154,0.5787428617477417,-0.9998124837875366,0.9998472929000854
23771.859,2425328,485376,632,155.72240259740627,847,0.49599120753317744,0.5025016241998441,667.2000000000832,12.333333333333334,76,133782,137040,50.46107482910156,54.454254150390625,3,3000.0,-0.0034646554828483473,47.46980723628291,2.407367644486604,0.004102500145493636,0.04073487855149088,0.992746204935556,54,1.2215910369519645,0.34498188901078725,0.35027503967285156,0.1401333489296994,0.12006901348132554,0.42741841151011817,0.4824673331520353,0.18037197333021407,0.1660518318977831,0.02877529535618201,0.026676950568282756,0.06632354661363903,0.06122147286261804,0.15697742426014738,0.14351339803795524,0.506953239440918,0.2867712378501892,9.793214849196374e-05,0.9999048113822937,0.033732302486896515,0.5701207518577576,-0.999987006187439,0.9998594522476196
23799.484,2429164,486144,633,138.9402006591851,848,0.4800634263776555,0.4865738430443221,691.1000000000886,11.5,76,133958,137226,44.61151123046875,47.65473937988281,3,3000.0,-0.0242070995779984,68.29208700745194,2.413693079242,0.005198582992146885,0.05959782951847754,0.9852296627023046,54,1.2914526602767002,0.3394092261027352,0.34465596079826355,0.15718982101546328,0.133936238961401,0.36344819189090466,0.4308581591132897,0.17314014367466213,0.15813420819463575,0.032996469012541094,0.03715619659884576,0.07439425301351515,0.06355782744171701,0.19883112139291367,0.1763573696901108,0.5004482865333557,0.2871261239051819,7.283138984348625e-05,0.99997878074646,0.030202670022845268,0.571321964263916,-0.9999690055847168,0.9999710321426392
23820.452999999998,2433003,486912,634,183.21958669401778,849,0.496208908122106,0.5027193247887727,389.90000000002016,8.5,76,134113,137404,65.46780395507812,58.09965896606445,3,3000.0,-0.011737166190869175,383.8047596613566,2.354990934332212,0.006965366205565957,0.08974793157176464,0.9131584839614185,48,1.2717624204044549,0.31379304434123795,0.3149670958518982,0.14991276338746476,0.13209999355464716,0.36438062005099986,0.4303923113931845,0.1691048181452154,0.14956073295221567,0.029526238088847134,0.030439316086136984,0.08978660582472152,0.08722794433887043,0.1972889545027513,0.17027970167494522,0.4978572130203247,0.2872608006000519,0.0002804223622661084,0.9999061822891235,0.02218782529234886,0.5773231983184814,-0.9996560215950012,0.9995051622390747
23846.391,2436843,487680,635,148.13671784585287,849,0.50986250001168,0.50986250001168,,14.0,76,134309,137567,54.14658737182617,50.658775329589844,3,3000.0,0.0038110242574475707,17.170308208465578,2.453381184736888,0.007829721572894122,0.10530259835844238,0.9980268096397313,60,1.3392818762539418,0.27639730442882116,0.2763660252094269,0.15557928457020823,0.13909936721621097,0.2646022423918847,0.3331308653246862,0.24709022957821677,0.226949697724308,0.030325680726107848,0.029489242449539096,0.07218366257341163,0.06630743404621753,0.23021890016017085,0.20502339323903818,0.49890872836112976,0.2916405498981476,3.786058005061932e-05,0.9999766945838928,0.02053210511803627,0.5715265870094299,-0.9996868371963501,0.9998637437820435
23870.687,2440680,488448,636,158.02479304804484,850,0.49108271789291685,0.4975931345595835,835.2000000001213,9.833333333333334,76,134479,137767,54.771236419677734,50.742488861083984,3,3000.0,-0.001722546658668391,48.478784066659436,2.433245239434419,0.010788366962296134,0.15221847130710053,0.9899293018460114,54,1.3102294935581524,0.2769512903122675,0.28021979331970215,0.16662923871547272,0.15016728755313064,0.2745340220076353,0.33304487473287725,0.263193352795868,0.24307450231394473,0.027509544127554457,0.02729576134390066,0.0772512912643162,0.07735392736260026,0.1908825510891534,0.16906364669354648,0.49905699491500854,0.2885005474090576,0.00024403816496487707,0.9999536871910095,0.026201698929071426,0.5753240585327148,-0.9994911551475525,0.9996722936630249
23898.641,2444519,489216,637,137.4114109814495,852,0.4958647125804419,0.5088855459137752,436.70000000003074,12.5,76,134641,137923,51.345359802246094,45.08075714111328,3,3000.0,0.001639614606069194,655.6043455335829,2.4222198680595115,0.0021918242356682004,0.0038127750082855563,0.7215476352457106,54,1.3019909857062177,0.2985665883207327,0.2972056567668915,0.13918531267928858,0.12097646833933584,0.31072862880091795,0.3759486925618811,0.2406196213425129,0.21907752314236084,0.03832472748135399,0.04101975078594566,0.08376362593230063,0.0775235850591951,0.18737808376362594,0.16545398011128143,0.5000907778739929,0.28505954146385193,0.0002018057566601783,0.9999191761016846,0.02577686496078968,0.5766193270683289,-0.9996180534362793,0.9993847608566284
23929.406,2448358,489984,638,124.84552845528455,853,0.5232113772260321,0.5297217938926987,426.40000000002846,13.833333333333334,76,134831,138110,54.295738220214844,45.508514404296875,3,3000.0,-0.010194486387208048,276.87235150192726,2.4248531262079873,0.004625623259257838,0.05206519862368816,0.8394271525667282,66,1.3285822139890135,0.2591978319522236,0.2573036849498749,0.16134565901076908,0.14448089279687423,0.2837129514914705,0.34078384168007814,0.24463928333174498,0.23213133086255275,0.03268845897264843,0.03432055063787639,0.08281711617268656,0.07612184951401023,0.19479653102068045,0.1721615345086083,0.49939748644828796,0.28854483366012573,2.7513335226103663e-05,0.9999761581420898,0.028399920091032982,0.5734803080558777,-0.9997274875640869,0.9998962879180908
23956.249999999996,2452198,490752,639,143.1340390636965,853,0.5115743469451153,0.5115743469451153,,13.666666666666666,76,135024,138304,54.15763854980469,55.23935317993164,3,3000.0,-0.0005278489681421144,13.210651484402744,2.465707125085773,0.0046084079483181845,0.05457391732224179,0.9918780221690517,66,1.3598770962091264,0.2766181401635121,0.2836543023586273,0.166539996199886,0.1511331578686839,0.26581797453923617,0.30916188109628007,0.21537146114383432,0.2025505258542667,0.0332509975299259,0.0334446707175427,0.09661789853695611,0.09697083196992502,0.2224016720501615,0.2067389324933016,0.5001434087753296,0.2892453670501709,0.00019145308760926127,0.9995313882827759,0.039357226341962814,0.5722339153289795,-0.9991269707679749,0.9999048709869385
23987.577999999998,2456037,491520,640,122.60475217169889,854,0.4996145964310452,0.5061250130977119,400.90000000002266,13.5,76,135223,138509,48.34235763549805,48.0616340637207,3,3000.0,-0.01297846206149121,311.2090190428275,2.4420379245722734,0.009094124257834202,0.12062903660720352,0.8822554332089907,54,1.3641283683654626,0.2793753435116003,0.2743564248085022,0.153704243130401,0.13529444333858998,0.26420040780658316,0.3192973388207962,0.22672104087775513,0.2045596499285529,0.036411302068161955,0.037805959971394576,0.12302165258762987,0.11254394636269692,0.19594135352946887,0.19049866157796944,0.49812832474708557,0.2886069715023041,5.1507049647625536e-05,0.9999967217445374,0.026982653886079788,0.5721452236175537,-0.9998909831047058,0.9999450445175171
24017.609,2459873,492288,641,127.80276528402713,855,0.5054847829488373,0.5119951996155039,293.59999999999826,17.166666666666668,76,135506,138775,46.65381622314453,45.27713394165039,3,3000.0,-0.003828554260609154,614.1461895836724,2.467331972387102,0.002323295281857337,0.01384709465411207,0.799255298587497,72,1.28362404804176,0.34025295309043946,0.3410845994949341,0.13011768606000332,0.12231933192296182,0.3258743576993204,0.3554375866570927,0.27009779545831264,0.26715327211849865,0.04491960881816675,0.04372029925928538,0.07674457152328858,0.06981211589966228,0.15224598044090834,0.14155739414249915,0.4939529299736023,0.28990206122398376,2.105651674355613e-06,0.9999510049819946,0.015490184538066387,0.5779048800468445,-0.9999643564224243,0.9999856948852539
24040.202999999998,2463713,493056,642,170.07706617059847,855,0.5146851560046758,0.5146851560046758,,9.833333333333334,76,135688,139001,52.49354934692383,55.088279724121094,3,3000.0,-0.0011784147670065674,9.795246680577597,2.4578759709994,0.004410092148564183,0.05391754926725601,0.9981486108918701,60,1.2786896250754551,0.33385924461762645,0.3349137604236603,0.11609707776126796,0.1042160077336188,0.3340267459138187,0.3793284135081676,0.2571570084200099,0.24312970285543703,0.04606240713224369,0.0437385506413283,0.0736998514115899,0.06999032338221899,0.17295690936106983,0.15959700187922932,0.4973672330379486,0.29005903005599976,2.724861951719504e-05,0.9998941421508789,0.02074285037815571,0.5800814628601074,-0.9997311234474182,0.9997667074203491
24069.327999999998,2467550,493824,643,131.81490260745576,856,0.5069668889403126,0.5134773056069792,131.6999999999968,12.833333333333334,76,135871,139171,47.15574264526367,43.30715560913086,3,3000.0,-0.005585332315941168,771.9490318651552,2.431123892466227,0.0026499556917441345,0.02351366958464496,0.7907796006970105,54,1.304908227813378,0.322183104656535,0.3239646553993225,0.13179775280898876,0.10491192023147913,0.33078651685393257,0.40768406114242495,0.2396629213483146,0.20301549744916841,0.05303370786516854,0.04802869796376352,0.07213483146067416,0.0732577087666924,0.17258426966292134,0.16310211444647157,0.5044748783111572,0.28930777311325073,5.7596662372816354e-05,0.9998953342437744,0.0314682312309742,0.5665594339370728,-0.999646782875061,0.9999744892120361
24091.672000000002,2471389,494592,644,171.93658187028709,857,0.4913484164148932,0.49785883308155987,706.4000000000921,13.0,76,136036,139340,56.76795196533203,50.69549560546875,3,3000.0,-0.0049752371823636905,79.03583170118786,2.4450731050400507,0.0022798161361570566,0.02307590740799372,0.9808580195884288,42,1.2639263051447172,0.34458376627264276,0.3427804410457611,0.1224341243266851,0.11373094708066528,0.3590042218663561,0.3691175282854587,0.2272528752365701,0.22147673197968293,0.05517542582617557,0.0493353255728692,0.06230892415198719,0.07642869830743523,0.17382442859222594,0.16991076877388867,0.49284639954566956,0.2895602881908417,6.477258284576237e-05,0.9998623132705688,0.017809230834245682,0.5731734037399292,-0.9997345805168152,0.9992702007293701
24122.969,2475229,495360,645,122.75429959721542,857,0.5059754523209409,0.5059754523209409,,12.5,76,136256,139563,54.9680061340332,51.931480407714844,3,3000.0,-0.006432220543501899,15.434568516413371,2.526095680395762,0.0034400664811118985,0.03790153293666663,0.9971391040739636,60,1.362317366653272,0.34360018332442893,0.3373420238494873,0.14184609250398725,0.12649120324376553,0.2859848484848485,0.3212160737460538,0.2393341307814992,0.22800095682016427,0.05891148325358852,0.054411899331508126,0.07505980861244019,0.07360319938915282,0.19886363636363635,0.19627666746935546,0.5014553070068359,0.28833940625190735,5.698759196093306e-05,0.999975323677063,0.020073654130101204,0.5677484273910522,-0.9997556805610657,0.99979567527771
24152.624999999996,2479068,496128,646,129.51654802471307,858,0.5037918986522996,0.5103023153189662,526.4000000000511,13.833333333333334,76,136487,139791,52.980369567871094,53.11754608154297,3,3000.0,-0.011257524593295811,62.50679419257424,2.449783205986023,0.008015239681282916,0.12013598638816003,0.988248145219655,66,1.311406581391641,0.35313535180891525,0.3519992232322693,0.12804935927859515,0.11182158089392144,0.3109634551495017,0.3642296729322288,0.25980066445182726,0.24322797551579006,0.05866160417655434,0.0540336900134153,0.06729947793070716,0.06263225940917003,0.17522543901281443,0.16405482123547435,0.4991709589958191,0.2867346405982971,0.0002906557056121528,0.9999671578407288,0.023978430777788162,0.575411319732666,-0.9998693466186523,0.9999828338623047
24187.844,2482902,496896,647,108.91117234326205,861,0.4819826231684183,0.5015138731684182,343.46666666669586,12.166666666666666,76,136689,140018,45.95404815673828,40.920379638671875,3,3000.0,-0.010441970804499255,1106.9690314398872,2.4992091761695012,0.01114632841138775,0.15670693366684849,0.8251329497351115,45,1.3647702081723503,0.3243711303071356,0.3299935758113861,0.11722768703185633,0.10187238681314194,0.2562945582528653,0.31689916918060784,0.2802996119483801,0.26949016703555584,0.07030051439400777,0.07240994567606159,0.06551755256745781,0.0608937862666004,0.21036007580543273,0.1784345450280324,0.4993579387664795,0.2879338264465332,5.3856416343478486e-05,0.9999613761901855,0.0228765606880188,0.5755825638771057,-0.9996305108070374,0.9999129772186279
24210.391,2486742,497664,648,170.42428546068388,861,0.5122991157418276,0.5122991157418276,,12.333333333333334,76,136867,140195,55.263153076171875,50.42564392089844,3,3000.0,-0.0030843901099783747,13.823703518620244,2.4738787280188665,0.007439568418211915,0.0897900004422775,0.9985153991459629,54,1.3644482335151504,0.28790938247643183,0.2857644259929657,0.1165348917153661,0.0993352784250757,0.23387189182995302,0.27838145024935074,0.2603414690042397,0.2486378364103371,0.0624498682250487,0.05911669616343936,0.07241892975822162,0.06733166530439201,0.2543829494671708,0.2471970734474051,0.49751198291778564,0.2877475321292877,0.00035852225846610963,0.999982476234436,0.023387763649225235,0.5778937935829163,-0.9997433423995972,0.9998266696929932
24240.656,2490579,498432,649,126.84297520661157,862,0.5105375883387336,0.5170480050054003,308.7000000000017,17.666666666666668,76,137085,140386,59.044151306152344,57.90097427368164,3,3000.0,-0.005278772976122458,592.5872435136275,2.505296053308429,0.013769448988347446,0.19150714173376787,0.8987567588650608,66,1.3922119370946344,0.245429248989857,0.2417645901441574,0.1099056603773585,0.08952763732809242,0.2611320754716981,0.345503038902298,0.24320754716981133,0.21549053372264917,0.056132075471698115,0.05585143932009242,0.08716981132075471,0.0688281016415024,0.24245283018867925,0.22479924908536558,0.5028524994850159,0.29001468420028687,0.00032345973886549473,0.9999643564224243,0.013607612811028957,0.5754007697105408,-0.9999309182167053,0.9999701976776123
24274.344,2494419,499200,650,114.04133998574936,862,0.5117219018964588,0.5117219018964588,,15.5,76,137338,140652,55.00720977783203,46.9515380859375,3,3000.0,-0.017313639119936105,19.692723971146805,2.5703544402733827,0.006293200946394997,0.07735071611256363,0.9977763529310472,78,1.4314468168910737,0.29448137100581495,0.2913283407688141,0.14098178057124672,0.12023743012648047,0.21584851619062773,0.2836791834709733,0.23780730368366615,0.22084804750920756,0.051634974938340364,0.04799492284822489,0.09244967777866178,0.07691716730067945,0.26127774683745725,0.25032324874443435,0.4995027482509613,0.2889421880245209,7.599763648613589e-06,0.9999195337295532,0.0028076462913304567,0.5777726769447327,-0.9997532367706299,0.9999477863311768
24306.499999999996,2498259,499968,651,119.47356958403535,862,0.507294820482351,0.507294820482351,,15.5,76,137603,140917,53.42127227783203,47.72124481201172,3,3000.0,-0.004418439754065023,11.011621077855429,2.5306756926907434,0.0060276980032941034,0.05667450087478048,0.9987645835179189,72,1.406972643281598,0.2933536903085054,0.3001665771007538,0.14144962302947225,0.12072788128261788,0.2559115832762166,0.3130533598772095,0.24485949280328992,0.23043004525399088,0.05654557916381083,0.05746753273775003,0.0822481151473612,0.06774560264817046,0.21898560657984922,0.2105755782002612,0.495990127325058,0.28615802526474,0.00010982729872921482,0.9999549388885498,0.0058098481968045235,0.5738001465797424,-0.9994754791259766,0.9996852874755859
24337.859,2502097,500736,652,122.45158408575782,864,0.4888849658216434,0.5019057991549768,771.1500000001067,10.5,76,137812,141166,56.583518981933594,59.61967468261719,3,3000.0,-0.012831059770454003,108.01214524471399,2.596361214464361,0.005221546450390419,0.06092373942638832,0.9738400014010093,66,1.4235320881419482,0.28964202676043416,0.29185041785240173,0.13206128395525896,0.11354447730448927,0.2310367515743961,0.25881853168422553,0.28968888053388475,0.2843884107388826,0.053670457749788514,0.058247797700683446,0.08901212519973682,0.08147795749205683,0.20453050098693487,0.2035228250796623,0.4979691803455353,0.28749120235443115,6.934385601198301e-05,0.9997551441192627,0.008839967660605907,0.5747339129447937,-0.999798595905304,0.9999101161956787
24372.562,2505937,501504,653,110.70429844032078,864,0.503905630350263,0.503905630350263,,10.666666666666666,76,138046,141399,56.2840576171875,48.266380310058594,3,3000.0,-0.003928583460175573,7.253971692287561,2.590830734281829,0.00564312203525798,0.06779974334252377,0.9978333568278236,66,1.4479148533409913,0.287345303783223,0.2861151397228241,0.1496830352918914,0.1289281544413212,0.22972845113066515,0.26498092450443866,0.2630333995647649,0.2594815546532951,0.06282524363705176,0.06023155149167023,0.09792790235594663,0.08232996436582805,0.1968019680196802,0.2040478505434468,0.5026827454566956,0.28783100843429565,2.3185335521702655e-05,0.99993497133255,0.0029369937255978584,0.578822672367096,-0.9994515180587769,0.9997005462646484
24393.844,2509777,502272,654,180.56992382203572,864,0.49118836859226517,0.49118836859226517,,10.666666666666666,76,138203,141556,56.694557189941406,51.61631774902344,3,3000.0,-0.0019398543486853928,10.133140246073404,2.532552032243638,0.002673240405808783,0.01437187546287619,0.9979535212529052,42,1.3709860124104518,0.332937699649595,0.33709385991096497,0.10771491550330639,0.09058087026079471,0.29448934606906685,0.337843313212354,0.23688464364437914,0.2127776259524614,0.059368111682586336,0.057449587326518003,0.09110947832476121,0.0900769760176759,0.21043350477590006,0.21127162723019594,0.5047223567962646,0.2867201864719391,0.0001255457755178213,0.9998317956924438,0.012545417994260788,0.5784876942634583,-0.9993516802787781,0.99971604347229
24426.141,2513610,503040,655,118.73489870516356,866,0.4682633868823071,0.48128422021564043,538.650000000054,14.666666666666666,76,138447,141786,56.954933166503906,53.87495422363281,3,3000.0,-0.004641613862865294,219.12205352783204,2.5720379114151,0.0019931519404508434,0.009056236867521269,0.9598387560101005,60,1.43240569932616,0.2974131696457491,0.291252076625824,0.1396077638495754,0.11939193503565058,0.2419126566922766,0.30042690240063785,0.23382531338455317,0.21692562508045818,0.07106752931661948,0.06925122995348305,0.10169834209462192,0.08620710760366647,0.21188839466235343,0.20779719992610388,0.5023200511932373,0.2886042296886444,8.498065290041268e-05,0.9997591972351074,0.000811955367680639,0.5757259130477905,-0.9996414184570312,0.9996840953826904
24456.937,2517446,503808,656,124.62233195801521,868,0.48335197163457205,0.4963728049679054,440.8000000000317,10.5,76,138607,141981,54.52949523925781,48.4182014465332,3,3000.0,-0.0065844157641684565,750.6476677788628,2.576573469020702,0.005528033548050385,0.07445801759604365,0.8526316098400606,54,1.4310946216229727,0.29166183574501714,0.2850404381752014,0.13658428949691084,0.11219197978410353,0.24481465136804942,0.2914125403831054,0.26831421006178285,0.24988322742988905,0.06332744924977934,0.06495096194144034,0.10315533980582524,0.09787700924825157,0.18380406001765226,0.1836842812132101,0.4999184310436249,0.2867720127105713,0.00012153951684013009,0.9999496936798096,0.010819150134921074,0.5743798613548279,-0.9997744560241699,0.9998875856399536
24485.452999999998,2521286,504576,657,134.73684210526315,869,0.49532685149958783,0.5018372681662545,528.0000000000515,15.166666666666666,76,138816,142167,56.977867126464844,55.696083068847656,3,3000.0,-0.005337518579499038,161.45515682079173,2.5222528996290983,0.004520291863145949,0.052407086021654926,0.943610501681279,54,1.4126360430563378,0.2924916763812059,0.29159635305404663,0.17003737085073642,0.13428930992928886,0.2526928995383601,0.34028041159179,0.2222466476148604,0.20161352072646005,0.049131677291712465,0.04712784082998753,0.10529786766322269,0.08513997819104233,0.20059353704110794,0.1915489387314312,0.4949779808521271,0.29126492142677307,1.8167676898883656e-05,0.9998714923858643,0.011860824190080166,0.5770211219787598,-0.9993603229522705,0.9999239444732666
24521.781,2525126,505344,658,105.75016523463877,869,0.5268055763683128,0.5268055763683128,,19.166666666666668,76,139091,142418,53.40653610229492,52.22325897216797,3,3000.0,-0.0018584365637874917,16.93616523240742,2.5013624555186222,0.0142667029678577,0.20208936758143337,0.9930681741798865,38,1.421181873578875,0.27175664308160175,0.2686721980571747,0.18480865587103332,0.15436684080483654,0.23564011328153367,0.3052690576470096,0.22663568368310216,0.21112032908890568,0.03841405852879239,0.036886885396319236,0.1392055769370416,0.11952286836314577,0.17529591169849684,0.17283401869978313,0.49801021814346313,0.28962698578834534,0.0001075069303624332,0.9999765157699585,0.00978478416800499,0.5762360692024231,-0.9995085597038269,0.9998606443405151
24551.406,2528966,506112,659,146.8114390579449,869,0.4995026702301811,0.4995026702301811,,10.333333333333334,76,139289,142669,50.116512298583984,49.745994567871094,3,3000.0,-0.009611775836674497,6.229311254289415,2.510513554016749,0.004730469952782365,0.04739476854188575,0.998054323563856,72,1.3929362724590453,0.3159467215690189,0.31435999274253845,0.20398097586753566,0.17116297934387845,0.2598203276378369,0.3383025538242516,0.15360225471199576,0.14437314772391033,0.038752862427338386,0.03568229161899976,0.1555398978333627,0.13161230366184082,0.1883036815219306,0.17886672382711907,0.5024194121360779,0.2870745360851288,6.616729660890996e-05,0.9999424815177917,0.016268476843833923,0.5750279426574707,-0.9999175667762756,0.9998989105224609
24573.281,2532802,506880,660,175.48835719843416,870,0.49859602540554654,0.5051064420722132,307.10000000000133,6.666666666666667,76,139458,142865,58.238975524902344,60.614845275878906,3,3000.0,-0.002464451251701879,563.7610232035319,2.456697831551234,0.002886706420797919,0.024201341322623193,0.8345376896820816,48,1.3339022209307898,0.34596114976560544,0.3474501967430115,0.18699386503067483,0.16371028234166965,0.3106748466257669,0.36725311118995296,0.1679754601226994,0.1591857564223583,0.035705521472392636,0.03267851499031876,0.11717791411042945,0.10817853790940536,0.1814723926380368,0.16899379714629498,0.49982526898384094,0.28604406118392944,1.3789892364002299e-05,0.9998876452445984,0.021722134202718735,0.5733155012130737,-0.9998022317886353,0.9997812509536743
24598.766,2536636,507648,661,150.53594565944493,872,0.4905821381837034,0.5036029715170367,500.9500000000454,10.0,76,139632,143029,53.3858528137207,45.223697662353516,3,3000.0,-0.007300870512456943,380.48813851674396,2.5296489596366882,0.006152521874359387,0.08357146181272886,0.9169676310628253,48,1.3336735368836894,0.3404337611439202,0.3470848500728607,0.18516161873250192,0.1594847957712389,0.33290913718503434,0.3721311624244278,0.15232883685416138,0.14799393971477573,0.041104606770170526,0.041861590586514695,0.11695087808602699,0.10483438129504596,0.17154492237210486,0.17369413020799698,0.50529545545578,0.28831154108047485,0.00016262764984276146,0.9998159408569336,0.035325776785612106,0.572587788105011,-0.9997984766960144,0.9999510049819946
24624.281,2540474,508416,662,150.50980392156862,873,0.508821398909795,0.5153318155764617,327.80000000000604,13.333333333333334,76,139831,143213,46.92908477783203,45.51387023925781,3,3000.0,-0.007758796480225606,529.0984449739809,2.5229888757069907,0.007946858488630734,0.10217587525214723,0.7975841615582915,54,1.3509890001162708,0.3638146605129653,0.36234769225120544,0.21797366914710933,0.18629811070067764,0.29318832283915286,0.3415961078631479,0.17561534058385805,0.17021920760307788,0.027704636519748138,0.02699771703787083,0.12650257584430452,0.11826317940672629,0.15901545506582712,0.15662567738849945,0.5010994076728821,0.28904998302459717,0.00023593766673002392,0.9999890327453613,0.01637239009141922,0.5729612708091736,-0.9999995827674866,0.9997028112411499
24657.406,2544309,509184,663,115.82953275545555,875,0.5152303028209462,0.5282511361542795,425.2500000000282,14.0,76,140037,143425,57.9732780456543,52.90753173828125,3,3000.0,-0.0015723003178007072,434.71693844265405,2.5300206078423395,0.011276375592926732,0.14622935616514748,0.8392732802820864,18,1.378652318270647,0.33972935684841965,0.34164899587631226,0.23687193048734417,0.19911237278684432,0.2714393653192293,0.34071162418701995,0.1775595013222516,0.17971081748141937,0.03409520211560257,0.032550395359846405,0.12674726105024556,0.10126951577099302,0.15328673970532677,0.14664527441387695,0.49896496534347534,0.28860601782798767,2.5885043214657344e-05,0.9998685121536255,0.01137087494134903,0.5707991719245911,-0.9994813203811646,0.9999138116836548
24694.109,2548149,509952,664,104.66922888217083,875,0.5343709528120323,0.5343709528120323,,23.166666666666668,76,140430,143763,47.30834197998047,43.635093688964844,3,3000.0,-0.002055177930742502,12.861881017684937,2.529179096221924,0.012442746541456747,0.17278847005218267,0.9744110789344677,4,1.3830003394273642,0.3648465403478373,0.36835718154907227,0.133139776026545,0.11778770251988512,0.3206731054097292,0.3682270098996219,0.1856372578064822,0.1748739127662557,0.06908810807607987,0.06571778931583977,0.11524560052141969,0.10624520241983922,0.17621615215974404,0.16714838307855828,0.49989625811576843,0.287692666053772,0.0001817534794099629,0.9999679327011108,0.015400035306811333,0.5810876488685608,-0.9999658465385437,0.9999961853027344
24728.312,2551989,510720,665,112.32339778276534,875,0.5211038372939663,0.5211038372939663,,14.833333333333334,76,140698,144081,45.833255767822266,43.1341552734375,3,3000.0,0.0048251092796110446,6.83459832933214,2.4526732762654624,0.01502598868463677,0.1899161756866508,0.9921681597833579,9,1.3156414424492267,0.3740847851575487,0.3728306293487549,0.09093878617625922,0.07448113039603188,0.3652577252237538,0.41229735127494194,0.23205069576010975,0.2209328334429679,0.08564708956686483,0.08051575776900555,0.0669628274645587,0.05826364297417113,0.15914287580845365,0.15350928414288156,0.5012904405593872,0.2901113033294678,5.685949508915655e-05,0.9999665021896362,0.01856297068297863,0.5761299133300781,-0.9999573230743408,0.9999372959136963
24760.156,2555823,511488,666,120.45997235138364,877,0.4977051313790392,0.5107259647123725,308.9500000000068,11.833333333333334,76,140901,144312,49.19746780395508,48.20112228393555,3,3000.0,0.0008951384718812099,1095.9475481437914,2.3128252029418945,0.003896990428429119,0.06680178150506408,0.5917739138401856,66,1.11759456691955,0.4108078263366312,0.41349583864212036,0.04147644487615347,0.033756738531745344,0.46090335114133074,0.52166363748749,0.24604176784847012,0.22060141688228954,0.09800874210781933,0.08590326847635106,0.03302574065080136,0.028648494264482842,0.12054395337542496,0.10942644435764123,0.5002279281616211,0.2870889902114868,9.291921014664695e-05,0.9998607635498047,0.03183923661708832,0.5734758973121643,-0.9997102618217468,0.99989914894104
24787.469,2559663,512256,667,140.6747994285155,877,0.5272621036953655,0.5272621036953655,,17.333333333333332,76,141138,144516,63.42182922363281,55.4310417175293,3,3000.0,-0.003198546748171793,8.95484972000122,2.2153334697087605,0.001957375991158539,0.009501005550070355,0.9960603265228052,60,1.0451274712099317,0.4318706907472153,0.4309147596359253,0.02555533713387065,0.021332020851461395,0.49351287595832516,0.5634691443832951,0.2367800275211323,0.198807823287358,0.11470414782779634,0.0965200137376634,0.024080990760762727,0.020104405657641163,0.10536662079811283,0.09976659208258094,0.503584086894989,0.2914232611656189,5.840964877279475e-05,0.999884307384491,0.027637328952550888,0.5756591558456421,-0.9996621608734131,0.999803900718689
24825.999999999996,2563503,513024,668,99.69882646174058,877,0.5088748344585777,0.5088748344585777,,13.833333333333334,76,141383,144782,50.27497863769531,46.78239059448242,3,3000.0,-0.002424239775745007,8.83181503491524,2.314918508896461,0.0021367978667907787,0.010610045505111488,0.9974875720525684,78,1.1608528380057048,0.3671596331744061,0.37112849950790405,0.03679735119271578,0.029292799572315866,0.4044698622921213,0.48012710793396907,0.2920460531266461,0.24741789204046327,0.14154563925050795,0.12324946355064582,0.02776732636014749,0.02436061105754341,0.09737376777786139,0.09555212584506258,0.50341796875,0.28912991285324097,4.9595477321418e-05,0.9999589920043945,0.016811184585094452,0.5762681365013123,-0.9999472498893738,0.9996229410171509
24856.719,2567343,513792,669,125.0692114777003,877,0.5267251602184678,0.5267251602184678,,13.166666666666666,76,141584,144987,50.13737487792969,46.20168685913086,3,3000.0,-0.002808479977021408,8.827403677834404,2.2551571991708546,0.005515312814415738,0.06530699377536722,0.9990181811659867,36,1.0429488252781531,0.3954738079173704,0.3924434185028076,0.030114680906942134,0.027218269993521647,0.5135253436050075,0.5601427315804606,0.22848638711371794,0.19772094032737972,0.12553619889696227,0.11043890002222298,0.02538737634596866,0.026923215149422645,0.07695001313140155,0.07755594292699243,0.4990781545639038,0.28838658332824707,4.913082011626102e-05,0.9998640418052673,0.02975085750222206,0.5756174325942993,-0.9997442364692688,0.9999240636825562
24878.641,2571183,514560,670,175.28643812480635,877,0.4937039786425383,0.4937039786425383,,8.333333333333334,76,141753,145185,58.52638626098633,56.89827346801758,3,3000.0,-0.001421912741433415,9.021429944921422,2.2024113293047303,0.007923110210049359,0.09963119092949287,0.9982919041059125,54,1.0542533706585404,0.4761374531487222,0.482706755399704,0.027456319491717722,0.02473430688003561,0.47867029725436805,0.5210749805176228,0.2493759927388246,0.22548924130513465,0.12990696619015202,0.12357189722549347,0.030973451327433628,0.027454737717715203,0.08361697299750397,0.07767483635399831,0.5011592507362366,0.2895907461643219,0.00020868006686214358,0.9995710253715515,0.03535960242152214,0.5742091536521912,-0.9997955560684204,0.9999585151672363
24898.624999999996,2575023,515328,671,192.29806199611974,877,0.48942114264447484,0.48942114264447484,,6.333333333333333,76,141871,145315,52.7105827331543,56.55152893066406,3,3000.0,-0.004302247772769382,14.443419647216796,2.144613707065582,0.0017172923326687962,0.004330832668347284,0.9959280248331712,30,0.932226807072223,0.532398683358888,0.5330786108970642,0.026713808681987822,0.0248189042949528,0.5745433117265764,0.5804539151815152,0.20133569043409938,0.19200079514372223,0.11844431349440189,0.10310377908650804,0.021410331958357887,0.022973462704425216,0.05755254370457671,0.07664914358887653,0.5021976232528687,0.2911466360092163,0.00019430287647992373,0.9998708963394165,0.033856116235256195,0.5740524530410767,-0.9997647404670715,0.9996970891952515
24918.172000000002,2578863,516096,672,196.61051661458572,877,0.5019171253670367,0.5019171253670367,,5.166666666666667,76,141972,145423,46.762939453125,39.92673110961914,3,3000.0,0.006966174214742043,23.449067566129898,2.125701026784049,0.0008204894312258235,0.00034177854023356404,0.989091225557913,36,1.0093904944891554,0.5233421055934818,0.5248477458953857,0.025038520801232665,0.021097980547837555,0.5190677966101694,0.5809241216517272,0.2097457627118644,0.18561381439692465,0.1536979969183359,0.12286550170642999,0.029275808936825885,0.02641762360385472,0.06317411402157165,0.06308095809322589,0.4978807866573334,0.28592512011528015,9.820936247706413e-05,0.9997667670249939,0.04510514438152313,0.5733622908592224,-0.9995784163475037,0.9998326301574707
24945.452999999998,2582697,516864,673,140.6146849556431,880,0.48132802276197223,0.5008592727619722,592.6333333333995,8.833333333333334,76,142116,145560,54.11920928955078,47.77804946899414,3,3000.0,-0.004270073977548034,335.1818724738227,2.1598409016927085,0.002818626687174413,0.027739342366759148,0.9603140977750161,36,0.9851772183984895,0.5384102309733406,0.5410702228546143,0.02594810379241517,0.025167639157722813,0.5302727877578177,0.5536275133382501,0.2155688622754491,0.19721172672306667,0.13090485695276113,0.126538829569303,0.028110445775116434,0.0285250921114279,0.06919494344644045,0.06892919910022954,0.4984591007232666,0.2906237244606018,1.944900031958241e-05,0.9997074604034424,0.05548691749572754,0.5684359669685364,-0.9999939203262329,0.9997173547744751
24982.609,2586530,517632,674,103.20409262251104,882,0.5117202555820021,0.5247410889153354,811.1500000001158,19.666666666666668,76,142414,145803,46.62741470336914,48.8641471862793,3,3000.0,-0.0060210800545878315,99.1971684506065,2.2678992183584916,0.007316429530316191,0.09181026442552377,0.9893127831721662,38,1.2087637914524472,0.47000101289111756,0.47347626090049744,0.04683014844582958,0.033084510876656044,0.332895923890757,0.4732395156852531,0.31149019929467725,0.2364507204608924,0.18814073648814894,0.15526109289602527,0.037726564422209466,0.029753679242722687,0.08291642745837775,0.07221048083845048,0.49504032731056213,0.2873651385307312,7.405124051729217e-06,0.9999985098838806,0.018832722678780556,0.5739429593086243,-0.9998789429664612,0.9998972415924072
25011.719,2590370,518400,675,131.98597648997708,882,0.5261544794784468,0.5261544794784468,,17.5,76,142685,146087,52.25129318237305,48.714027404785156,3,3000.0,-0.0013587140606432513,14.7940314412117,2.3346641759077706,0.008172186023825828,0.09909572021084993,0.9993509135685161,48,1.1973107489355752,0.5908916615350732,0.5892828702926636,0.05268506214335965,0.04573438448316656,0.3801297584616587,0.4335514561721569,0.30837176580942705,0.27585219201497296,0.12811693895098883,0.1230826572151759,0.03978738372547487,0.03576471222496201,0.09090909090909091,0.08601459788956563,0.5019047856330872,0.28970688581466675,3.3202391932718456e-05,0.9999200701713562,0.021967072039842606,0.5718622803688049,-0.9997673034667969,0.9999490976333618
25045.702999999998,2594210,519168,676,113.04424622450772,882,0.5147145129233585,0.5147145129233585,,12.666666666666666,76,142952,146383,44.49748992919922,46.00597381591797,3,3000.0,0.015501251793466508,10.852762699127197,2.397527366876602,0.015022989621044262,0.23733856761828065,0.9990013731587616,8,1.2710113481618999,0.5043118948161432,0.5035461187362671,0.05758749282845668,0.04746347885524548,0.3107429718875502,0.3771269476031106,0.3433734939759036,0.30274257155976436,0.1078600114744693,0.1021220285136006,0.0603126792885829,0.05504487422028597,0.1201233505450373,0.11550009924799294,0.5026540160179138,0.28979286551475525,1.70905750564998e-05,0.9999808073043823,0.018126333132386208,0.5754020810127258,-0.9999651908874512,0.9999454021453857
25068.781,2598050,519936,677,166.5076749631567,882,0.5117493068438015,0.5117493068438015,,13.666666666666666,76,143194,146619,53.05202102661133,54.064056396484375,3,3000.0,0.001507596792318068,11.126965652812611,2.2200309254906396,0.004090419292667792,0.031087006198834966,0.9978192138953593,66,1.173780538075006,0.5495287710802544,0.5456193685531616,0.0480410447761194,0.04102200487411166,0.4377798507462687,0.5076936900981894,0.2351679104477612,0.20454675189056953,0.13908582089552238,0.1230915558961772,0.051865671641791046,0.04514167568443035,0.0880597014925373,0.07850432155652187,0.5001826286315918,0.2891995906829834,0.00013509183190762997,0.9999339580535889,0.03664053604006767,0.5723135471343994,-0.9999867081642151,0.9996695518493652
25098.874999999996,2601890,520704,678,127.66806303613133,882,0.51167684102034,0.51167684102034,,13.166666666666666,76,143452,146880,52.51080322265625,53.66106033325195,3,3000.0,0.008290496531925682,9.576442142327627,2.1678805864519544,0.0021438884888718194,0.02013969481858011,0.9974614202449753,72,1.1735604239002237,0.5270983543365008,0.5214369297027588,0.05574667019493693,0.04043681332474298,0.44023992237805415,0.5508639050155077,0.23780541589485754,0.19392793327851532,0.1504807268236747,0.1220676879762979,0.05327688100908529,0.039532421422887605,0.062450383699391376,0.053171238982048445,0.49829891324043274,0.28866422176361084,5.112083817948587e-05,0.9999648928642273,0.0324966199696064,0.5772767066955566,-0.9999520182609558,0.9999840259552002
25124.187,2605726,521472,679,151.64452877924109,884,0.4896607406020132,0.5026815739353465,426.30000000002843,7.666666666666667,76,143618,147089,54.747825622558594,58.00487518310547,3,3000.0,0.05089883422595449,657.8800627946854,2.194269647598267,0.0049463812703073665,0.06668468146119266,0.8723046252622023,50,1.1236948790459367,0.6154954258902106,0.6117923855781555,0.04126714407088239,0.032993354521568985,0.4756645223934944,0.5216209642176776,0.20754945988590848,0.19699136845580292,0.14819759679572764,0.13530157858374847,0.050734312416555405,0.0429757687107388,0.07658696443743172,0.0701169655104633,0.501087486743927,0.2869051694869995,3.003506390086841e-05,0.9996821880340576,0.031029902398586273,0.5734376311302185,-0.999629020690918,0.9998579025268555
25148.281,2609566,522240,680,159.48168452528392,884,0.5073567483880367,0.5073567483880367,,9.333333333333334,76,143815,147276,46.49854278564453,48.41606903076172,3,3000.0,-0.014146024307356802,15.906233911161069,1.7740239302317302,0.006040838188893437,0.07211104137564285,0.9980166015242415,54,1.0462448559101092,0.57671186451807,0.578606367111206,0.04798854005013728,0.027298843367827955,0.5435119971350125,0.691260339866312,0.16270741315506745,0.11366885788054383,0.10946639608451714,0.06964356781922537,0.059806613346066614,0.040839085672707255,0.076519040229199,0.05728930539338365,0.4992416203022003,0.2878825068473816,1.0981083278238657e-06,0.9999769330024719,0.05451330170035362,0.571213960647583,-0.9993599057197571,0.9998646974563599
25166.719,2613404,523008,681,208.33785691023118,885,0.49834378796499706,0.5048542046316637,443.8000000000324,10.166666666666666,76,143963,147424,51.8186149597168,46.78730773925781,3,3000.0,-0.003266646177507937,222.83783086140951,1.7544581923219893,0.0010062413409751428,0.008923548509806601,0.9678924018192785,36,0.7999469859197939,0.7139458726139065,0.7252987623214722,0.026112662177697487,0.022651053858034956,0.6973230415503366,0.7507921406308258,0.12070947610445065,0.10292787176316905,0.07751683363442273,0.05688738535451747,0.03021842667104615,0.02607422064839773,0.048119559862046316,0.04066732774505504,0.49830588698387146,0.28740185499191284,0.0006620824569836259,0.9998030066490173,0.06186966970562935,0.5746445655822754,-0.999630331993103,0.9996398687362671
25192.156,2617242,523776,682,150.97159940210062,886,0.5174436651665015,0.5239540818331682,573.8000000000619,17.333333333333332,76,144173,147596,50.18840026855469,49.20787048339844,3,3000.0,-0.008303693286143244,103.14934973716736,2.0957498818635942,0.007844066334396795,0.09882692544488236,0.9868737247587149,40,1.0253801309161081,0.6258900196291303,0.6302163004875183,0.04015378043571124,0.034380329846464226,0.5578812473302007,0.6095518358785312,0.17492524562152925,0.15507634144731278,0.10284066638188809,0.08755652564268226,0.04698846646732166,0.041322481947577754,0.077210593763349,0.07211248523743177,0.5038575530052185,0.28805845975875854,2.219037241957267e-06,0.9999932646751404,0.030849823728203773,0.5750952959060669,-0.9999534487724304,0.9999173879623413
25223.077999999998,2621082,524544,683,124.2477188895545,887,0.506143138092655,0.5126535547593217,592.000000000066,9.0,76,144418,147896,46.798091888427734,47.322322845458984,3,3000.0,-0.002960848684112231,107.2205810546875,2.220589303970337,0.015544953691788998,0.19275901938478152,0.9860333195706218,15,1.2647982430354558,0.5345499897351411,0.5397322177886963,0.06852813484293863,0.04600713526430239,0.42547033285094066,0.5386658729015451,0.21265003830765303,0.17351750465268467,0.14531369711415681,0.12012446266336212,0.06129224482846684,0.04747676823362211,0.08674555205584404,0.07420825628448356,0.4970649182796478,0.28947824239730835,0.00014469937013927847,0.9998959898948669,0.022482743486762047,0.5709852576255798,-0.9999940991401672,0.999977707862854
25254.922000000002,2624921,525312,684,120.61706673368853,889,0.4916257463240808,0.5046465796574141,706.2000000000338,10.0,76,144635,148117,49.84215545654297,50.15479278564453,3,3000.0,0.004310145408713392,657.6110403878348,2.170404817376818,0.004955741030460877,0.060329184256261215,0.8196952409336551,28,1.1111023546419196,0.6683367256920177,0.6656017303466797,0.06599354637243676,0.05125983061539034,0.5656292286874154,0.6206875173866285,0.15540751535338815,0.13609710516145374,0.09826168418861247,0.08445905628391441,0.05037993130009368,0.04208024785685755,0.0643280940980535,0.0654162426957555,0.5023220181465149,0.2878114581108093,7.982929673744366e-06,0.9999707937240601,0.008577329106628895,0.5731262564659119,-0.9997544884681702,0.9997659921646118
25287.547000000002,2628760,526080,685,117.7246243483573,890,0.518803612914221,0.5253140295808876,382.90000000001857,12.5,76,144901,148373,51.16720962524414,55.018943786621094,3,3000.0,0.005984532070301828,348.6768450964065,2.2202989487420943,0.005539729559162204,0.06235540665442213,0.8561024068733596,42,1.2447372471019569,0.6735184792044082,0.6730434894561768,0.10521853805576488,0.06454898388781878,0.449698568198945,0.5549934247354928,0.21674830444611906,0.18494613455596354,0.10427656367746797,0.09195589156004338,0.0661266013564431,0.04724263992188899,0.05793142426525998,0.056312925338792466,0.4988119602203369,0.28901755809783936,5.665285698341904e-06,0.9998611807823181,0.0006828545010648668,0.569939136505127,-0.999315619468689,0.9998655319213867
25311.984,2632600,526848,686,157.23527966588364,890,0.5151274876880224,0.5151274876880224,,14.666666666666666,76,145147,148606,53.19377517700195,57.511905670166016,3,3000.0,-0.000936727841811565,8.734929251670838,2.2519439856211343,0.004009912018566149,0.0362552457653995,0.9918746228543539,60,1.2110987814176724,0.7479516934760069,0.7514118552207947,0.0882952691680261,0.07061921848487009,0.46278548123980423,0.5026277312952347,0.22767128874388254,0.220547169344107,0.1289763458401305,0.1269136754459148,0.0490415986949429,0.04220396811285218,0.0432300163132137,0.03708823731702114,0.4987407624721527,0.28672274947166443,9.709170990390703e-05,0.9999175667762756,0.0021344732958823442,0.5748936533927917,-0.9998279213905334,0.9999209642410278
25341.374999999996,2636436,527616,687,130.58723404255318,891,0.4866449771706723,0.493155393837339,346.1000000000102,9.666666666666666,76,145390,148884,44.56863784790039,45.0141487121582,3,3000.0,-0.003622688060259503,446.7707175052527,2.303581562909213,0.0035172140083999043,0.047746447059608094,0.7855007369272409,66,1.2144915318639138,0.7266255462238312,0.7285951375961304,0.08725920274651917,0.07002496430679338,0.4444020598893763,0.5000805886700432,0.2633034522220103,0.24393851127951968,0.11901583063131795,0.109043602379618,0.048540911691779515,0.041978404853570905,0.037478542818996756,0.03493392851045476,0.497833788394928,0.28771424293518066,0.00010682146239560097,0.9999474287033081,-0.0035825115628540516,0.5765928030014038,-0.999323308467865,0.9996308088302612
25372.984,2640276,528384,688,121.54591206912633,892,0.5079535608180513,0.5144639774847181,291.9999999999979,17.166666666666668,76,145653,149107,50.1429557800293,53.371124267578125,3,3000.0,-0.008286886885374163,575.3329927444458,2.2205862164497376,0.0036832234029761267,0.04001741703444471,0.7932659793974622,60,1.2781496563857009,0.6644902748328736,0.6641867160797119,0.12307692307692308,0.08081627595052374,0.39285359801488834,0.48601167119142535,0.2401985111662531,0.22787555684384078,0.12,0.11718285213933645,0.08347394540942928,0.05697504184731117,0.0403970223325062,0.0311386020275625,0.5008211731910706,0.28714659810066223,4.569606244331226e-05,0.9998397827148438,0.006849408615380526,0.5737793445587158,-0.9999524354934692,0.9992285966873169
25406.734,2644110,529152,689,113.65388035808216,894,0.48197111170966817,0.49499194504300154,341.7000000000092,12.333333333333334,76,145935,149428,45.87905502319336,46.434513092041016,3,3000.0,-0.0012169142686373864,900.3253080240885,2.317029870351156,0.004084943172849351,0.036412859314586966,0.8196950674767896,75,1.2556562339096167,0.7062059525171607,0.7010208964347839,0.10163181242078581,0.08359696920665674,0.42839036755386567,0.46977602273499386,0.23494930291508237,0.21917764981671084,0.13537705956907478,0.1302660604863978,0.05790557667934094,0.054795916201779454,0.041745880861850444,0.0423873815534613,0.4986223876476288,0.28753039240837097,9.302748367190361e-06,0.9999673962593079,0.007335194852203131,0.5732526183128357,-0.9996486306190491,0.9995962381362915
25436.124999999996,2647945,529920,690,130.5531914893617,897,0.4791824832170151,0.4987137332170151,232.00000000001924,12.5,76,146106,149613,54.178653717041016,51.427520751953125,3,3000.0,-0.009951462590834126,1941.3191369374592,2.2962482074896493,0.008132275266680191,0.10529401801371326,0.6284970168965412,48,1.2284719323599211,0.729511730673225,0.7295364141464233,0.07110215053763441,0.05171484058456558,0.40779569892473116,0.4542351447835188,0.2900537634408602,0.29438698182157175,0.1431451612903226,0.12578335675446853,0.0521505376344086,0.045972280066256935,0.03575268817204301,0.027907395989618444,0.4957314729690552,0.2892706096172333,0.0002314694138476625,0.9997915625572205,-0.0032082777470350266,0.5779672861099243,-0.9993636608123779,0.9999136924743652
25470.374999999996,2651785,530688,691,124.49747114512817,897,0.5250550069744419,0.5250550069744419,,19.333333333333332,76,146409,149875,49.9412956237793,50.36688995361328,3,3000.0,-0.0010924108335327925,10.724035130606758,2.407969249619378,0.006185347026355075,0.0821672554528858,0.9952089226995444,72,1.249637915612005,0.7016223338464668,0.7000882625579834,0.0697154646264936,0.06308208726045585,0.34144244820768505,0.37561037320959606,0.33637066964669476,0.32312367911223067,0.17476145448293648,0.16506908737815015,0.04349694833662856,0.03920363603621715,0.03421301469956159,0.03391113700335012,0.49743375182151794,0.28962817788124084,0.00010900723282247782,0.9999768733978271,-0.00645666616037488,0.5727441906929016,-0.9997861981391907,0.999666690826416
25502.141,2655623,531456,692,120.88188976377953,898,0.5238632099785452,0.5303736266452118,399.3000000000223,13.166666666666666,76,146664,150172,57.0396614074707,51.55862808227539,3,3000.0,-0.008048876012579944,264.199588677822,2.403592448968154,0.004754864494477829,0.044327637005316764,0.8872464939930061,78,1.3102440798853079,0.6895702169873467,0.6845132112503052,0.10427743829854773,0.0846391487671079,0.3383064836124117,0.38896027314098774,0.3033886199507976,0.2899827384736375,0.16720895167050234,0.15444082055096287,0.051900642806126496,0.04550424509107313,0.03491786366161416,0.036472773976230916,0.5025762915611267,0.2890019714832306,3.662556628114544e-05,0.999998927116394,0.008454233407974243,0.5745164752006531,-0.9999586343765259,0.9999607801437378
25534.109,2659462,532224,693,120.14521328200291,899,0.507727000883135,0.5142374175498018,339.4000000000087,10.5,76,146951,150480,54.126808166503906,52.89818572998047,3,3000.0,-0.010559787445788223,425.33460475236944,2.3850941841418924,0.004663039002085756,0.04967453793431513,0.8675720480844066,78,1.2776438426764178,0.6869169269903053,0.6913551092147827,0.10330642657559765,0.09046965224431906,0.3524526544551382,0.3970431838316197,0.3260633343682086,0.3082257810180615,0.14126047811238746,0.12945013962405133,0.04734554486184415,0.04648873115846417,0.029571561626823967,0.028322512123484307,0.4992519021034241,0.28938430547714233,4.354537850304041e-06,0.9998842477798462,0.002434755442664027,0.5746593475341797,-0.9998902678489685,0.9999061822891235
25555.702999999998,2663302,532992,694,177.95903234775056,899,0.5012185095218574,0.5012185095218574,,9.666666666666666,76,147157,150691,58.59483337402344,61.944091796875,3,3000.0,-0.002110263904021984,7.359542413994118,2.3574437653576887,0.0014318345481771698,0.0018373708557596223,0.9975032928665085,54,1.199891349987971,0.7263249642739257,0.728139340877533,0.1084683442491095,0.10299132135342909,0.41491439733425256,0.4360963915234489,0.3024244513386189,0.29539623380677377,0.11651154774215787,0.11150730014346427,0.029759852924278983,0.027971534453533824,0.027921406411582212,0.026037218719350115,0.5007896423339844,0.2889860272407532,3.200063656549901e-05,0.9998039603233337,0.007531205657869577,0.5684758424758911,-0.9999232888221741,0.9998427629470825
25577.344,2667142,533760,695,177.5722543352601,899,0.48121756767538143,0.48121756767538143,,9.0,76,147370,150908,49.68046569824219,54.29618835449219,3,3000.0,-0.002085334563162178,6.187171181042989,2.315882697701454,0.0008784762012668638,0.0037199459923916343,0.9978398237889283,48,1.1836549343864609,0.7272800910911348,0.7247949242591858,0.08917771200617682,0.08096147570596585,0.42118131514605583,0.45309059904816884,0.3080684596577017,0.2919016843429894,0.12019045167932055,0.11665411104185357,0.03049800540470982,0.028914427194986183,0.03088405610603526,0.028477702666036147,0.4962557852268219,0.29080870747566223,0.0001327279896941036,0.999916672706604,-0.00862204935401678,0.5717162489891052,-0.9997199177742004,0.9999469518661499
25597.969,2670982,534528,696,186.31732168849547,899,0.49850231665701844,0.49850231665701844,,7.833333333333333,76,147524,151069,45.03950500488281,45.16078186035156,3,3000.0,-0.003271187823321227,3.2961241404215493,2.321282829557146,0.0012380406493870426,0.0014955737278796732,0.9990778049453556,42,1.2260167326465514,0.7291129269436712,0.735214114189148,0.09737985147821214,0.0798968647023626,0.39414319742188597,0.4554889817045615,0.32786885245901637,0.30616033710534185,0.11265237494745692,0.10022845360094793,0.031946195880622114,0.02652192202395344,0.0360095278128065,0.03170344086283272,0.49825718998908997,0.2899087071418762,9.637619223212823e-05,0.999869167804718,0.006445746868848801,0.5732079744338989,-0.9999575018882751,0.9996106624603271
25622.874999999996,2674815,535296,697,153.99140251499009,902,0.4649550772760833,0.4844863272760833,496.266666666711,9.0,76,147673,151226,56.89472579956055,55.345489501953125,3,3000.0,-0.0031680708246616027,510.44239764743384,2.2434248858027988,0.0004999799203114759,0.0003716591680939827,0.9100324901814255,36,1.185521894456287,0.7555779114261486,0.7585527300834656,0.08845080251221214,0.07669976692973539,0.39951151430565246,0.4465457757095025,0.34612700628053034,0.3249170212296619,0.09926727145847872,0.08688092188961707,0.03157711095603629,0.03264097528557494,0.03506629448709002,0.032315538955908225,0.5018229484558105,0.28889548778533936,6.413282244466245e-05,0.9997047185897827,0.0009265874396078289,0.5749866962432861,-0.9997248649597168,0.9997869729995728
25650.312,2678655,536064,698,140.03865650412845,902,0.5202674621713418,0.5202674621713418,,11.166666666666666,76,147882,151422,42.841026306152344,38.67160415649414,3,3000.0,-0.004923676222097129,11.332497262954712,2.3089404900868735,0.0051851628908882565,0.06103067455114797,0.998585668753262,60,1.2633471020249987,0.6819880929078808,0.6777673959732056,0.11636880584890333,0.08496412385076196,0.32585296506904954,0.3905592988851181,0.36921202274573517,0.3519659803737668,0.11169780666125101,0.09979699034609917,0.04163281884646629,0.03906775753898344,0.03523558082859464,0.03364584900527053,0.5005979537963867,0.2889159023761749,5.160130967851728e-05,0.9998443722724915,0.00624020816758275,0.5729659795761108,-0.9998603463172913,0.9998886585235596
25675.641,2682492,536832,699,151.58219096905577,903,0.5088546068132787,0.5153650234799453,386.2000000000193,11.833333333333334,76,148071,151612,55.12627410888672,51.68988800048828,3,3000.0,-0.004220817406247888,330.0631976657444,2.2641777374126293,0.00751745079866763,0.11494645476341248,0.9481116031195149,54,1.1723700907278147,0.7011523536917358,0.7023851275444031,0.08788706739526411,0.06940902429216768,0.35860655737704916,0.42426324709520424,0.3985655737704918,0.3752330043921178,0.0932377049180328,0.07948149011265056,0.0325591985428051,0.024108866893313628,0.029143897996357013,0.02750436721454609,0.4995209574699402,0.29000261425971985,0.00022656690271105617,0.9998230934143066,-0.003992042504251003,0.5770465135574341,-0.999869167804718,0.9994100332260132
25710.156,2686328,537600,700,111.18840579710145,905,0.4986996919501427,0.511720525283476,574.8000000000621,12.666666666666666,76,148293,151839,48.26079559326172,46.78601837158203,3,3000.0,-0.009593998286590882,205.0823494015318,2.4298069657701435,0.005199982229730427,0.06675869389789912,0.9559098487168017,66,1.2292576251330547,0.6645151416762779,0.6631700396537781,0.08979553377932724,0.07651814704846813,0.33166870818807126,0.38713189750739496,0.402525204937341,0.3690292447248319,0.10666164138320927,0.10178463443913076,0.0364647130877226,0.03200768018434728,0.032884198624328655,0.03352839609582696,0.49764788150787354,0.28850239515304565,2.1263867893139832e-05,0.9998638033866882,-0.0009345765574835241,0.5767244696617126,-0.9997004270553589,0.9998712539672852
25737.016,2690167,538368,701,143.01147369990997,906,0.511624601470849,0.5181350181375156,297.89999999999924,12.333333333333334,76,148491,152044,46.146812438964844,42.20177459716797,3,3000.0,-0.0008187341697824498,571.5091451009115,2.3887563069661457,0.006294952819765904,0.07965105237284055,0.7002654678128297,60,1.2586077094762613,0.6561416903873705,0.6523969173431396,0.10315832649712879,0.08292126912017131,0.32844544708777684,0.3985187564377578,0.38525430680885975,0.34977753651939036,0.10008203445447088,0.08997915939211147,0.042145200984413454,0.03581930163263725,0.040914684167350286,0.042983976897931826,0.5013333559036255,0.29087668657302856,3.3023065043380484e-05,0.9998712539672852,0.00718257250264287,0.5728123784065247,-0.9996924996376038,0.9999945163726807
25754.749999999996,2694007,539136,702,216.71651899094647,906,0.5180234596109773,0.5180234596109773,,7.833333333333333,76,148625,152205,45.05802917480469,42.904296875,3,3000.0,-0.001071180139357845,6.2345102826754255,2.347854425509771,0.00413504503989723,0.033776685949608996,0.9972026955111694,48,1.2305735154873039,0.7166173306317396,0.7215492725372314,0.07257395631739011,0.0609540279708385,0.423693668786287,0.474171437785185,0.2814487144042024,0.2654518080049817,0.14957146806745922,0.1343883638526827,0.0323472491014653,0.026986994544654183,0.04036494332319602,0.0380473678416579,0.4958871304988861,0.2890695035457611,0.0005013102199882269,0.999988853931427,0.015122048556804657,0.5765392780303955,-0.999500036239624,0.99991774559021
25775.312,2697847,539904,703,186.8976929815832,906,0.5076922869570092,0.5076922869570092,,5.833333333333333,76,148773,152365,43.26984786987305,37.504974365234375,3,3000.0,-0.0007809845874795602,9.206265642529441,2.30487745148795,0.0009001744552289163,0.0,0.9967541003852488,42,1.2782616749595825,0.6640067376596127,0.6698999404907227,0.09487103468722206,0.06551776449936275,0.4079454491550549,0.5151509350262673,0.24562703824488585,0.2138155737402037,0.16557960272754224,0.1429277014301595,0.03883782982508153,0.025909631109196144,0.04713904536021346,0.03667839419481061,0.4961204528808594,0.28848397731781006,1.9056227756664157e-05,0.9999139904975891,0.0045753843151032925,0.5769647359848022,-0.99971604347229,0.9999589920043945
25797.562,2701680,540672,704,172.3936313753399,908,0.4973073013849379,0.5103281347182712,347.4000000000105,6.166666666666667,76,148905,152505,43.71784591674805,49.12824630737305,3,3000.0,-0.00288657825310818,807.4243698120117,2.3017968800332813,0.0011858997114024398,0.0009797462973640198,0.8247852762652318,36,1.2936671529319792,0.6538378711067622,0.6525649428367615,0.11065840938722295,0.07444120905167888,0.37988917861799215,0.48910119070137953,0.26808996088657105,0.24011238419519895,0.15091264667535853,0.12574109588864948,0.038461538461538464,0.02653924310155021,0.05198826597131682,0.04406487706154297,0.5020638704299927,0.2907421886920929,0.00010066939285025,0.9996936321258545,0.010090389288961887,0.578165590763092,-0.9997208118438721,0.9996633529663086
25824.906,2705515,541440,705,140.3322599531547,910,0.5094580438905769,0.5224788772239103,197.7500000000048,13.333333333333334,76,149119,152686,50.84686279296875,52.09565734863281,3,3000.0,-0.004250308983804037,1235.607544793023,2.363849578080354,0.004118472653422206,0.041299155201866396,0.7805025758490689,54,1.2502860888277068,0.6964355126776439,0.6998949646949768,0.0825646281744676,0.06962172691834405,0.42842500854116844,0.47048807819364,0.2569183464297916,0.24875718861161603,0.1541965607561781,0.14142215062494728,0.034050791481608014,0.027886193286481228,0.043844664616786246,0.0418246623649714,0.5025840401649475,0.2896380126476288,0.0001307616475969553,0.9999412894248962,0.005689750425517559,0.5730497241020203,-0.9998666644096375,0.9995872974395752
25850.141,2709355,542208,706,152.26614853881628,910,0.514699883446628,0.514699883446628,,8.666666666666666,76,149339,152934,38.98780059814453,36.0522575378418,3,3000.0,-0.0023287164978682993,11.978640802701314,2.317173675696055,0.003170582381498649,0.027426648310696085,0.9983490717419999,60,1.306007315831954,0.6915113395034188,0.6925007700920105,0.11716593395358348,0.08819246646181625,0.4223494530211635,0.5171825869485785,0.22421020345567938,0.18830276818069294,0.13679582864737758,0.1193449662640444,0.04457621920049075,0.032824099469741436,0.054902361721705345,0.05415311267512642,0.5005136132240295,0.2875390946865082,3.091013786615804e-05,0.9996406435966492,0.0018692343728616834,0.5777202844619751,-0.9999459385871887,0.9997749328613281
25871.202999999998,2713191,542976,707,182.25875421676457,911,0.5047414658224625,0.5112518824891291,646.1000000000784,8.333333333333334,76,149475,153077,51.440223693847656,57.40314865112305,3,3000.0,0.005135070094616995,46.74374455497379,2.21733820438385,0.004102941192955641,0.04089373377653482,0.9920072294690503,42,1.2174849813554374,0.7658291789635499,0.7660883069038391,0.10299567634342187,0.07220009630680897,0.49305126621371215,0.5859847406421641,0.20398394070413836,0.16899162150506736,0.11874613959234095,0.10302210923235838,0.03381717109326745,0.02310492456352586,0.04740580605311921,0.04669650775007529,0.5019229650497437,0.2913056015968323,9.627926192479208e-05,0.9997534155845642,0.011390953324735165,0.5741447806358337,-0.999999463558197,0.9998379945755005
25897.422000000002,2717028,543744,708,146.43361447161791,913,0.500946476106068,0.5139673094394014,466.35000000003754,8.833333333333334,76,149655,153264,40.90742492675781,44.37769317626953,3,3000.0,-0.010279513861557158,378.1133550008138,2.2652789801359177,0.007703657776558878,0.09761656827079908,0.921634074093993,48,1.2703430245695517,0.7047323783704572,0.7103034853935242,0.10958381061473844,0.08188674686531759,0.424971363115693,0.496433217387183,0.23813160239277079,0.2151861522267959,0.13796614483899708,0.13060892234423474,0.04021891307114675,0.03128345938093134,0.04912816596665394,0.04460150179553741,0.4990706145763397,0.2885146737098694,4.405191066325642e-05,0.9999278783798218,0.008266684599220753,0.5726853609085083,-0.9998658299446106,0.999923586845398
25925.109,2720864,544512,709,138.6238797340339,914,0.5186160933776787,0.5251265100443453,360.1000000000134,16.166666666666668,76,149944,153514,48.687862396240234,42.287803649902344,3,3000.0,-0.0026539435264456906,346.8234370838512,2.3115764639594336,0.004635648405604362,0.05584012380374285,0.8791603428598949,66,1.226938040043466,0.7357067354100935,0.7271695733070374,0.09579460752737647,0.07984024176080928,0.4731756694579921,0.525922345829966,0.217907426152572,0.1997538769778237,0.13702033679948467,0.12709369310035973,0.03515229594184228,0.02819257607818226,0.04094966412073249,0.03919726625285897,0.4999336004257202,0.2877577245235443,0.00019943977531511337,0.9998849034309387,0.012468216940760612,0.5749684572219849,-0.999961793422699,0.9999654293060303
25953.749999999996,2724701,545280,710,134.04366812227073,915,0.5221587605072852,0.5286691771739518,32.700000000000195,12.5,76,150246,153843,49.893218994140625,49.23067092895508,3,3000.0,-0.003573255594043682,1007.4516468048096,2.4532609515719943,0.003847299693036318,0.0357582496112122,0.6506487872088953,72,1.2837071601546537,0.7177609573373209,0.7129808068275452,0.08737229260318757,0.08212999642582215,0.43154883530854105,0.45284539692269843,0.2617899468737229,0.25427452071405565,0.12562321209644461,0.1193879701104496,0.04601552921945239,0.044551106960133875,0.04765018389865141,0.046811008866840344,0.5021748542785645,0.28873786330223083,7.516924961237237e-05,0.9999756217002869,0.000628712004981935,0.5817489624023438,-0.9998547434806824,0.9999773502349854
25984.172000000002,2728541,546048,711,126.29086364532203,915,0.5239936679142042,0.5239936679142042,,12.333333333333334,76,150534,154132,42.371028900146484,42.23542785644531,3,3000.0,-0.0015406631834757251,5.703042335999318,2.4847128116167507,0.0023744448240276854,0.008846306689799978,0.9982642535856487,78,1.370082353942876,0.706725218973947,0.7042196989059448,0.1130938404946388,0.09645263472303338,0.34436878766533613,0.38212320391673,0.2964702199264303,0.29190112268359125,0.14385223448383816,0.13930607036796513,0.04359395789308915,0.03476652634700777,0.05862095953666745,0.055450441961672474,0.5003145337104797,0.28924304246902466,0.00023694094852544367,0.9999731779098511,0.006993860471993685,0.5757972002029419,-0.9999905824661255,0.9995204210281372
26007.234,2732378,546816,712,166.37759084209173,916,0.4794444390044536,0.48595485567112023,303.20000000000044,6.166666666666667,76,150747,154387,51.05908203125,49.23733901977539,3,3000.0,-0.001730854370786498,516.2482444445292,2.3943235774834952,0.003108350795247687,0.026080053045006935,0.8655849000045358,48,1.3104678709532558,0.7504510960347331,0.7470738887786865,0.11967041590374052,0.09905642572713032,0.38543029034789433,0.43961344243631256,0.28093120585927284,0.26577512405675235,0.12267852471880722,0.1145256583854673,0.04080565001307873,0.03374904599501612,0.050483913157206385,0.04728030339932133,0.5017492771148682,0.29022499918937683,4.740114673040807e-05,0.9999505281448364,0.013943876139819622,0.5833722352981567,-0.9995238184928894,0.9996336698532104
26026.172000000002,2736216,547584,713,202.83268153465784,918,0.4839018914478772,0.4969227247812105,455.150000000035,6.833333333333333,76,150896,154542,47.475189208984375,54.31663131713867,3,3000.0,-0.002546840263271911,301.46179411146375,2.4370771249135337,0.0013170236354125842,0.001547761728741332,0.9576437521078551,36,1.3231675411162447,0.7555846449127446,0.7572023868560791,0.1102681721947777,0.09520601423509294,0.34456598447424136,0.3804917911109267,0.3202187720536344,0.31992522278523045,0.13937896965419902,0.1292649730559891,0.03458009880028229,0.0316349490541579,0.05098800282286521,0.04347704975860293,0.5013437271118164,0.2877708375453949,0.00039656940498389304,0.9998933672904968,0.01224315632134676,0.5778869390487671,-0.9998996257781982,0.9999746084213257
26055.984,2740055,548352,714,128.83847367185194,920,0.5138105216673164,0.5268313550006498,306.4500000000012,15.833333333333334,76,151123,154725,47.7001953125,47.84088897705078,3,3000.0,-0.008365354896523059,939.8023986816406,2.499841737747192,0.009337176271091607,0.14015620145946742,0.8640669397872864,20,1.3314707026608052,0.6974545251755487,0.6991341710090637,0.12548853913594593,0.1074302854760772,0.3566071617196578,0.3993152029525629,0.29650364423787895,0.28511625261299844,0.14059364106897645,0.13294877950326556,0.0378155698743002,0.03103342948833658,0.042991443963240734,0.0441560499667593,0.49998587369918823,0.287811815738678,0.0001555194758111611,0.9999617338180542,0.010529117658734322,0.5731632113456726,-0.9998478293418884,0.9999473094940186
26091.499999999996,2743892,549120,715,108.08450704225352,921,0.5198189252788289,0.5263293419454955,660.2000000000816,17.5,76,151424,155021,41.384342193603516,39.03322219848633,3,3000.0,-0.0063922042221141355,87.8756950469244,2.637697384470985,0.010974963917824288,0.16801854415652565,0.9828725832388404,84,1.4269919293055362,0.6189003001624906,0.6226779222488403,0.13905015038119886,0.12278284912667217,0.33615443799398476,0.3910486918573823,0.2683779813946982,0.25624423031200005,0.1330349024270826,0.12365761593270502,0.06113170595229769,0.051433412699958485,0.062250821850737915,0.05483320007128202,0.49678024649620056,0.2897517681121826,6.843575101811439e-05,0.9999108910560608,0.007393190171569586,0.5775803923606873,-0.9999616742134094,0.9993916749954224
26117.297000000002,2747732,549888,716,148.94689887900395,921,0.5300812461552726,0.5300812461552726,,17.333333333333332,76,151668,155266,52.05617904663086,49.8648796081543,3,3000.0,0.003565825092104765,6.9676923385033245,2.4415216812720666,0.012962506334637145,0.22346397804526183,0.9870582295483914,13,1.3497570950408795,0.7022546547836398,0.7024430632591248,0.12379251562626836,0.114848156715603,0.42203100901047164,0.443557043057826,0.23061936845523176,0.2223340751741053,0.11429499147658088,0.1098176996573443,0.046675866547609385,0.04581296218967562,0.06258624888383797,0.06363006320544576,0.49900707602500916,0.28895047307014465,6.222751835593954e-05,0.9999802112579346,-0.00016722023428883404,0.5736768841743469,-0.9998916983604431,0.9997649192810059
26147.609,2751572,550656,717,126.74522229924315,921,0.5425772671095729,0.5425772671095729,,14.5,76,151960,155575,48.61556625366211,48.28107452392578,3,3000.0,-0.0007466893783809307,3.9219498899247913,2.477834105491638,0.001973395159898539,0.01838723349178003,0.9959511603483222,90,1.2800943728561676,0.6926207177714475,0.6914142370223999,0.1158252297855335,0.10459164917908342,0.464566404688957,0.49658771082875397,0.23091781004395898,0.21890837669106605,0.10270414280005329,0.09875249781463727,0.035500199813507397,0.03089080990309727,0.05048621286798988,0.05026895558336201,0.5038445591926575,0.28864437341690063,0.0002912903728429228,0.9999654293060303,-0.00022868912492413074,0.5750296711921692,-0.9998959302902222,0.9999908208847046
26171.594,2755412,551424,718,160.20693395632955,922,0.5082481887018019,0.5147586053684686,307.5000000000014,9.833333333333334,76,152160,155808,50.12253189086914,49.930335998535156,3,3000.0,0.005013731261715293,479.18257303237914,2.464178653558095,0.006989995649333654,0.11163507877693822,0.8116364090470626,60,1.2621768250757335,0.6911788529463171,0.694830596446991,0.10363520408163265,0.09747299580557914,0.460671768707483,0.4846548352747159,0.23214285714285715,0.2245932825914098,0.11649659863945579,0.10778450101163417,0.036989795918367346,0.03535197541748048,0.05006377551020408,0.05014240989918052,0.5021765232086182,0.2870047688484192,4.5762237277813256e-05,0.9996774792671204,0.002054117154330015,0.5733628869056702,-0.9996773600578308,0.9999475479125977
26200.312,2759252,552192,719,133.78392502525244,923,0.5079921508777672,0.5145025675444338,337.50000000000824,12.833333333333334,76,152377,156012,45.42818832397461,42.20454788208008,3,3000.0,0.00010175855063340244,387.9500669591567,2.5393301318673527,0.006033595374831332,0.07492724133943043,0.8983684375461014,34,1.3501158812835212,0.6403213434254647,0.6448032259941101,0.11372591943957969,0.09996675320431425,0.35803415061295973,0.37984317641229776,0.2996935201401051,0.2926901176934036,0.12664185639229422,0.12781456513363276,0.03633975481611208,0.032904242844390835,0.06556479859894922,0.06678114471196081,0.497810423374176,0.28690844774246216,7.206410373328254e-05,0.9998603463172913,0.004088904708623886,0.5755696892738342,-0.9997295141220093,0.9996298551559448
26228.547000000002,2763092,552960,720,136.0785286508868,923,0.5157989796384166,0.5157989796384166,,15.666666666666666,76,152617,156235,49.69378662109375,56.453125,3,3000.0,-0.0002443585368437749,10.963736519669041,2.3791110515594482,0.00419061439515104,0.039690973531722906,0.9984460172377573,66,1.265201404389881,0.6824321233738235,0.69171541929245,0.10457142857142857,0.08446952644405435,0.41942857142857143,0.4810088966205812,0.3101904761904762,0.28209107055798277,0.07228571428571429,0.06709347910849889,0.03447619047619047,0.028163335358909424,0.05904761904761905,0.05717369190997336,0.5018646121025085,0.2861602008342743,4.67965001007542e-05,0.9999497532844543,0.001670883153565228,0.5749074816703796,-0.999720573425293,0.9999951124191284
26261.827999999998,2766928,553728,721,115.36842105263158,925,0.49701745520424967,0.510038288537583,465.30000000003724,10.833333333333334,76,152800,156457,47.57489776611328,42.881309509277344,3,3000.0,-0.0027164697617990895,389.471246210734,2.3634041428565977,0.0016580248898389715,0.00663451775132368,0.9519785462982893,60,1.3158336401644535,0.6865453549012275,0.6837713718414307,0.11912803193122505,0.09185287608281228,0.3937160986592979,0.46444791110196576,0.2871763381434858,0.2747769303514429,0.06376010643741685,0.05246824194170687,0.05536792549380821,0.04450592357244053,0.08085149933476614,0.07194811694963166,0.50117027759552,0.2896244525909424,5.308464460540563e-05,0.9999127984046936,-0.003765860805287957,0.574769139289856,-0.9998758435249329,0.9998215436935425
26290.484,2770768,554496,722,134.07821229050552,927,0.5099995770644035,0.5230204103977368,564.7500000000598,16.833333333333332,76,153015,156646,46.8756217956543,47.12344741821289,3,3000.0,0.0018192543871312712,201.47082500457765,2.389219852288564,0.0028729366327774316,0.027799155904601018,0.9701843769941357,60,1.3290693831537423,0.7270497635554003,0.7208342552185059,0.11442522025262711,0.09147896840300614,0.4122704596115062,0.48030004075523036,0.269079715529137,0.25103893547848427,0.06793334040972296,0.05512366362139556,0.050631567774121644,0.038697374223181424,0.08565969642288504,0.08336101751870229,0.503591775894165,0.2857414484024048,0.00028347349143587053,0.9999882578849792,-0.004069746471941471,0.5765988230705261,-0.9996187686920166,0.9999649524688721
26326.469,2774608,555264,723,106.75859768132305,927,0.5413831137507793,0.5413831137507793,,17.0,76,153386,157016,46.75736618041992,47.55159378051758,3,3000.0,-0.0031750482526623123,9.49740261832873,2.5377011547485986,0.0040634584626447175,0.025097844804501317,0.9964702715504247,96,1.401349873683698,0.6671189978833542,0.663657009601593,0.14720217163304336,0.12993411038892458,0.3499907458819175,0.4020917840483726,0.2771299895119995,0.2593500876028079,0.08575482756493306,0.08136528597845681,0.053673884878771054,0.045097416746405584,0.08624838052933556,0.0821613152350325,0.5001088976860046,0.2870640158653259,9.742433758219704e-05,0.9999655485153198,-0.0002607228234410286,0.5760775208473206,-0.99977707862854,0.9998035430908203
26350.702999999998,2778446,556032,724,158.4706222387557,928,0.4798724982714238,0.4863829149380905,213.79999999999214,11.666666666666666,76,153596,157263,52.667869567871094,50.01319122314453,3,3000.0,-0.0061877282957235975,758.1793486277262,2.370353118578593,0.006070638668526544,0.06911552267217,0.7931290519046115,60,1.2742438587227405,0.7425991114724446,0.7436413168907166,0.12671064290637,0.11187277161594936,0.4591907059171015,0.49225674472648484,0.21768238653145613,0.21093100124464453,0.07590824062223098,0.0723280300153489,0.03987397853696958,0.036805692477318526,0.08063404548587182,0.07580575992025382,0.4986603260040283,0.2906308174133301,4.352060204837471e-05,0.9998886585235596,0.008424493484199047,0.5773489475250244,-0.9999090433120728,0.9999815225601196
26380.952999999998,2782283,556800,725,143.60567386505426,930,0.5061878719555654,0.5192087052888987,402.60000000002304,15.666666666666666,76,153839,157492,56.559486389160156,57.028072357177734,3,3000.0,-0.004102377365429506,503.8137540464048,2.3424283354370683,0.0028190685780520083,0.02482194891544404,0.8742999256375854,54,1.2334012118252842,0.7251242935984884,0.7247866988182068,0.14170454545454544,0.12056879424044922,0.49761363636363637,0.5530519279990583,0.1759090909090909,0.16326827296241445,0.07375,0.06670168169801077,0.03875,0.031204836342368186,0.07227272727272727,0.06520448675769899,0.5021581649780273,0.2885686457157135,5.924326251260936e-05,0.9999924898147583,0.0135527728125453,0.5748151540756226,-0.9998030066490173,0.9997953176498413
26417.141,2786119,557568,726,106.04887758487621,931,0.5314944164550325,0.5380048331216991,258.5999999999903,16.833333333333332,76,154194,157845,47.02082061767578,49.46431350708008,3,3000.0,-0.004782453686412838,595.9797910902236,2.5036027325524226,0.004286755658161941,0.03816345900478255,0.8015454466071311,90,1.3492148923316494,0.6729003644688553,0.6714509129524231,0.1830499468650372,0.16570617792362313,0.406615302869288,0.4381582503535626,0.21785334750265675,0.21109774136895276,0.07505313496280552,0.0712885038661172,0.049880446333687566,0.04681450075569289,0.06754782146652498,0.06693482573205141,0.5004922747612,0.28911349177360535,0.0001525053958175704,0.9999821782112122,0.0018196795135736465,0.575090765953064,-0.9999036192893982,0.9999655485153198
26440.969,2789959,558336,727,161.2564565573296,931,0.528834822117442,0.528834822117442,,11.666666666666666,76,154420,158102,52.73461151123047,55.127037048339844,3,3000.0,-0.0041388455109413235,3.7669621380892666,2.3733419035420273,0.0040161435879368865,0.05585987429720152,0.9992028021148769,66,1.2661416090345654,0.717236210604253,0.7172814607620239,0.18792572548287767,0.1675145356899439,0.46962769431743956,0.5120201414132485,0.17215638704861436,0.1595470936514218,0.05710553326490622,0.051006850765282136,0.05048054492861808,0.04548202561838156,0.06270411495754409,0.06442935286172216,0.49975889921188354,0.2891959249973297,0.00014955834194552153,0.999880850315094,0.003128931624814868,0.5791975855827332,-0.9999153017997742,0.9999316930770874
26462.984,2793799,559104,728,174.54545454545453,931,0.5190541810366267,0.5190541810366267,,12.0,76,154643,158323,46.14530563354492,47.979583740234375,3,3000.0,-0.008962117731614315,10.54992151260376,2.355484706384164,0.0038638253958978882,0.048753032232289786,0.9965722342866332,54,1.242704335631361,0.7240803355566363,0.7124052047729492,0.1673016218569718,0.15836684890300828,0.49820398389027976,0.5184596791952221,0.16120605203004246,0.16208055662268575,0.059976053118537064,0.0531095749173341,0.05409818221399804,0.05402874142933121,0.05921410689017089,0.05395459893241862,0.4989141523838043,0.28843945264816284,0.00017557074897922575,0.9998063445091248,0.003323226235806942,0.5768529772758484,-0.9999094009399414,0.9992020130157471
26483.266,2797639,559872,729,189.4799171025058,931,0.4929781123328401,0.4929781123328401,,9.833333333333334,76,154853,158546,40.390663146972656,38.09638977050781,3,3000.0,-0.07296832635377844,8.11843282867361,2.3316291769345603,0.0015521079458479063,0.010099410092354648,0.9974293346119691,54,1.208395982146394,0.7082243180027201,0.7115312218666077,0.18262779065511772,0.16012689584580242,0.4815176284006344,0.5371622363701439,0.17896791509088691,0.16008181688494968,0.05746004635842381,0.05080551830669528,0.04745638648285958,0.04273598500950992,0.05197023301207759,0.04908754758289879,0.5042698979377747,0.28792470693588257,8.478360541630536e-06,0.9999407529830933,0.0014869673177599907,0.5756901502609253,-0.9998278617858887,0.9993600845336914
26498.531,2801477,560640,730,251.672131147541,932,0.4907042448831576,0.4972146615498243,279.299999999995,8.0,76,154968,158677,43.731082916259766,43.294593811035156,3,3000.0,-0.011133041345359137,524.0123601277669,2.223741070429484,0.001525740317950705,0.00734434633826216,0.7245599667455653,30,1.1730670046122678,0.7439787559173259,0.7568382024765015,0.13908331451794986,0.1111147969387251,0.5066606457439603,0.5634992734963422,0.20252878753668999,0.18450342242944875,0.05486565816211334,0.04866787417361797,0.041770151275682996,0.03723314412128492,0.055091442763603525,0.05498148884058101,0.501096248626709,0.2881317436695099,0.0003470861993264407,0.9999280571937561,0.005183080211281776,0.5773101449012756,-0.9998361468315125,0.999408483505249
26517.094,2805315,561408,731,206.93373591417895,933,0.48527625147346387,0.49178666814013056,405.8000000000238,6.5,76,155121,158844,56.23403549194336,60.90182113647461,3,3000.0,-0.005899826103510956,296.67236227459375,2.325595749749078,0.003746171518228986,0.0513356461823504,0.9553539236379396,36,1.2398102627689525,0.702806738876715,0.6967805027961731,0.14873057976506251,0.12969292368301602,0.4520651762031072,0.49569564999996346,0.23645320197044334,0.21864346682451197,0.05608184918529746,0.055549234523541526,0.03732474422129595,0.03727716885323177,0.06934444865479349,0.06314155611573528,0.4918726682662964,0.2863263189792633,0.0002037852245848626,0.9999921917915344,0.0012470305664464831,0.5746217370033264,-0.999968945980072,0.9996703863143921
26547.609,2809151,562176,732,125.77049180327869,934,0.5135335187382367,0.5200439354049035,623.1000000000731,12.0,76,155397,159092,42.319580078125,39.09059143066406,3,3000.0,-0.007121583531526002,85.8054366978732,2.4408483360752915,0.007041247461489528,0.06872859189928876,0.9909448856241396,66,1.2972228947548765,0.6331422483015178,0.6340723633766174,0.18928901200369344,0.16457574529893934,0.42059095106186517,0.4756566994146311,0.22382271468144044,0.21476573713021568,0.046352723915050784,0.042567586793736255,0.04773776546629732,0.03920483404748242,0.07220683287165282,0.06322939731499522,0.5008264780044556,0.28922712802886963,6.240373477339745e-05,0.9999737739562988,0.0023786919191479683,0.5750046968460083,-0.9996083378791809,0.9998233318328857
26576.406,2812980,562944,733,133.0391577776882,937,0.4958008467290127,0.5153320967290127,367.1333333333676,10.333333333333334,76,155548,159268,50.065311431884766,52.081050872802734,3,3000.0,-0.003936976844367261,1312.3318583170574,2.3772358844677606,0.0062748539562425,0.09676188001079329,0.8804422330153895,48,1.2556084058231598,0.6488829072595562,0.6500399112701416,0.20432911722519234,0.16977199818545596,0.4184378667362107,0.47975365548944293,0.22858260529404095,0.21424004087316756,0.018385708697352978,0.01648589701315097,0.04172643108619116,0.0353814371716071,0.08853827096101187,0.08436697126717546,0.497966468334198,0.2889094352722168,2.4661338102305308e-05,0.9999277591705322,0.0006878783460706472,0.5740688443183899,-0.9991742372512817,0.9995826482772827
26600.499999999996,2816820,563712,734,159.48168452533213,937,0.5237889656817714,0.5237889656817714,,14.0,76,155753,159451,51.673187255859375,48.612213134765625,3,3000.0,0.0036026181586618932,11.871152414594377,2.33691953931536,0.008958550045334704,0.11230121848306486,0.9984756310162224,35,1.2337721139888247,0.6714095512845364,0.6760731935501099,0.2196545284780579,0.1896497681135791,0.41316526610644255,0.4632461163623943,0.21370214752567693,0.21077165638948872,0.014822595704948646,0.01382881981221935,0.04003267973856209,0.034057407812072484,0.09862278244631185,0.08844623151024607,0.4993712306022644,0.2874303460121155,9.959617273125332e-06,0.9996442198753357,0.007830429822206497,0.5721306800842285,-0.9998857975006104,0.9998420476913452
26635.656,2820660,564480,735,109.27717700626248,938,0.5239603020586572,0.5304707187253238,241.99999999999054,11.833333333333334,76,156027,159743,47.94889831542969,46.613433837890625,3,3000.0,0.009872913896106183,718.1029281616211,2.4935536623001098,0.012540093206012126,0.19123968535568564,0.8989946075269548,10,1.3245974961396014,0.5096832811117965,0.5138813853263855,0.23453237410071942,0.18239010167367098,0.3600908746686861,0.4697702490928846,0.21764483150321848,0.19669048574418715,0.014161302536917834,0.011476109356214409,0.0618705035971223,0.046199491583247515,0.11170011359333586,0.09347356254979532,0.5025588274002075,0.2885788679122925,0.0001435523881809786,0.9999219179153442,0.0021215835586190224,0.5762807130813599,-0.9997941851615906,0.999936580657959
26664.702999999998,2824498,565248,736,132.2035065964179,940,0.49783745947530966,0.510858292808643,477.4000000000701,10.833333333333334,76,156233,159965,50.171173095703125,50.471954345703125,3,3000.0,-0.011846069548348034,1101.766842453568,2.502384574324996,0.007863329302985554,0.11029664147645235,0.7649984288613028,54,1.2810489209044515,0.6631971858770594,0.6657879948616028,0.2304333221363789,0.2072485408874438,0.3654685925428284,0.4003575095553329,0.22315530175792184,0.2158194144720775,0.013212406225506661,0.015798124432116954,0.036166162803717386,0.03045936392167297,0.13156421453364686,0.13031704673135588,0.5059436559677124,0.28923097252845764,0.00012282309762667865,0.9997908473014832,0.014622116461396217,0.5785771012306213,-0.9997686147689819,0.9999746084213257
26694.297000000002,2828338,566016,737,129.82622219216398,940,0.5266039418138688,0.5266039418138688,,19.166666666666668,76,156542,160224,46.783199310302734,48.955440521240234,3,3000.0,-0.0018267248245441199,8.307950715223948,2.54920052157508,0.0017153746867117365,0.0038380678896727557,0.9981767301535391,72,1.3141421746712492,0.5738987089967627,0.5709090828895569,0.27995714521180154,0.24906977940514544,0.3277567166639196,0.38003274144653165,0.21303774517883634,0.198366068365203,0.012774023405307401,0.013087479797427656,0.052744354705785396,0.04519050716272165,0.11373001483434976,0.11425342382297056,0.5012181401252747,0.2903442978858948,2.5904484573402442e-05,0.9998915195465088,0.0032322935294359922,0.5766313672065735,-0.9999288320541382,0.9997225999832153
26720.781,2832178,566784,738,145.0753711889527,941,0.5166333923441785,0.5231438090108451,464.5000000000371,12.833333333333334,76,156800,160525,54.29014587402344,52.01021957397461,3,3000.0,0.0022903613996906923,196.2610545525184,2.624521851539612,0.003232127529478654,0.028693552863282654,0.9596933212808763,26,1.3423505095598505,0.5798241003554743,0.5771132111549377,0.2479025492094224,0.2387781454561613,0.32212003872216843,0.3452675482900769,0.21200387221684414,0.20874456087083076,0.012342691190706679,0.011347325484824857,0.06389157792836399,0.0601795714988664,0.14173927073249434,0.1356828483992398,0.5014654994010925,0.28883612155914307,8.587806951254606e-05,0.9998469352722168,0.013411110267043114,0.5751370191574097,-0.9999883770942688,0.999885082244873
26748.109,2836018,567552,739,140.59753954306788,941,0.5104447173962628,0.5104447173962628,,10.833333333333334,76,157080,160817,52.25237274169922,49.890933990478516,3,3000.0,-0.002357835260530313,5.912697712580363,2.6364614963531494,0.017766905172417562,0.252733846505483,0.9988379741482616,6,1.3750930374274448,0.522944255062971,0.5184314250946045,0.20781032078103207,0.19214661730861873,0.30412667158913775,0.32709004093990834,0.18541307736483714,0.17726417119648943,0.009270653868241857,0.008400924552484633,0.06924275986545246,0.06728679253105922,0.2241365165312987,0.2278114534714396,0.5015155076980591,0.2885574996471405,0.0006271262536756694,0.999862790107727,-0.0022902144119143486,0.5750954747200012,-0.9999095797538757,0.9999725818634033
26768.172000000002,2839858,568320,740,191.54985783403316,941,0.48911717893242884,0.48911717893242884,,9.333333333333334,76,157277,161023,50.837100982666016,49.44538116455078,3,3000.0,0.0018261985721808203,4.6603288650512695,2.5074390923535383,0.011266664678875419,0.16809762376188128,0.9988190731188415,54,1.2699036286256025,0.4983735240191403,0.5000597834587097,0.115303738317757,0.10684894420051479,0.35899532710280374,0.3861671768526255,0.1300233644859813,0.1228943385055547,0.012032710280373832,0.010726635064043675,0.0641355140186916,0.05509004979368974,0.3195093457943925,0.31827285558357155,0.5045254826545715,0.2882676124572754,3.979840039392002e-05,0.9999561905860901,0.003857665229588747,0.5747613310813904,-0.9996339678764343,0.9999170303344727
26795.827999999998,2843698,569088,741,138.92406208171042,941,0.49100700445396644,0.49100700445396644,,13.666666666666666,76,157535,161255,48.96752166748047,51.55192565917969,3,3000.0,-0.004038400641134517,9.738068226611976,2.565122178106597,0.004901219689611882,0.048780033248476684,0.9968699918119783,66,1.3001485479391062,0.5054677278492227,0.5046225190162659,0.1348430746100357,0.1246180837500188,0.3142266491261041,0.35157221498424307,0.14771659462507047,0.139789914622613,0.010618304829919187,0.010070463478602182,0.05149408006013907,0.04743455930062693,0.34110129674873146,0.326514763863896,0.5027114748954773,0.28787800669670105,1.5722413081675768e-05,0.999884843826294,0.0036188880912959576,0.5735276937484741,-0.9999537467956543,0.9997361898422241
26819.999999999996,2847531,569856,742,158.6769332671274,943,0.4668121568426731,0.4798329901760064,553.1500000000572,9.833333333333334,76,157697,161450,53.48235321044922,55.37752151489258,3,3000.0,-0.007313897328761716,268.3375948270162,2.5335738162199655,0.006235340549096886,0.09435439459048212,0.957999306223302,48,1.2483410199641944,0.5075764766620223,0.5080254673957825,0.12131802296555168,0.11504301826536847,0.3406140788816775,0.3795000067913399,0.14166250624063903,0.13374569124972993,0.011108337493759361,0.009106879013927139,0.05479281078382427,0.04666382268995378,0.33050424363454817,0.3159405819896808,0.4983903467655182,0.29059916734695435,0.00013199342356529087,0.9999339580535889,-0.009200533851981163,0.5718450546264648,-0.9997994303703308,0.9997498989105225
26846.469,2851370,570624,743,145.12531659924414,944,0.4965055459958711,0.5030159626625378,486.9000000000422,11.666666666666666,76,157870,161617,41.170528411865234,35.454978942871094,3,3000.0,-0.012187318665113437,191.0781726130733,2.6041783226860895,0.01013027341289028,0.14679057940978696,0.9762546718750229,54,1.3257978740491365,0.45931843111365017,0.4612719416618347,0.15394736842105264,0.13715129877732207,0.29276315789473684,0.34675196842310013,0.14407894736842106,0.12874102955842484,0.01293859649122807,0.011962253069396286,0.059978070175438596,0.048442604020327115,0.3362938596491228,0.32695084615142955,0.49616754055023193,0.28758537769317627,4.178404196863994e-05,0.999703586101532,0.019013386219739914,0.5799296498298645,-0.9995962381362915,0.9998797178268433
26868.687,2855209,571392,744,172.90456244650582,945,0.49281190950622883,0.49932232617289546,832.4000000001207,10.166666666666666,76,158042,161803,48.43605041503906,47.013938903808594,3,3000.0,-0.0059525348551687784,54.59230731924375,2.6115590035915375,0.009316908502095449,0.09407560964852262,0.9934636105312162,48,1.3262170597858005,0.514562594757552,0.5184886455535889,0.14903403863845446,0.1421463360104042,0.3226442370876593,0.3361086463384652,0.156130897621238,0.15006699058372677,0.011828098304639243,0.015251753441842342,0.06544881061900382,0.06878297456131871,0.2949139177290051,0.2876432990642428,0.5021908283233643,0.2888656258583069,0.0002320498606422916,0.9999844431877136,0.010003097355365753,0.5725262761116028,-0.9998887181282043,0.9996601343154907
26897.297000000002,2859046,572160,745,134.1889906973275,947,0.5037728719613809,0.5167937052947141,395.6000000000308,12.333333333333334,76,158204,161962,49.67918014526367,46.177757263183594,3,3000.0,0.007091104780556634,1013.9023234049479,2.659301981329918,0.016551247054387375,0.2726006795128342,0.8828436082421841,48,1.3352066525555069,0.5060701279656146,0.5127758979797363,0.1614508314783292,0.14570262631235312,0.2923923006416132,0.3330720579958816,0.16629566583737068,0.15645639738093048,0.006416131989000917,0.007941713728060712,0.07764829121382742,0.06543112843691427,0.2957967788398586,0.29139607614585983,0.5070855617523193,0.2873706519603729,4.168531813775189e-05,0.9997333884239197,0.013048477470874786,0.5749183297157288,-0.9999515414237976,0.9999067783355713
26929.327999999998,2862883,572928,746,119.84632683659675,948,0.515346791284625,0.5218572079512916,506.2000000000466,13.666666666666666,76,158431,162186,55.58588409423828,53.200653076171875,3,3000.0,-0.010199570485962216,134.32120778343895,2.655188961462541,0.0066941825076637105,0.0884470294607154,0.9349662689478336,66,1.3660572791060948,0.46443227127491304,0.4586355686187744,0.1338370210469509,0.1230908595635555,0.2654254362295377,0.29849870959817226,0.19571865443425077,0.1926805328545378,0.006745817593092283,0.006339210066555384,0.09462133477244108,0.08879370694662825,0.3036517359237273,0.2905969809705508,0.496226966381073,0.2878077030181885,0.00010042109352070838,0.999985933303833,0.00037112709833309054,0.5761709213256836,-0.9999178051948547,0.9999685287475586
26954.594,2866722,573696,747,152.03960396039605,949,0.5179015042107425,0.5244119208774092,83.89999999999951,12.166666666666666,76,158609,162378,59.42612075805664,54.284423828125,3,3000.0,-0.006204852539425095,1086.5515430688858,2.659727895259857,0.004888094023842673,0.05271331663437498,0.5592249972419747,60,1.3792488521827972,0.5136792729144495,0.5176470875740051,0.15535062829347385,0.1377643287750687,0.28931901094446694,0.33491172255641755,0.18240778273206323,0.17771355953991225,0.006181597081475476,0.005509742825524775,0.09941224158897446,0.09117200750977572,0.267328739359546,0.252928638793301,0.49557918310165405,0.29086410999298096,7.611785258632153e-05,0.9999098777770996,0.006860672030597925,0.57608562707901,-0.9999766945838928,0.9999997615814209
26977.562,2870561,574464,748,167.25482507732218,950,0.5052145032968515,0.5117249199635182,391.9000000000206,10.333333333333334,76,158782,162567,49.93226623535156,47.28282165527344,3,3000.0,-0.005354374474673359,296.34583565040873,2.6545207809518883,0.006315491581796517,0.08756559824838338,0.9108303025880329,54,1.3699293849633962,0.5352144928761716,0.5442981719970703,0.13760262725779968,0.12469740793967318,0.28221127531472356,0.3237037610896152,0.19715380405035576,0.1911179759989671,0.0049261083743842365,0.005011424639516834,0.08549534756431308,0.07875862763123173,0.29261083743842364,0.276710802700996,0.5019869208335876,0.29002758860588074,2.644288724695798e-05,0.9995874166488647,-9.030517685459927e-05,0.5807804465293884,-0.9999706745147705,0.9999760389328003
26999.452999999998,2874401,575232,749,175.54285714285714,950,0.5199792391472852,0.5199792391472852,,11.0,76,159028,162809,46.73712158203125,44.5615234375,3,3000.0,0.004018976650761694,3.629208409424984,2.678628773400278,0.006350698865851065,0.08766234426928515,0.9986269691052689,66,1.371408694541719,0.5629656729851114,0.5615132451057434,0.12416400116312881,0.12281227905820317,0.2527866627895706,0.2639923414130204,0.20635843753028982,0.19874427632062927,0.0076572647087331585,0.008052387946803295,0.10061064262867113,0.09970871661556366,0.3084229911796065,0.30668999864578017,0.49896353483200073,0.2876927852630615,4.7115165102695755e-07,0.9999946355819702,0.010064679197967052,0.5764604210853577,-0.9999799728393555,0.9997861385345459
27031.891,2878236,576000,750,118.28388131516125,953,0.4867173272701624,0.5062485772701625,298.0000000000053,7.5,76,159179,162996,47.650264739990234,46.45016098022461,3,3000.0,-0.007160819618514291,1731.3999537715206,2.6463285375524452,0.006826681345958121,0.100892191785129,0.7445462799811406,54,1.372000704332829,0.5450485389660119,0.5557183027267456,0.1321907957813998,0.11568583297690752,0.27109300095877276,0.2940980364161349,0.199784276126558,0.187483750322351,0.006711409395973154,0.0065515076664747944,0.10438638542665388,0.09610343198203311,0.28583413231064236,0.3000774406360987,0.5002221465110779,0.28784725069999695,1.3264849258121103e-05,0.999797523021698,0.011937454342842102,0.5767121315002441,-0.9998871088027954,0.9999310970306396
27064.124999999996,2882075,576768,751,119.15329463981871,954,0.5245646903483466,0.5310751070150133,455.90000000003516,18.833333333333332,76,159466,163220,52.80632019042969,49.524112701416016,3,3000.0,-0.005325814818634707,186.82670783996582,2.6483219441245582,0.005648453551616757,0.06284923913121662,0.9657137017065189,34,1.3909563792124089,0.4962456867211675,0.49224090576171875,0.13110771168901286,0.11809500451257862,0.2938900386934221,0.33510681267855696,0.21596328624133898,0.20045388619170548,0.007378745613245748,0.007516206487547513,0.11518041932871412,0.10278605079426749,0.23647979843426617,0.23604203933534396,0.49506455659866333,0.2899703085422516,0.00010148550063604489,0.9998899698257446,0.0072520761750638485,0.5786099433898926,-0.999995231628418,0.999774694442749
27095.577999999998,2885915,577536,752,122.149060024819,954,0.5186868185489703,0.5186868185489703,,19.0,76,159732,163485,51.33978271484375,51.20246887207031,3,3000.0,0.004099671601175537,5.4380612081951565,2.6369529777103002,0.009202423248724598,0.11570566195942876,0.9987829688940792,90,1.343051286015228,0.45791957083637835,0.4537885785102844,0.0844151384023628,0.08072030793553464,0.2874510611992582,0.3090315170288168,0.26354832062641664,0.25077741423939903,0.0075554639741740506,0.006805329026840491,0.08043134830688921,0.07528634728797405,0.2765986674908991,0.27737908448143495,0.4979625642299652,0.2876085340976715,5.5104366765590385e-05,0.9996583461761475,0.00016845730715431273,0.5753388404846191,-0.9998878836631775,0.9998681545257568
27123.577999999998,2889755,578304,753,137.221269296757,955,0.48317101606804497,0.48968143273471165,224.49999999999153,12.166666666666666,76,159935,163734,51.48173141479492,49.516170501708984,3,3000.0,-0.009929143877040284,742.527942830866,2.585245551485004,0.006421153014127036,0.06686128493730036,0.832515544148125,66,1.3062345145089285,0.5157890108658109,0.521219789981842,0.08571428571428572,0.0811295235843658,0.30552380952380953,0.32520096495062156,0.2756190476190476,0.2589557372262431,0.005714285714285714,0.0049717599550573215,0.06980952380952381,0.06626757932989785,0.25761904761904764,0.2634744349538144,0.4994913637638092,0.28783366084098816,0.00021634585573337972,0.999998927116394,0.00016503760707564652,0.5781258344650269,-0.9997989535331726,0.9999294281005859
27151.172000000002,2893593,579072,754,139.16890274856095,956,0.5051915590224354,0.511701975689102,270.29999999999296,16.833333333333332,76,160133,163909,48.31238555908203,51.2274169921875,3,3000.0,-0.0095009781954879,600.9376708136665,2.5891326091907643,0.004639397068570267,0.06198375125812298,0.8955181132524694,54,1.3036665514552783,0.5251202126589446,0.5264506936073303,0.10569476082004556,0.10042370658138615,0.3173120728929385,0.338440887842279,0.2662870159453303,0.2669764723172508,0.006719817767653759,0.007768707501555105,0.05091116173120729,0.04939141287309591,0.2530751708428246,0.23699881288443303,0.5032919645309448,0.2910550832748413,4.371356772026047e-05,0.9998894333839417,0.014724958688020706,0.574077844619751,-0.9996855854988098,0.9999897480010986
27188.016,2897433,579840,755,104.26566021342471,957,0.5198770936724605,0.5263875103391271,256.4999999999898,18.833333333333332,76,160380,164149,53.99092483520508,52.837181091308594,3,3000.0,-0.019119398670885315,570.5887327397123,2.561498834731731,0.009984445872393269,0.14621915234540134,0.9224991363697446,47,1.3595923771408245,0.43049993982037554,0.4371894896030426,0.12084382324854588,0.08770861318246263,0.26477992881326506,0.3413539712274467,0.2645194895390225,0.2329524442020896,0.008334056775761784,0.007100952502187406,0.0671065196631652,0.05659237192656352,0.2744161819602396,0.2742916469592501,0.5034538507461548,0.28773632645606995,3.9095924876164645e-05,0.9999555349349976,0.0036624795757234097,0.5745623707771301,-0.9999423623085022,0.9998250007629395
28597.577999999998,2901267,580608,756,101.35349476577838,959,0.4877854807252791,0.5008063140586124,472.2000000000388,17.5,76,160609,164396,48.61861038208008,45.33957290649414,3,3000.0,-0.006695776424344836,390.0439902411567,2.5273366736041174,0.007493249916175652,0.10700847791870022,0.9616665261410196,72,1.3023922892011834,0.5037904536659353,0.5065942406654358,0.11724429416737109,0.08953555409864118,0.27709213863060017,0.3504459746062138,0.28706677937447167,0.2656113194766531,0.007016060862214709,0.00806001629157895,0.03888419273034658,0.03590658748976786,0.2726965342349958,0.25044054803714516,0.4978809356689453,0.28952544927597046,2.9240460207802244e-05,0.9998557567596436,0.0042752670124173164,0.5771543383598328,-0.9997497797012329,0.9996453523635864
28628.687,2905107,581376,757,138.9290882778611,959,0.5033353991898307,0.5033353991898307,,16.166666666666668,76,160854,164649,49.564693450927734,53.56256866455078,3,3000.0,-0.0022460537301311786,14.128252691692776,2.5299237271149955,0.0027798009719613406,0.017889944590731628,0.9979030521637837,72,1.2779233131869692,0.5231457158208181,0.5215740203857422,0.12287670075213386,0.11444730824914003,0.3119242795571706,0.34261268217862917,0.2608805881855827,0.2512845086808249,0.00743682920645652,0.0067148057487970945,0.028902222597819657,0.025016979108592186,0.26797937970083663,0.2599237160340166,0.49934348464012146,0.28798529505729675,6.415525422198698e-05,0.9999493956565857,0.0123099060729146,0.5751959681510925,-0.9999244213104248,0.9998271465301514
28655.702999999998,2908947,582144,758,142.22222222222223,959,0.5022474334317444,0.5022474334317444,,10.166666666666666,76,161074,164905,51.587974548339844,54.91702651977539,3,3000.0,-0.004544941278061632,8.233692494305698,2.559722181522485,0.00624076321994199,0.07941440299548434,0.9986300343568911,66,1.2855643669184107,0.48380760889035584,0.48230913281440735,0.13366788321167883,0.12205875930571547,0.3136861313868613,0.33448327770312847,0.2592153284671533,0.2571566333519511,0.00666058394160584,0.006048575678536847,0.027645985401459853,0.027413838184454246,0.2591240875912409,0.25283891577621387,0.49759441614151,0.29039156436920166,3.685272895381786e-05,0.9998819828033447,0.01171411108225584,0.5748046636581421,-0.9999042749404907,0.9993820190429688
28683.327999999998,2912782,582912,759,138.90398058605717,961,0.4866813477491556,0.4997021810824889,598.7500000000676,11.5,76,161261,165094,49.492130279541016,51.154747009277344,3,3000.0,-0.003373534227228867,404.2688532609206,2.5129052797953286,0.007268365417152706,0.09119373930242056,0.9384340309992756,39,1.2595708691373981,0.4994894929474879,0.4948268234729767,0.13074127106509528,0.11017068329445537,0.31644454235047914,0.3718299778598682,0.2707346624077542,0.26158433037550366,0.005507214450930719,0.004168652328213457,0.024452032162132393,0.02153078064879983,0.25212027756360833,0.23071557549315946,0.5003042817115784,0.28830698132514954,0.0002136579278158024,0.999852180480957,0.011171686463057995,0.5740303993225098,-0.9998085498809814,0.9999208450317383
28713.656,2916618,583680,760,126.55054103986022,962,0.5140113767379128,0.5205217934045794,436.10000000003066,19.333333333333332,76,161524,165315,50.37642288208008,45.24889373779297,3,3000.0,0.021736091148341075,296.53222274780273,2.5798268914222717,0.007408151716371806,0.09144476221990772,0.9406652096765927,16,1.2718838992614825,0.43034205585718155,0.4254261255264282,0.1147740088487898,0.09964564942670726,0.24212717966513403,0.284518510176498,0.2734449553222868,0.2568577727801498,0.00641971024551054,0.005683928703773955,0.02324976142968682,0.021796914941225223,0.33998438448859203,0.33149722397164577,0.4999104142189026,0.2880142629146576,9.787866292754188e-05,0.9999273419380188,-0.004482429940253496,0.5797750949859619,-0.9999196529388428,0.9995945692062378
28739.266,2920458,584448,761,150.03516449169342,962,0.5102554532864733,0.5102554532864733,,17.666666666666668,76,161739,165540,57.99582290649414,55.89678192138672,3,3000.0,0.0020597555681667996,3.947146191741481,2.522741754849752,0.007789313313061301,0.10698000160680915,0.9990897199441406,66,1.2312126316066292,0.4972276621426173,0.49748027324676514,0.1233693626537458,0.11346114533559923,0.16380916884084978,0.19008533812320103,0.3163436451733135,0.3019178605572028,0.005031680954155795,0.004357317444296681,0.022083488632128216,0.0213748759736245,0.36936265374580696,0.36880346256607577,0.49921151995658875,0.28779032826423645,0.0003104163915850222,0.9999455809593201,0.0019542628433555365,0.5778802633285522,-0.9998908638954163,0.9999160766601562
